snomed_code,description
241006,Epilepsia partialis continua
290006,Melnick-Fraser syndrome
354002,Malignant peripheral nerve sheath tumour with rhabdomyoblastic differentiation
359007,Kernicterus due to isoimmunisation
368009,Heart valve disorder
378007,Morquio syndrome
407000,Congenital hepatomegaly
511008,Fibrous meningioma
613003,Fragile X syndrome
626004,Hypercortisolism due to nonpituitary tumour
803009,Paraganglioma
835009,Angioimmunoblastic T-cell lymphoma
841002,Congenital absence of skull bone
900006,Mucin-producing adenocarcinoma
985004,Schwannoma
998008,Chagas' disease with heart involvement
999000,Mixed islet cell and exocrine adenocarcinoma
1287007,Congenital absence of bile duct
1338007,Basal cell carcinoma
1386000,Intracranial haemorrhage
1443001,Chromophobe carcinoma
1512006,Congenital stricture of bile duct
1513001,Melanotic neuroectodermal tumour
1534008,Palsy of conjugate gaze
1542009,Omphalocele with obstruction
1563006,Protein S deficiency disease
1586004,Subependymal giant cell astrocytoma
1593000,Infantile hemiplegia
1623000,Myxopapillary ependymoma
1694004,Accessory lobe of lung
1752006,Clear cell adenoma
1761006,Biliary cirrhosis
1779005,Mohr syndrome
1829003,Microcephalus
1856001,Accessory nose
1857005,Congenital rubella syndrome
1922008,Congenital absence of urethra
1926006,Osteopetrosis
1929004,"Malignant lymphoma, non-Hodgkin"
2026006,Serous adenofibroma
2109003,Isolated somatotropin deficiency
2221008,"Mesonephroma, malignant"
2227007,Adrenal cortical carcinoma
2348006,Adenomatoid tumour
2391001,Achondrogenesis
2438005,Iniencephaly
2495006,Congenital cerebral arteriovenous aneurysm
2557004,Chronic leukaemia
2584003,Cerebral degeneration in childhood
2593002,Dubowitz's syndrome
2710003,Fibrolipoma
2735009,Papillary cystadenocarcinoma
2829000,Uhl's disease
2884008,Weill-Marchesani syndrome
2897005,Immune thrombocytopenia
2962009,Adenofibroma
2985005,"Paget's disease, mammary"
2992000,Pigmentary pallidal degeneration
3072001,Hormone-induced hypopituitarism
3102004,"Oligodendroglioma, anaplastic"
3272007,Stomatocytosis
3545003,Diastolic dysfunction
3650004,Congenital absence of liver
3738000,Viral hepatitis
3815005,Crohn's disease of rectum
3833004,Odontogenic tumour
3839000,Lipid-rich carcinoma
3845008,Congenital duplication of intestine
3898006,"Neoplasm, benign"
3987009,Congenital absence of trachea
4079000,Mucoepidermoid carcinoma
4195003,Congenital duplication of anus
4223005,Parkinsonism due to drug
4230004,Pacinian tumour
4305004,Metastatic signet ring cell carcinoma
4320005,Factor V deficiency
4325000,11q partial monosomy syndrome
4374004,Congenital anomaly of tricuspid valve
4463009,"Familial amyloid polyneuropathy, type II"
4553004,Subependymal glioma
4584002,Scirrhous adenocarcinoma
4590003,"Adenocarcinoma, metastatic"
4602007,Robin sequence
4631006,Tubular adenocarcinoma
4711003,Congenital anomaly of bile ducts
4797003,Papillary adenocarcinoma
4854004,Acquired haemolytic anaemia
4896000,Acute toxic hepatitis
4935000,Adenocarcinoma in situ in villous adenoma
4945003,Microgyria
4950009,Sezary syndrome
4973001,Left bundle branch hemiblock
4977000,Eccrine spiradenoma
4996001,Hypophosphataemia
5014008,"Leydig cell tumour, benign"
5052009,Merkel cell carcinoma
5102002,Agenesis of corpus callosum
5127009,Jaw-winking syndrome
5153001,Ectopic anus
5178002,"Synovioma, benign"
5187006,Prune belly syndrome
5217008,Stiff-person syndrome
5230009,Congenital absence of coronary artery
5244003,Intraductal papilloma
5257006,Follicular adenocarcinoma
5262007,Spinal muscular atrophy
5300004,Haemoglobin Bart's hydrops syndrome
5432003,Transposition of appendix
5565008,Congenital diverticulum of trachea
5600009,Schneiderian carcinoma
5601008,Klippel-Feil sequence
5619004,Bardet-Biedl syndrome
5658009,Adenocarcinoma in tubulovillous adenoma
5688000,Squamous cell carcinoma in situ with questionable stromal invasion
5843004,Basaloid carcinoma
5919001,Rupture of papillary muscle
5958006,"Small cell carcinoma, intermediate cell"
6118003,Demyelinating disease of central nervous system
6204001,Juvenile myoclonic epilepsy
6210001,Cardiac ventricular dilatation
6219000,"Neoplasm, malignant, uncertain whether primary or metastatic"
6250003,Fibromyxosarcoma
6296006,Congenital dilatation of trachea
6374002,Bundle branch block
6379007,Multiple adenomatous polyps
6381009,Heavy chain disease
6437002,Ameloblastic fibrodentinoma
6475002,"Primary degenerative dementia of the Alzheimer type, presenile onset, uncomplicated"
6477005,Malrotation of colon
6479008,Partial albinism
6492006,Klatskin's tumour
6641007,Metatypical carcinoma
6669004,Cystathioninaemia
6807001,Central pontine myelinolysis
6842002,Desmoplastic fibroma
7010000,Carcinomatosis
7033004,Absence status epilepticus
7265005,"Glycogen storage disease, type I"
7300000,Lymphoepithelial carcinoma
7305005,Coarctation of aorta
7379000,Pseudobulbar palsy
7429002,Glomangioma
7438000,Congenital atresia of aorta
7481002,Congenital atresia of epiglottis
7538002,Drug-induced intrahepatic cholestasis
7573000,Classical phenylketonuria
7601009,Double urinary meatus
7603007,Platyspondylia
7611002,Septo-optic dysplasia sequence
7620006,Crohn's disease of large bowel
8032007,Congenital anomaly of thyroid cartilage
8097004,Alveolar adenoma
8145008,"Mixed tumour, malignant"
8186001,Cardiomegaly
8241005,Haemolymphangioma
8301004,Caudal regression syndrome
8360001,Pleomorphic adenoma
8587003,Congenital diverticulum of colon
8649001,Congenital anomaly of thoracic cage
8664001,Fibromyxoma
8722008,Aortic valve disorder
8900005,Hypoproteinaemia
8933000,"Crigler-Najjar syndrome, type I"
8934006,Papillary syringadenoma
8986002,Transposition of colon
9001003,Chondroblastoma
9111008,Glucoglycinuria
9133005,"Familial amyloid polyneuropathy, Iowa type"
9147009,Osteopoikilosis
9155002,Squamous odontogenic tumour
9266000,Juxtacortical chondroma
9294008,Spermatocytic seminoma
9311003,Hermansky-Pudlak syndrome
9360008,Hyperammonaemia
9395006,Sarcomatosis
9436005,Basophil adenoma
9527009,Tetrasomy 12p syndrome
9618003,Epithelial-myoepithelial carcinoma
9651007,Long QT syndrome
9660004,Congenital stenosis of trachea
9671003,Elastofibroma
9707006,Intestinal volvulus
9740002,Macroencephaly
9801004,Spindle cell sarcoma
9903002,"Paraganglioma, malignant"
9904008,Congenital anomaly of cardiovascular system
10041001,Tracheal stenosis following tracheostomy
10060008,Eccrine papillary adenoma
10069009,"Giant cell tumour of bone, malignant"
10288008,"Squamous cell carcinoma, spindle cell"
10376009,Papillary carcinoma in situ
10394003,Friedreich ataxia
10406007,Lesch-Nyhan syndrome
10438002,Glomus tumour
10451007,Double aortic arch
10633002,Acute congestive heart failure
10639003,Plasmacytoma
10649000,Hyperpituitarism
10705005,Mucinous adenofibroma
10741005,Lipid storage disease
10818008,Congenital malposition of heart
10930001,Congenital atresia of pulmonary artery
11063000,Ameloblastic fibroma
11073003,Mixed liposarcoma
11179002,"Glycogen storage disease, type IV"
11197005,Hydromyelia
11266002,Upper oesophageal web
11282001,Homocystinuria
11380006,Mucopolysaccharidosis
11399002,Pulmonary arterial hypertension
11467009,Capillary lymphangioma
11506001,Hilus cell tumour
11538006,Quadriplegia
11671000,Adenoid cystic carcinoma
11793003,Mesoblastic nephroma
11851006,Mitral valve disorder
11862006,Drug-induced myelopathy
12060004,Ganglioneuromatosis
12070002,Congenital stenosis of larynx
12169001,Granular cell tumour
12205003,Chief cell adenoma
12252009,Congenital absence of sternum
12302002,Small cell osteosarcoma
12323008,"Androblastoma, malignant"
12354007,"Retinoblastoma, undifferentiated"
12368000,Secondary biliary cirrhosis
12400006,Papillary transitional cell carcinoma
12478003,"Squamous cell carcinoma, microinvasive"
12579009,Familial Mediterranean fever
12622007,Clear cell sarcoma (except of Kidney M-89643)
12690005,Fibroblastic osteosarcoma
12897005,Congenital stricture of ureteropelvic junction
12933008,Sweat gland tumour
12943006,Polar spongioblastoma
13025001,Pseudopolyposis of colon
13071008,Mesonephric tumour
13092008,Pick's disease
13213009,Congenital heart disease
13236000,Congenital spondylolisthesis
13238004,"Granular cell tumour, malignant"
13306007,Pipecolic acidaemia
13530005,Congenital lobulation of kidney
13583002,Mast cell sarcoma
13630003,Congenital absence of lobe of liver
13644009,Hypercholesterolaemia
13649004,Brachycephaly
13671009,Congenital stricture of urethra
13806003,Congenital anomaly of urethra
13867009,Preductal coarctation of aorta
13875003,Glomangiosarcoma
13886001,Sickle cell nephropathy
13973009,Grand mal status
14210003,Lipofuscinosis
14269005,Embryonal rhabdomyosarcoma
14289006,Myopathy in hypopituitarism
14317002,Acute erythroid leukaemia
14430002,Congenital stenosis of small intestine
14447001,Dandy-Walker syndrome
14494009,Meningeal sarcomatosis
14537002,Hodgkin lymphoma
14637005,Late-infantile neuronal ceroid lipofuscinosis
14799000,"Neoplasm, metastatic"
14886009,Abdominal heart
14900002,Hypopituitarism due to radiotherapy
14921002,Aarskog syndrome
14990007,"Chondrosarcoma, no ICD-O subtype"
15069006,Russell-Silver syndrome
15096009,Congenital insufficiency of pulmonary valve
15160007,Virilisation
15176003,Adenocarcinoma with squamous metaplasia
15182000,Coffin-Lowry syndrome
15241006,Disorder of autonomic nervous system
15244003,Neuroleptic malignant syndrome
15276008,Drug-induced enzyme deficiency anaemia
15346004,Familial hypoalphalipoproteinaemia
15459006,Endocardial cushion defect
15539009,Hydrops fetalis due to isoimmunisation
15582005,Congenital absence of lobe of lung
15619004,"Hepatocellular carcinoma, fibrolamellar"
15674004,Serous surface papillary carcinoma
15702005,"Fibrous mesothelioma, benign"
15771004,Diabetes insipidus
15788006,Congenital cleft thyroid cartilage
15802004,Dystonia
15843004,Congenital absence of vertebra
15890002,Albinism
15949004,"Thymoma, malignant"
15999000,Mixed micro and macronodular cirrhosis
16026008,Congenital cerebellar hypoplasia
16090008,Myxoid leiomyosarcoma
16107003,Adult rhabdomyoma
16171003,Double athetosis
16189002,Gastrinoma
16297002,Congenital hydronephrosis
16360009,Delta beta thalassaemia
16376000,Congenital duodenal stenosis
16507009,Ectopic kidney
16567006,Mesocardia
16573007,Senile cardiac amyloidosis
16576004,Shy-Drager syndrome
16652001,Fabry's disease
16741004,Pleomorphic carcinoma
16784003,Amino acid transport disorder
16797001,Accelerated atrioventricular conduction
16851005,Mitochondrial myopathy
16893006,"Hodgkin lymphoma, lymphocyte depletion, diffuse fibrosis"
16972009,Congenital aneurysm of aorta
17024001,Aortopulmonary window
17025000,Vascular Ehlers-Danlos syndrome
17122004,4p partial monosomy syndrome
17128000,Congenital eventration of diaphragm
17144009,Fibrochondrogenesis
17182001,Agranulocytosis
17190001,Congenital diaphragmatic hernia
17234001,Allantoic cyst
17264009,Carcinoma ex pleomorphic adenoma
17302008,Cerebellar sarcoma
17338001,Ventricular premature beats
17450006,Myoclonus
17602002,Amyloidosis
17718000,Ostium primum defect
17788007,"Acute myeloid leukaemia, no ICD-O subtype"
17808001,Azygos lobe of lung
17818006,Leri-Weill dyschondrosteosis
17869006,Anomalous atrioventricular excitation
17890003,Hepatic infarction
17901006,Primary hyperoxaluria
17940001,Toxic neuromuscular junction disorder
17944005,Cerebral calcification
18021007,Choroid plexus papilloma
18048008,"Squamous cell carcinoma, keratinising"
18077009,Trichorhinophalangeal syndrome
18105004,"Endometrioid adenofibroma, malignant"
18273004,Unstable haemoglobin disease
18348002,Queyrat's erythroplasia
18365006,Adrenal cortical adenoma morphology
18389004,Microcolon
18546004,Congenital stenosis of aortic valve
18588008,"Synovial sarcoma, biphasic"
18604004,Factor XIII deficiency disease
18620009,Congenital sequestration of lung
18680006,Intraductal carcinoma and lobular carcinoma in situ
18735004,Congenital omphalocele
18799007,Invasive hydatidiform mole
18842008,Corticobasal degeneration
18854008,"Struma ovarii, malignant"
18861007,"Granulosa cell tumour, malignant"
18977007,"Adrenal cortical adenoma, clear cell"
19042000,Congenital prolapse of urethra
19071004,Epithelioid leiomyoma
19092004,Holt-Oram syndrome
19134004,Fascial fibrosarcoma
19276002,Congenital cerebral cyst
19303008,Alcohol myopathy
19329008,"Adrenal cortical adenoma, glomerulosa cell"
19340000,"Malignant lymphoma, lymphoplasmacytic"
19346006,Marfan's syndrome
19373007,External ophthalmoplegia
19387007,Ectopic pancreas
19410003,Macrocephaly
19442009,Heterozygous thalassaemia
19453003,Benign meningioma
19467007,"Teratoma, malignant"
19557000,Hyperexplexia
19598007,Generalised epilepsy
19756007,"Gastrinoma, malignant"
19829001,Disorder of lung
19906005,Retinoblastoma
19929002,Angiomyolipoma
19943007,Cirrhosis of liver
20018005,Occlusion of ureter
20022000,Hemiparesis
20052008,Hereditary fructosuria
20059004,Cerebral artery occlusion
20143001,Bilateral bundle branch block
20165001,Hyperphosphataemia
20322005,Chronic respiratory disease in perinatal period
20365006,"Squamous intraepithelial neoplasia, high grade"
20380000,Ameloblastic odontosarcoma
20415001,Progressive sclerosing poliodystrophy
20462008,Ameloblastoma
20667008,Myosarcoma
20721001,Tricuspid valve disorder
20766005,"Ehlers-Danlos syndrome, type 2"
20776008,Adenolymphoma
20810002,Myelolipoma
20815007,Exstrophy of cloaca sequence
20829008,Endometrioid adenofibroma
20852007,Romano-Ward syndrome
20955008,"Insulinoma, malignant"
20957000,Disorder of carbohydrate metabolism
20980008,Progressive infantile idiopathic scoliosis
21008007,Cystadenocarcinoma
21086008,Cockayne syndrome
21109002,Acidophil adenoma
21111006,Complete trisomy 13 syndrome
21181001,"Thymoma, benign"
21326004,Combined small cell carcinoma
21396005,Pleomorphic lipoma
21454007,Subarachnoid haemorrhage
21589007,"Ependymoma, anaplastic"
21634003,Borjeson-Forssman-Lehmann syndrome
21708004,Osteosarcoma
21912003,"Malignant teratoma, intermediate"
21930005,Trabecular adenoma
21964009,Malignant lymphoma
21981000,Single coronary artery
22006008,Hypertelorism
22024005,Lipoadenoma
22053006,Klinefelter syndrome
22066006,Strabismus
22116003,Papillary serous cystadenoma
22197008,Burkitt cell leukaemia
22199006,Nail-patella syndrome
22217002,Mixed glioma
22331004,Acute monocytic leukaemia
22395006,Oesophageal body web
22421007,Congenital absence of bladder
22451001,Primary torsion dystonia
22567005,Pseudoachondroplastic spondyloepiphyseal dysplasia syndrome
22687000,Large cell carcinoma
22694002,Adenocarcinoma with apocrine metaplasia
22764001,Metatropic dysplasia
22830006,Juvenile nephropathic cystinosis
22886006,"Glutaric aciduria, type 2"
23024003,Macrogyria
23109009,Pseudosarcomatous carcinoma
23132008,AL amyloidosis
23238000,Common variable agammaglobulinaemia
23255001,"Cementoblastoma, benign"
23402009,Congenital stricture of ureterovesical orifice
23444003,Mixed acidophil-basophil carcinoma
23501004,Arginase deficiency
23730008,Papilloma (except papilloma of bladder M-81201)
23732000,Primary cerebellar degeneration
23849003,Sandhoff disease
23853001,Disorder of the central nervous system
23939000,Imperfect fusion of skull
24007003,Clear cell sarcoma of kidney
24013007,Hyperleucinaemia
24045002,Intramuscular lipoma
24072005,Acute leukaemia
24327009,Struma ovarii
24369008,Pulmonary sarcoidosis
24482001,Atypical adenoma
24505004,"Carcinoma, diffuse type"
24604009,Medullomyoblastoma
24700007,Multiple sclerosis
24743004,Complement deficiency disease
24750000,Townes syndrome
24752008,Infantile cortical hyperostosis
24814002,Potter's facies
24815001,Sertoli cell tumour with lipid storage
24867002,Severe adrenal insufficiency
24897005,Congenital postural lordosis
25042006,Tracheostomy sepsis
25044007,Neuromyelitis optica
25065001,Haemoglobin E disease
25081006,Nephroblastoma
25109007,Lymphopenic agammaglobulinaemia - short-limbed dwarfism syndrome
25190001,"Adenocarcinoma, intestinal type"
25239006,Lymphangiomyoma
25370001,Hepatocellular carcinoma
25397008,Aqueduct of Sylvius anomaly
25472008,Sickle cell-haemoglobin D disease
25603007,Ossifying fibroma
25606004,"Ehlers-Danlos syndrome, hydroxylysine-deficient"
25642007,Congenital fissure of sternum
25739007,Hyperhydroxyprolinaemia
25792000,Kearns-Sayre syndrome
25816005,Brain stem compression
25874003,"Endometrioid adenofibroma, borderline malignancy"
25889007,Benign fibrous histiocytoma
25896009,Congenital atresia of ileum
25910003,Papillary carcinoma
25972003,Congenital absence of rectum
26019009,"Retinoblastoma, differentiated"
26037005,Radiation-induced myelopathy
26079004,Tremor
26111005,Metabolic myopathy
26138003,Gliomatosis cerebri
26179002,Congenital atresia of oesophagus
26211003,Juxtacortical chondrosarcoma
26315009,Congenital obstruction of small intestine
26360005,Hereditary optic atrophy
26372004,Luteoma
26399002,Ocular albinism
26408002,Congenital tracheocele
26496005,Atypical fibrous histiocytoma
26545006,Macrofollicular adenoma
26594006,Syringobulbia
26638004,Water-clear cell adenoma
26682008,Homozygous beta thalassaemia
26735007,Gynandroblastoma
26780008,Coarctation of pulmonary artery
26888009,"Odontogenic tumour, malignant"
26889001,Myositis
26929004,Alzheimer's disease
27007008,Scarring of papillary muscle
27012009,Hyperkinetic heart disease
27078002,Papillary cystic tumour
27090000,Transitional cell carcinoma
27092008,Ameloblastic fibrosarcoma
27097002,Danish type familial amyloid cardiomyopathy
27230006,Basal cell adenoma
27241008,Chronic ischaemic colitis
27277001,Gouty tophus of heart
27313007,Spindle cell lipoma
27461004,Immunoproliferative small intestinal disease
27503000,Gilbert's syndrome
27637000,Dextrocardia
27718001,Maple syrup urine disease
27742002,VATER association
27849002,Myxoid liposarcoma
27885002,Complete atrioventricular block
27982003,Brown-Séquard syndrome
28016005,Jackson's membrane
28047004,Embryonal carcinoma
28054005,Cutaneous T-cell lymphoma
28055006,West syndrome
28173006,"Follicular adenocarcinoma, well differentiated"
28189009,Mobitz type II atrioventricular block
28237007,Melanotic neurofibroma
28307001,Germinoma
28325008,Polyembryoma
28351005,Myxosarcoma
28366008,Cerebral arteritis
28536002,Toxic megacolon
28558000,Villous adenocarcinoma
28574005,Congenital anomaly of coronary artery
28634005,Cerebral ataxia
28655007,"Liposarcoma, well differentiated"
28656008,Congenital insufficiency of aortic valve
28681006,Metaphyseal chondrodysplasia
28728008,"Polycystic kidney disease, adult type"
28733007,Compound odontoma
28740008,Trigonocephaly
28770003,"Polycystic kidney disease, infantile type"
28801006,Resolving infantile idiopathic scoliosis
28861008,Crouzon syndrome
28880005,Rheumatoid carditis
28882002,Disorder of sulphur-bearing amino acid metabolism
28899001,Squamous cell carcinoma
28941001,Congenital adhesion
28950004,Acute promyelocytic leukaemia with PML::RARA fusion
28953002,Angiomyosarcoma
28978003,Progressive supranuclear ophthalmoplegia
29020002,Complex odontoma
29094004,Disorder of porphyrin metabolism
29110005,Congenital absence of small intestine
29145002,Schwartz-Jampel syndrome
29159009,Familial dysautonomia
29322000,Acute cerebrovascular insufficiency
29352008,Thanatophoric dysplasia
29370006,Malignant phaeochromocytoma
29570005,Leigh's disease
29618004,Striatonigral degeneration
29633007,Glycogen storage disease
29642000,Congenital adhesions of peritoneum
29717002,Premature beats
29774004,Vascular myelopathy
29792007,Trabecular adenocarcinoma
29928006,Congenital insufficiency of mitral valve
29980002,Congenital malrotation of intestine
30023002,Hydranencephaly
30156004,Cribriform carcinoma
30171000,Disorder of adrenal gland
30188007,Alpha-1-antitrypsin deficiency
30275001,Accessory kidney
30289006,Endometrioid carcinoma
30301008,Microfollicular adenoma
30383009,"Mesothelioma, biphasic, malignant"
30468000,Dolichocolon
30546008,Clear cell adenocarcinoma
30566004,Noninfiltrating intraductal papillary adenocarcinoma
30649006,Basal cell tumour
30652003,Hypermobile Ehlers-Danlos syndrome
30664006,"Multiple endocrine neoplasia, type 1"
30667004,Right bundle branch block AND left anterior fascicular block
30699005,Carotid body tumour
30713000,Hypernephroid tumour
30753002,Normal pressure hydrocephalus
30913008,Disorder of iron metabolism
30915001,Holoprosencephaly sequence
30924005,Rhabdomyosarcoma
30962008,Acute myelomonocytic leukaemia
31047003,Lymphomatoid papulosis
31131002,"Vipoma, malignant"
31186001,Chondroma
31216003,Profound learning disability
31290005,Congenital hydroureter
31296004,Granulosa cell-theca cell tumour
31323000,Severe combined immunodeficiency disease
31396002,Goblet cell carcinoid
31430005,Medication-induced postural tremor
31470003,Adenosarcoma
31541009,Sarcoidosis
31671006,Pineoblastoma
31686000,Congenital anomaly of lower alimentary tract
31712002,Primary biliary cholangitis
31742004,Arteriohepatic dysplasia
31758001,Post-ictal state
31794002,Sympathetic paraganglioma
31848007,CREST syndrome
31925001,Hereditary factor I deficiency disease
32037004,Glomus jugulare tumour
32071008,Strumal carcinoid
32140001,Papillary cystadenoma
32219008,Craniorachischisis
32232003,Spina bifida of cervical region
32272007,Sweat gland adenocarcinoma
32273002,Idiopathic thrombocytopenic purpura
32280000,Lymphoid leukaemia
32296002,Intraductal papillomatosis
32390006,Panhypopituitarism
32434004,Pulmonary adenomatosis
32456001,Desmoplastic medulloblastoma
32512003,"Extra-adrenal paraganglioma, malignant"
32599008,Haemodialysis-associated amyloidosis
32659003,Congenital hypoplasia of kidney
32844007,Mixed germ cell tumour
32891000,Rotor syndrome
32913002,Medullary carcinoma
32914008,Restless legs
32968003,Inflammatory carcinoma
32985001,Greig cephalopolysyndactyly syndrome
33059009,Trichofolliculoma
33116002,Hydroxykynureninuria
33170000,Mucinous adenoma
33322003,Congenital deformity of forehead
33413000,Ectopic beats
33681003,Osteosarcoma in Paget's disease of bone
33927004,Hypogonadotropic hypogonadism
33995003,Acquired megacolon
34000006,Crohn's disease
34110004,"Sertoli-Leydig cell tumour, well differentiated"
34253008,Myopathy in Addison's disease
34337008,Prolactinoma
34360000,"Fibrous histiocytoma, malignant"
34550005,Glomangiomyoma
34603009,Basal cell adenocarcinoma
34643004,Diaphyseal dysplasia
34736002,Chronic passive congestion of liver
34748004,Adams-Oliver syndrome
34774005,Congenital absence of bronchus
34821005,Congenital stenosis of choanae
34882000,Giant fibroadenoma
34941004,Odontogenic myxoma
35111009,Trisomy X syndrome
35232005,Infiltrating duct and lobular carcinoma
35262004,Gliosarcoma
35266001,Congenital duplication of appendix
35287006,Myeloid sarcoma
35400008,Hereditary haemochromatosis
35434009,Sickle cell-haemoglobin C disease
35486000,Subdural haemorrhage
35562000,Waldenstrom's macroglobulinaemia
35601003,Monoclonal gammopathy of undetermined significance
35701008,Haemangioblastic meningioma
35718007,"Squamous cell carcinoma, small cell, nonkeratinising"
35728003,Familial cardiomyopathy
35917007,Adenocarcinoma
36010004,Congenital cerebral meningocele
36060005,Haemangiopericytoma
36070007,Wiskott-Aldrich syndrome
36078000,Perinatal pneumopericardium
36087009,Adenocarcinoma in villous adenoma
36110001,Congenital anomaly of pulmonary artery
36233006,Congenital stenosis of tricuspid valve
36310008,Alveolar adenocarcinoma
36318001,Apocrine adenoma
36376006,Congenital absence of oesophagus
36422005,Transposition of pulmonary veins
36425007,Comedocarcinoma
36444000,Disorder of the urea cycle metabolism
36517007,Polyostotic fibrous dysplasia of bone
36601008,Craniometaphyseal dysplasia
36619004,Congenital duplication of cystic duct
36659001,Congenital notching of tip of nose
36721002,Papillary mucinous cystadenoma
36760000,Hepatosplenomegaly
36775008,Displaced ureteric orifice
37039006,Chromophobe adenoma
37054000,Congenital atresia of colon
37095002,Lipomatosis
37193007,Factor VII deficiency
37206003,"Synovial sarcoma, spindle cell"
37258009,Cementoma
37302003,"Adrenal cortical adenoma, pigmented"
37304002,Basosquamous carcinoma
37340000,Motor neuron disease
37356005,Myoclonic seizure
37373007,Meckel's diverticulum
37506004,4q partial monosomy syndrome
37528004,Malrotation of caecum
37760005,Left anterior fascicular block
37810007,Myeloid leukaemia
37891007,Discoid kidney
37939008,Congenital anomaly of the bladder
37960002,Sanger-Brown cerebellar ataxia
37995004,Linitis plastica
38023001,Locked in syndrome
38074009,Abnormality of cortisol-binding globulin
38086007,Laryngomalacia
38106008,Crohn's disease of ileum
38116000,Hydromyelocele
38371006,Poland anomaly
38385001,Persistent left posterior cardinal vein
38406003,"Mesenchymoma, benign"
38431002,Psammomatous meningioma
38549000,"Carcinoma, undifferentiated"
38713004,Astrocytoma
38804009,Turner syndrome
38827001,Congenital fusion of spine
38837006,Acquired porencephaly
38911009,Hereditary haemolytic anaemia
38958001,Mixed cell adenocarcinoma
39005004,Medulloepithelioma
39011001,Haemosiderosis
39056008,Papillary squamous cell carcinoma
39086001,"Hodgkin lymphoma, nodular sclerosis, cellular phase"
39143003,Myxoma
39150004,Congenital anomaly of spinal meninges
39332000,Intraepidermal epithelioma of Jadassohn
39465007,Emotional deprivation syndrome
39471001,Bile duct adenoma
39476006,Congenital stricture of rectum
39553005,Chondromyxoid fibroma
39577004,Tumour cells of uncertain behaviour
39719008,Transposition of intestine
39720002,"Adrenal cortical adenoma, mixed cell"
39781001,Primitive neuroectodermal tumour
39795003,Hand-Schüller-Christian disease
39839004,Diaphragmatic hernia
39892006,Mucoepidermoid tumour of uncertain behaviour
39905002,Scimitar syndrome
39912006,Hereditary spastic paraplegia
39925003,"Juvenile myopathy, encephalopathy, lactic acidosis, stroke"
39929009,Disorder of fatty acid metabolism
40009002,Craniopharyngioma
40108008,Thalassaemia
40123003,Fetal rhabdomyoma
40225001,Cystic lymphangioma
40293003,Adenomyoma
40315008,Annular pancreas
40354009,De Lange syndrome
40411000,"Follicular lymphoma, grade 3"
40445007,Heart valve regurgitation
40527005,Idiopathic pulmonary haemosiderosis
40700009,Severe learning disability
40761005,Lipid cell tumour of ovary
40935003,Meningiomatosis
40964007,Chronic valvulitis
41013004,Argininosuccinate lyase deficiency
41040004,Complete trisomy 21 syndrome
41069008,Langer-Giedion syndrome
41075004,Fungal infection of brain
41183007,"Mesothelioma, benign"
41252002,Plexiform neurofibroma
41299009,Iatrogenic Cushing's disease
41382006,Pericanalicular fibroadenoma
41443008,Multiple malformation syndrome with limb defect as major feature
41529000,"Hodgkin lymphoma, mixed cellularity"
41556003,Angiocentric immunoproliferative lesion
41574007,Paramyotonia congenita
41607009,Renal cell carcinoma
41729002,Horseshoe kidney
41764006,Monoplegia of upper limb
41841004,Sideroblastic anaemia
41889008,Chronic persistent hepatitis
41919003,Juvenile carcinoma of the breast
41962002,Oligohydramnios sequence
42194009,"Brenner tumour, malignant"
42295001,Familial amyloid polyneuropathy
42324007,Congenital duplication of caecum
42343007,Congestive heart failure
42376006,Occipital encephalocele
42392001,Epithelioid leiomyosarcoma
42432003,"Oto-palato-digital syndrome, type II"
42596004,Giant cell carcinoma
42666000,Congenital anomaly of tracheal cartilage
42685002,Adhesion
42908004,"Primary atelectasis, in perinatal period"
42994005,Nonruptured cerebral aneurysm
43019009,Nelson syndrome
43149009,Pulmonary blastoma
43152001,Central core disease
43296007,Round cell liposarcoma
43369006,"Basal cell carcinoma, fibroepithelial"
43383008,Congenital diverticulum of bronchus
43904005,Macronodular cirrhosis
43916004,"Mucopolysaccharidosis, MPS-VII"
43929004,Smith-Lemli-Opitz syndrome
43977004,Corticostriatal-spinal degeneration
43985008,"Hodgkin lymphoma, nodular sclerosis, grade 2"
44145005,Benign Rolandic epilepsy
44155009,Pilomatrixoma
44165003,Complication of transplanted lung
44176004,Disorder of histidine metabolism
44241007,Heart valve stenosis
44513007,Congenital anomaly of the kidney
44524009,Mesenchymoma
44529004,Giant cell glioblastoma
44553005,Dubin-Johnson syndrome
44598004,Leiomyoma
44695005,Paralysis
44769000,Choriocarcinoma
44779003,Disorder of amino acid metabolism
44796002,Ectopic ureter
44808001,Conduction disorder of the heart
44940001,Adenosine deaminase deficiency
45002009,Leydig cell tumour
45024009,Hepatoblastoma
45083001,Urothelial papilloma
45142002,Congenital pulmonary lymphangiectasis
45187003,Abdominal fibromatosis
45188008,Glycoprolinuria
45227007,Hypertrophic obstructive cardiomyopathy
45369008,Neurohypophyseal diabetes insipidus
45410002,Acinar cell carcinoma
45490001,"Squamous cell carcinoma, large cell, nonkeratinising"
45492009,Congenital stenosis of superior vena cava
45502001,Cerebrovascular amyloidosis
45572000,"Hodgkin lymphoma, nodular sclerosis, grade 1"
45582004,Rubinstein-Taybi syndrome
45650007,Kyphoscoliotic heart disease
45744005,Disorder of mineral metabolism
45762001,Atelomyelia
45853006,Roussy-Lévy syndrome
45864009,Senile degeneration of brain
45881000,Carcinoma simplex
45987002,Congenital shortening of tendon
46041001,Maffucci syndrome
46199002,Trichilemmoma
46212000,Juvenile fibroadenoma
46284005,Congenital obstruction of bladder neck
46319007,Right bundle branch block AND left posterior fascicular block
46580000,Inverted transitional cell papilloma of uncertain behaviour
46619002,Congenital heart block
46683007,Pyruvate dehydrogenase complex deficiency
46710009,Aesthesioneurocytoma
46720004,Lipoma
46722007,Congenital anomaly of pleural folds
46724008,Polyglandular activity in multiple endocrine adenomatosis
46732000,"Malignant lymphoma, large B-cell, diffuse"
46808003,Marie's cerebellar ataxia
46882000,Chronic ischaemic enterocolitis
46907007,Congenital duplication of gallbladder
46923007,Hodgkin sarcoma [obs]
46935006,Stokes-Adams syndrome
46963008,Compression of brain
46981006,Factor XII deficiency disease
47024008,Sickle cell-haemoglobin E disease
47032000,Congenital hydrocephalus
47070001,Congenital web of larynx
47107000,Basophil carcinoma
47147007,Congenital anomaly of lung
47270006,Hypercortisolism
47284001,Aggressive fibromatosis
47299001,Adenocarcinoma in multiple adenomatous polyps
47434006,Waardenburg syndrome
47488001,Intracystic papillary adenoma
47518006,Scoliosis due to radiation
47535005,CHARGE syndrome
47620003,Cystadenoma
47623001,"Soft tissue tumour, benign"
47641009,Orotic aciduria
47719001,Hypervalinaemia
47880003,Congenital absence of muscle AND/OR tendon
47986005,Genetic anomaly of leucocyte
48061001,Congenital calculus of kidney
48069004,Acrocephaly
48121000,Congenital cardiomegaly
48218007,Verrucous papilloma
48337000,Congenital stricture of urinary meatus
48430004,Hydatidiform mole
48460009,Malignant giant cell tumour of soft parts
48520006,Congenital atresia of cardiac vein
48522003,Spinal cord disease
48553001,Haemoglobin H disease
48554007,Enterochromaffin cell carcinoid
48619006,Mixed acidophil-basophil adenoma
48713002,Amyloid nephropathy
48721008,Quadriplegic cerebral palsy
48724000,Mitral valve regurgitation
48763007,Congenital hernia of foramen of Morgagni
48867003,Bradycardia
48897006,Bizarre leiomyoma
48952003,Astroblastoma
48980001,Congenital obstruction of urethra
49008000,Malrotation of kidney
49013001,17 alpha-Hydroxyprogesterone aldolase deficiency
49024004,4p partial trisomy syndrome
49043004,Odontoameloblastoma
49049000,Parkinson's disease
49111001,Adrenal haemorrhage
49351009,Diastematomyelia
49386006,Orofacial dyskinesia
49430005,"Liposarcoma, no International Classification of Diseases for Oncology subtype"
49496001,Double ureter
49534003,Congenital atresia of ureter
49601007,Disorder of cardiovascular system
49692006,Schilder's disease
49710005,Sinus bradycardia
49714001,Congenital anomaly of gallbladder
49748000,Succinate-semialdehyde dehydrogenase deficiency
49756002,Perinatal pneumothorax
49949003,Paroxysmal choreoathetosis
49984004,FG syndrome
50007008,Chordoma
50056009,"Lysinuric protein intolerance, type 1"
50102004,"Malignant lymphoma, mixed small and large cell, diffuse"
50143004,Kernicterus of newborn
50150000,Malignant systemic mastocytosis
50422007,Bile duct cystadenocarcinoma
50429003,Congenital stenosis of aqueduct of Sylvius
50440006,Crohn's disease of colon
50490005,Hypertensive encephalopathy
50581000,Goodpasture's syndrome
50582007,Hemiplegia
50701000,Hepatoptosis
50749006,Double Y syndrome
50847000,Accessory skeletal muscle
50866000,Childhood absence epilepsy
50869007,Periodontal Ehlers-Danlos syndrome
50894008,Schneiderian papilloma
50920009,Myocarditis
50926003,Hyperimmunoglobulin E syndrome
50967008,Gangliosidosis
51022005,Erythropoietic protoporphyria
51038004,Congenital obstruction of bile duct
51053007,Haemoglobin C disease
51092000,B-cell chronic lymphocytic leukaemia/small lymphocytic lymphoma
51118003,Congenital atresia of duodenum
51217003,Acidophil carcinoma
51465000,Mixed adenoneuroendocrine carcinoma
51500006,Complete trisomy 18 syndrome
51523009,Congenital laryngocele
51577008,Wilson-Mikity syndrome
51608009,Serous cystadenoma
51617009,Adenocarcinoma in situ in tubulovillous adenoma
51642000,Adenocarcinoma in situ
51742006,Disorder of anterior pituitary
51747000,Extra-adrenal paraganglioma
51793002,Partial hydatidiform mole
51794008,Congenital anomaly of ureter
51836001,Neurothekeoma
51952004,Spondyloepiphyseal dysplasia tarda
52008007,Organic writer's cramp
52040006,Infantile fibrosarcoma
52159006,Universal mesentery
52178006,Combined hepatocellular carcinoma and cholangiocarcinoma
52205002,Parasympathetic paraganglioma
52220008,Acute megakaryoblastic leukaemia
52231000,Chronic ulcerative proctitis
52248008,"Hodgkin lymphoma, nodular sclerosis"
52299001,Osteochondroma
52330001,Meningoencephalocele
52399003,Fascial fibroma
52490000,Thecoma
52522001,Degenerative brain disorder
52579008,Accessory lung
52616002,Freeman-Sheldon syndrome
52707009,Ceruminous adenoma
52859009,Rathke's pouch cyst
52868006,Oral-facial-digital syndrome
52879001,Congenital atresia of glottis
52967002,Myelofibrosis
53124003,Prolinuria
53189005,Congenital atresia of trachea
53305005,Periosteal fibroma
53318002,Spina bifida with hydrocephalus
53320004,Aortic body tumour
53509000,Myopathy in Cushing's disease
53530009,Transitional cell carcinoma in situ
53618008,Pancreatoblastoma
53654007,Fibrosarcoma
53743006,Anaemia following foetal blood loss
53776005,Encephalocystocele
53801007,Ganglioneuroma
53968002,Olfactory neurogenic tumour
53974002,Kniest dysplasia
54008006,Sternum bifidum
54016002,Mobitz type I incomplete atrioventricular block
54072008,Nonbacterial verrucal endocardiosis
54087003,Hairy cell leukaemia
54099005,Diplegia of upper limbs
54160000,Congenital aneurysm of sinus of Valsalva
54200006,Tonic-clonic seizure
54280009,Kugelberg-Welander disease
54292009,Adrenal rest tumour
54304004,Progressive bulbar palsy
54443001,"Fibrous mesothelioma, malignant"
54470008,3 beta-Hydroxysteroid dehydrogenase deficiency
54482004,"Thecoma, luteinised"
54666007,Paget's disease and intraductal carcinoma of breast
54682008,Congenital hypoplasia of pulmonary artery
54734006,Sebaceous adenocarcinoma
54898003,Multiple sulphatase deficiency
54900001,Monster
54954004,Aspartylglucosaminuria
54967001,Double kidney
55003009,Adrenal medullary insufficiency
55004003,Syndrome of inappropriate vasopressin secretion
55020008,"Follicular lymphoma, grade 2"
55021007,Follicular adenoma
55045006,Neuroepithelioma
55081009,T-gamma lymphoproliferative disease
55094006,Protoplasmic astrocytoma
55333008,Osteoblastoma
55342001,Neoplastic disease
55353007,"Astrocytoma, anaplastic"
55382008,Cerebral atherosclerosis
55448001,Tracheo-oesophageal fistula following tracheostomy
55464009,Systemic lupus erythematosus
55475008,Lown-Ganong-Levine syndrome
55490007,Congenital laryngeal stridor
55510008,Cor triatriatum
55536001,Congenital malposition of kidney
55602000,Nezelof's syndrome
55681005,Skin appendage adenoma
55711009,Arthrochalasia Ehlers-Danlos syndrome
55726006,Unilateral agenesis of kidney
55776008,Symptomatic torsion dystonia
55818009,Teratoma
55822004,Hyperlipidaemia
55912009,"Glycogen storage disease, type V"
55921005,Multiple myeloma
55937004,Neuroendocrine carcinoma
55941000,Cutaneous sarcoidosis
55995005,Hereditary spherocytosis
55999004,Encephalocele
56007004,Congenital hemihypertrophy
56013008,Congenital duplication of biliary duct
56246009,Hypertrophy
56265001,Heart disease
56287005,Crohn's disease of duodenum
56409008,Monoplegic cerebral palsy
56422000,"Synovial sarcoma, epithelioid cell"
56484001,Adenocarcinoma with cartilaginous and osseous metaplasia
56531003,Ulegyria
56565002,Mesenchymal chondrosarcoma
56595005,Hypertyrosinaemia
56604005,Cohen syndrome
56610005,Static tremor
56665009,Infiltrating basal cell carcinoma
56675007,Acute heart failure
56689002,Crohn's disease of small intestine
56696000,"Tumour cells, benign"
56763007,Adamantinoma of long bones
56786000,Pulmonic valve stenosis
56819008,Endocarditis
56989000,Eaton-Lambert syndrome
57141000,Apocrine adenocarcinoma
57148006,Congenital malformation of brain
57219006,Craniosynostosis syndrome
57265009,Congenital obstruction of large intestine
57284007,Severe birth asphyxia
57339008,Chronic lobular hepatitis
57414003,Tyrosinosis
57500000,Giant cell tumour of bone
57513006,Adenocarcinoma in adenomatous polyposis coli
57596004,Oxyphilic adenocarcinoma
57606003,Clear cell meningioma
57723004,Angiomyxoma
57835009,Hepatic methionine adenosyltransferase deficiency
57838006,Retinitis pigmentosa-deafness syndrome
57917004,Seckel syndrome
57921006,Congenital adhesions of omentum
57938005,"Congenital myotonia, autosomal dominant form"
57958006,Endocrine myopathy
58008004,Peliosis hepatis
58037000,Cowden syndrome
58069009,Ceruminous adenocarcinoma
58161009,Clear cell adenofibroma
58193001,Diplegic cerebral palsy
58243007,Fibromyxolipoma
58248003,"Carcinoma, anaplastic"
58275005,Variegate porphyria
58459009,Sphingomyelin/cholesterol lipidosis
58477004,Infiltrating ductular carcinoma
58558003,Hyperlysinaemia
58561002,Diastrophic dysplasia
58756001,Huntington's chorea
58961005,Lethal midline granuloma
59006007,Tracheostomy obstruction
59026006,Blepharospasm
59078009,Klippel-Trenaunay-Weber syndrome
59118001,Right bundle branch block
59120003,Embryonal adenoma
59128005,Congenital honeycomb lung
59178007,Menkes kinky-hair syndrome
59186007,Trichoepithelioma
59238007,Epithelioid sarcoma
59367005,Adenosquamous carcinoma
59423009,Congenital atresia of nasopharynx
59514009,Congenital absence of large intestine
59527008,Congenital cytomegalovirus infection
59529006,Squamous cell carcinoma in situ
59531002,Tryptophan malabsorption syndrome
59583009,Embryonal sarcoma
59655002,Hyperprolinaemia
59708000,Multiple epiphyseal dysplasia
59877000,Congenital anomaly of aorta
60086000,Aldosterone deficiency
60125001,Perinatal interstitial emphysema
60234000,Aortic valve regurgitation
60286009,Adenocarcinoma in situ in adenomatous polyp
60346004,Islet cell carcinoma
60389000,Paraplegia
60446003,Thyrotoxic heart disease
60549007,Multiple endocrine adenomas
60555002,Hypersensitivity angiitis
60573004,Aortic valve stenosis
60576007,Subacute combined degeneration of spinal cord
60599006,Adenomatoid odontogenic tumour
60652005,Congenital cyst of mediastinum
60699003,Congenital anomaly of stomach
60718004,Malignant dysgerminoma
60738003,Secondary myopathy
60743005,Purine-nucleoside phosphorylase deficiency
60787001,Congenital hypoplasia of aortic arch
60853003,Disorder of magnesium metabolism
61098004,Multifocal superficial basal cell carcinoma
61111007,Hypercupraemia
61152003,Moderate learning disability
61179004,Cardiac beriberi
61261009,Haemolytic anaemia
61663001,Juvenile neuronal ceroid lipofuscinosis
61722000,Tubulovillous adenoma
61758007,Exstrophy of bladder sequence
61852001,Ask-Upmark kidney
61860000,Porphyria cutanea tarda
61959006,Common arterial trunk (truncus arteriosus)
62009002,Adult neuronal ceroid lipofuscinosis
62026008,Left posterior fascicular block
62064005,"Mesothelioma, malignant"
62067003,Hypoplastic left heart syndrome
62206004,Abscess of pituitary
62250003,Arachnodactyly
62283005,Androblastoma
62332007,Infantile nephropathic cystinosis
62335009,Congenital stenosis of inferior vena cava
62383007,Mixed type rhabdomyosarcoma
62403005,Glucose-6-phosphate dehydrogenase deficiency anaemia
62484002,Hepatic fibrosis
62497000,Stewart-Treves syndrome
62500006,Accessory bladder
62501005,Chondroectodermal dysplasia
62621002,Pigmented dermatofibrosarcoma protuberans
62628008,Multiple synostosis syndrome
62681000,Nonencapsulated sclerosing carcinoma
62732009,Alien limb phenomenon
62803002,Frontometaphyseal dysplasia
62914000,Cerebrovascular disease
62999006,Adiposogenital dystrophy
63042009,Congenital atresia of tricuspid valve
63119004,Weaver syndrome
63211008,Synovial sarcoma
63247009,Williams syndrome
63264007,Carcinosarcoma
63364005,Chronic myeloid leukaemia
63373002,Lymphangiosarcoma
63449009,Alveolar rhabdomyosarcoma
63451008,Squamous cell papilloma
63467002,Left bundle branch block
63565007,Congenital anaemia
63593006,Supraventricular premature beats
63607006,Perinatal pneumomediastinum
63629005,Lipoblastomatosis
63634009,Glioblastoma
63687009,"Adrenal cortical adenoma, compact cell"
63702009,Alstrom syndrome
63823009,"Epithelioma, benign"
63934006,Overriding aorta
63937004,Gigantiform cementoma
63986002,Brain stem herniation
64000002,Skin appendage carcinoma
64059005,Spongioneuroblastoma
64077000,Myocardial degeneration
64204000,"Squamous cell carcinoma, metastatic"
64217002,Curvature of spine
64235006,Ethanolaminosis
64383006,Werdnig-Hoffmann disease
64512009,Sclerosing stromal tumour
64524002,Intraductal papillary adenocarcinoma with invasion
64575004,"Malignant lymphoma, small lymphocytic"
64586002,Carotid artery stenosis
64654004,Hyperglycinaemia
64716005,Fucosidosis
64727007,Accessory ureter
64728002,Fracture of spine due to birth trauma
64757003,Lymph node sarcoidosis
64766004,Ulcerative colitis
64773009,Eccrine dermal cylindroma
64779008,Blood coagulation disorder
64852002,Sarcosine dehydrogenase deficiency
64855000,Pelizaeus-Merzbacher disease
64967004,Transitional meningioma
64981002,Congenital atresia of larynx
65094009,Multiple malformation syndrome with facial defects as major feature
65120008,Generalised convulsive epilepsy
65140001,Periosteal fibrosarcoma
65144005,Congenital spinal meningocele
65155005,Grand mal seizure
65277001,Imidazole aminoaciduria
65278006,"Epithelioid mesothelioma, malignant"
65389002,Adrenoleucodystrophy
65399007,Langerhans cell histiocytosis
65457005,Endocardial fibroelastosis
65520001,"Primary hyperoxaluria, type I"
65524005,Mannosidosis
65587001,Congenital anomaly of cerebrovascular system
65617004,Veno-occlusive disease of the liver
65646006,"Malignant teratoma, trophoblastic"
65692009,Spindle cell carcinoma
65764006,Pseudo-Hurler polydystrophy
65778007,Sinoatrial block
65787003,Adenoma of the nipple
65877006,Fibroadenoma
65959000,Beta thalassaemia
66091009,Congenital disease
66102006,Congenital fusion of ribs
66108005,"Primary degenerative dementia of the Alzheimer type, senile onset, uncomplicated"
66264000,Todd's paresis
66357004,Myoma
66403007,Vascular ring of aorta
66451004,"Familial visceral amyloidosis, Ostertag type"
66467005,Osteochondromatosis
66489009,Congenital absence of lung
66515009,"Glucagonoma, malignant"
66637005,Hemiballism
66651005,Triploidy syndrome
66729008,Haemoglobin D disease
66758006,Acrodysostosis
66783006,Popliteal pterygium syndrome
66952001,Toxic myopathy
66978005,Hypermagnesaemia
67073007,Serous surface papilloma
67182003,Mucinous cystadenoma
67202007,X-linked Ehlers-Danlos syndrome
67254002,Sirenoform monster
67278007,Congenital stenosis of pulmonary valve
67280001,Dedifferentiated liposarcoma
67305007,Familial essential myoclonus
67531005,Spina bifida
67569000,Bronchopulmonary dysplasia of newborn
67747009,Ocular muscular dystrophy
67754003,Aortic valve sclerosis
67761004,Olivopontocerebellar degeneration
67805000,Secondary hyperaldosteronism
67830002,Teratocarcinoma
67873006,Isolated prolactin deficiency
68033004,Tracheostomy complication
68094008,Congenital hypoplasia of bile duct
68237008,Partial anomalous pulmonary venous connection
68358000,Adenocarcinoma with spindle cell metaplasia
68359008,Congenital hemivertebra
68437005,Thyrotoxic myopathy
68496003,Polyp of colon
68504005,Ataxia-telangiectasia syndrome
68528007,Hyperphenylalaninaemia
68591005,Congenital hypoplasia of pancreas
68614005,Aesthesioneuroepithelioma
68618008,Rett's disorder
68880006,Papillary mucinous cystadenocarcinoma
68913001,Alpha thalassaemia
68944005,Meningothelial meningioma
68956006,Carcinoma in situ
68979007,Heavy chain disease
69015003,Double urethra
69028005,Granular cell carcinoma
69077002,Acute basophilic leukaemia
69116000,Moyamoya disease
69248007,Congenital anomaly of fixation of intestine
69291002,Myoepithelioma
69408002,Gorlin syndrome
69463008,Maroteaux-Lamy syndrome
69515008,Ganglioneuroblastoma
69518005,Congenital anomaly of digestive system
69771008,Congenital anomaly of oesophagus
69817007,Congenital occlusion of anus
70173007,5p partial monosomy syndrome
70179006,Cholangiocarcinoma
70320004,Congenital anomaly of heart valve
70324008,15q partial trisomy syndrome
70401000,Polygonal cell carcinoma
70534000,Occult spinal dysraphism sequence
70555003,"Endometrial stromal sarcoma, high grade"
70600005,"Hodgkin lymphoma, nodular lymphocyte predominance"
70694009,Wolfram syndrome
70737009,"Mucopolysaccharidosis, MPS-II"
70921007,Adenomatous polyposis coli
70971005,Endometrial stromal nodule
70974002,Congenital absence of rib
71106006,Endometrioid adenoma
71109004,"Hodgkin lymphoma, lymphocyte depletion, reticular"
71232009,Borderline phyllodes tumour
71244007,Syringoma
71275003,Pseudoprimary hyperaldosteronism
71298006,"Epithelioma, malignant"
71311003,Congenital kyphosis
71314006,Fibrillary astrocytoma
71325002,Lipodystrophy
71404003,Lipomatosis dolorosa
71444005,Cerebral thrombosis
71447003,"Paget's disease, extramammary (except Paget's disease of bone)"
71666005,Osteoid osteoma
71728002,Accessory liver
71779008,X-linked hydrocephalus syndrome
71792006,Nodal rhythm disorder
71851009,Gastric volvulus
71908006,Ventricular fibrillation
71932004,Cardiac dilatation
71985006,Carcinomatous myopathic syndrome
72080001,Neurinomatosis
72089000,Congenital deformity of nose
72092001,Arteriosclerotic vascular disease
72174007,"Follicular adenocarcinoma, trabecular"
72242008,Postductal coarctation of aorta
72292009,Congenital anomaly of larynx
72352009,Bicuspid aortic valve
72424001,Congenital absence of diaphragm
72442006,Disorder of posterior pituitary
72457004,Sex cord tumour with annular tubules
72470008,"Sarcoidosis, lupus pernio type"
72495009,Mucinous adenocarcinoma
72535009,Cervical rib
72787006,Gangliocytic paraganglioma
72881003,Megaloappendix
72889001,"Mesonephroma, benign"
72900001,Familial multiple polyposis syndrome
72905006,Intracanalicular fibroadenoma
72907003,"Seminoma, anaplastic"
72925005,Congenital cystic disease of liver
72938002,Tumourlet
72951007,Gastroschisis
72969003,Giant cell and spindle cell carcinoma
72991005,Polyploidy syndrome
72992003,Thoracogenic scoliosis
73017001,Lymphangiomyomatosis
73035005,10q partial trisomy syndrome
73219006,Angiolipoma
73235004,Chronic ischaemic enteritis
73284007,Marshall-Smith syndrome
73297009,Muscular dystrophy
73506006,Small cell sarcoma
73573004,Congenital anomaly of musculoskeletal system
73676002,Peripheral neuroectodermal tumour
73767002,Myofibromatosis
73918009,Angiomatous meningioma
73975000,Factor II deficiency
73982001,Gemistocytic astrocytoma
74021003,Bifascicular block
74042001,"Small cell carcinoma, fusiform cell"
74107003,Acromegaly
74189002,Hodgkin granuloma [obs]
74218008,Coronary artery arising from main pulmonary artery
74279005,"Chondroblastoma, malignant"
74280008,Glycogen-rich carcinoma
74333002,Spasmodic torticollis
74345006,Congenital chromosomal disease
74351001,Reye's syndrome
74364000,Small cell carcinoma
74390002,Wolff-Parkinson-White pattern
74398009,XX males
74409009,Endodermal sinus tumour
74532006,Malignant glioma
74561007,Kommerell's diverticulum
74654000,Mantle cell lymphoma
74703006,HNSHA (hereditary nonspherocytic haemolytic anaemia) due to pyruvate kinase deficiency
74739000,Brenner tumour
74751003,Gonadoblastoma
74829002,Persistent cloaca
74839008,"Odontogenic tumour, benign"
74877002,Congenital anomaly of spine
74919005,Congenital stricture of ureter
74926005,Apudoma
74928006,Camptomelic dysplasia
75019001,Athetoid cerebral palsy
75047002,Disorder of skeletal muscle
75049004,Jeune thoracic dystrophy
75053002,Kawasaki disease
75072002,Nemaline myopathy
75076004,Amyelencephalus
75109009,Smooth muscle tumour
75145007,Stricture of aorta
75210008,Leiomyomatosis
75248003,Calcifying odontogenic cyst
75270000,Congenital diverticulum of left ventricle
75320001,Placental site trophoblastic tumour
75451007,Thalassaemia major
75491005,Amyotrophia congenita
75543006,Cerebral embolism
75610003,"Mucopolysaccharidosis, MPS-I"
75622000,Myxoid chondrosarcoma
75659004,Acquired partial lipodystrophy
75934005,Metabolic disease
75937003,Congenital absence of anus
75968004,Sotos' syndrome
75979009,Johanson-Blizzard syndrome
75987005,"Endometrioid adenoma, borderline malignancy"
76060004,Aesthesioneuroblastoma
76267008,Pulmonary valve disorder
76280006,Rudimentary tracheal bronchus
76312009,Chondroblastic osteosarcoma
76314005,Disorder of fluid AND/OR electrolyte
76345009,Islet cell adenoma
76349003,Extrapyramidal disease
76407009,Protein C deficiency disease
76520005,Robinow syndrome
76594008,Dermatofibrosarcoma
76642003,Factor X deficiency
76670001,Duchenne muscular dystrophy
76783007,Chronic hepatitis
76817009,Oat cell carcinoma
76880004,Angelman syndrome
76909002,Ewing's sarcoma
76916001,Spina bifida occulta
77027006,Hibernoma
77029009,Juvenile granulosa cell tumour
77097004,Oculopharyngeal muscular dystrophy
77128003,DiGeorge sequence
77284006,Lobular carcinoma in situ
77381001,Burkitt lymphoma
77418004,"Neurilemoma, malignant"
77430005,Adult T-cell leukaemia/lymphoma
77455004,Pleomorphic rhabdomyosarcoma
77480004,Congenital biliary atresia
77527000,9p partial trisomy syndrome
77593006,Congenital bronchiectasis
77653004,Monomorphic adenoma
77659000,Paraneoplastic neuropathy
77761000,Congenital absence of ureter
77870005,"Leydig cell tumour, malignant"
77945009,Simple renal cyst
77956009,Steinert myotonic dystrophy syndrome
77978002,Persistent left superior vena cava
78058005,Liver cell adenoma
78071008,Hydromicrocephaly
78129009,Thrombotic thrombocytopenic purpura
78197004,"Comedocarcinoma, noninfiltrating"
78250005,Ectopia cordis
78303004,"Meningioma, malignant"
78311009,Histidine transport defect
78314001,Osteogenesis imperfecta
78372005,Intrahepatic gallbladder
78424008,Sebaceous adenoma
78453009,Telangiectatic osteosarcoma
78468005,Erb's muscular dystrophy
78548001,Enzymopathy
78560000,Accessory hepatic duct
78569004,Posterior inferior cerebellar artery syndrome
78643003,Postcardiotomy syndrome
78675000,Stickler syndrome
78784005,Amyelia
78838008,Pleomorphic xanthoastrocytoma
78960005,Pancreatic triacylglycerol lipase deficiency
79037006,Accessory pancreas
79041005,Acinar cell adenoma
79074005,Odontoma
79143006,Mucinous cystadenocarcinoma
79191007,Congenital anomaly of muscle AND/OR tendon
79282002,"Carcinoma, metastatic"
79385002,Lowe syndrome
79439001,Congenital anomaly of aortic arch
79494009,Microcystic adenoma
79631006,Absence seizure
79633009,Spastic hemiplegia
79665007,Wildervanck syndrome
79720007,Chronic nonalcoholic liver disease
79745005,Reflex epilepsy
79788002,Atresia of urinary meatus
79886009,Disorder of copper metabolism
79955004,Chronic cor pulmonale
80006005,Disorder of bilirubin metabolism
80061003,Oligodendroblastoma
80091008,Sertoli cell carcinoma
80098002,Diffuse Lewy body disease
80141007,Haemoglobinopathy
80142000,Perforation of nasal septum
80420005,Monoplegia of lower limb
80549000,Hidrocystoma
80570006,Acute panmyelosis with myelofibrosis
80599001,Isolated corticotropin deficiency
80651009,Aicardi's syndrome
80699009,Cementifying fibroma
80700005,Floating gallbladder
80712009,Congenital spondylolysis of lumbosacral region
80727009,Water-clear cell adenocarcinoma
80797002,Congenital stricture of vesicourethral orifice
80825009,Congenital hypoplasia of lung
80849007,Gigantism
80902009,Neutral 1 amino acid transport defect
80935004,Flaccid hemiplegia
81042008,Congenital anomaly of spinal cord
81107006,Congenital diverticulum of bladder
81143000,Clear cell hidradenoma
81211007,Primary lateral sclerosis
81308009,Disorder of brain
81336004,Congenital anomaly of abdominal wall
81393009,Sweat gland adenoma
81423003,Cystic fibrosis without meconium ileus
81446001,Superficial spreading adenocarcinoma
81573002,Collagen disease
81622000,Carcinoid tumour
81669005,Neurofibromatosis
81675001,Chronic yellow atrophy of liver
81780002,Beckwith-Wiedemann syndrome
81920005,Solid carcinoma
82049002,Squamous papillomatosis
82058009,Myelocele
82077006,Myotubular myopathy
82125002,Giant cell tumour of soft parts
82203000,Treacher Collins syndrome
82236004,Familial x-linked hypophosphataemic vitamin D refractory rickets
82267002,"Malignant tumour, small cell type"
82275008,Eosinophilic granulomatosis with polyangiitis
82286005,Hyperimmunoglobulin M syndrome
82346000,Acquired obstructive hydrocephalus
82375006,Adenomatous polyp
82385007,Budd-Chiari syndrome
82458004,Congenital stenosis of mitral valve
82500001,Wolman's disease
82525005,Congenital cystic kidney disease
82591005,Paget's disease and infiltrating duct carcinoma of breast
82598004,Secondary hypothyroidism
82608003,Atrial dilatation
82635007,Accessory urethra
82699004,Dyggve-Melchior-Clausen syndrome
82711006,Infiltrating duct carcinoma
82725007,Progressive myositis ossificans
82785005,Astragaloscaphoid synostosis
82872004,Tracheostomy haemorrhage
82949000,Congenital absence of pancreas
82966003,Hereditary angioneurotic oedema
83025009,Bile duct cystadenoma
83048004,Calcifying epithelial odontogenic tumour
83072009,Malarial hepatitis
83092002,Shprintzen syndrome
83118000,Malignant rhabdoid tumour
83217000,Medulloblastoma
83270006,Neoplastic pleural effusion
83291003,Cor pulmonale
83292005,"Malignant teratoma, undifferentiated"
83470009,"Ehlers-Danlos syndrome, type 1"
83472001,Acinar cell tumour
83521008,Dilated cardiomyopathy secondary to alcohol
83579008,Mixed gonadal dysgenesis
83612000,Osteoma
83802009,"Androblastoma, benign"
83858001,Indicanuria
83944004,Chondromatosis
83950009,"Malignant tumour, giant cell type"
83982007,Subacute necrotic myelopathy
84089009,Hiatal hernia
84114007,Heart failure
84241008,Multicentric reticulohistiocytosis
84296002,Congenital atresia of small intestine
84427001,Mullerian mixed tumour
84570003,Cloacogenic carcinoma
84757009,Epilepsy
84919003,"Epithelioid mesothelioma, benign"
84983008,Ameloblastic fibro-odontoma
84999002,Bowen's disease
85020001,Cystinuria
85057007,Liver cyst
85102008,Cerebellar ataxia
85232009,Left heart failure
85505000,Adult spinal muscular atrophy
85583005,Phaeochromocytoma
85589009,Radial aplasia-thrombocytopenia syndrome
85654004,Medullary carcinoma with lymphoid stroma
85672005,Anterior horn cell disease
85828009,Autoimmune disease
85898001,Cardiomyopathy
85956000,Adenoid squamous cell carcinoma
86014007,Trifascicular block
86022000,Monoplegia
86049000,"Neoplasm, malignant (primary)"
86092005,Cystic fibrosis with meconium ileus
86143001,Papillary adenoma
86251006,Neoplasm of uncertain behaviour
86252004,Agenesis of pulmonary artery
86268005,Achondroplasia
86293007,Adenocarcinoid tumour
86299006,Tetralogy of Fallot
86507001,Congenital absence of gallbladder
86514004,Granulomatous hepatitis
86555001,Cystic fibrosis of the lung
86562005,Cystic mesothelioma
86587003,Platybasia
86616005,"Intraductal carcinoma, noninfiltrating"
86818009,Congenital ankylosis of elbow
86842008,Iatrogenic pituitary disorder
86856005,Dysfunction of papillary muscle
86959002,Angiomyoma
87049008,Disorder of phosphorus metabolism
87093008,Congenital urethrorectal fistula
87119009,Congenital cystic lung
87142002,Congenital absence of appendix
87163000,Leukaemia
87294007,Supernumerary vertebra
87364003,Neuroblastoma
87628006,Bacterial infectious disease
87737001,Signet ring cell carcinoma
87837008,Chronic pulmonary heart disease
87844004,Hypothyroid myopathy
87913009,Malignant phyllodes tumour
87992000,"Giant cell sarcoma (except of Bone, M-92503)"
88195001,Alveolar soft part sarcoma
88213004,Hyperaldosteronism
88223008,Secondary pulmonary hypertension
88252006,Choroid plexus carcinoma
88253001,"Ameloblastoma, malignant"
88386004,Congenital anomaly of diaphragm
88393000,Sanfilippo syndrome
88400008,"Tumour cells, malignant"
88425004,Congenital anomaly of nervous system
88469006,Zellweger syndrome
88518009,Wilson's disease
88591002,Teratoid medulloepithelioma
88686005,Central odontogenic fibroma
88714009,Transient hypogammaglobulinaemia of infancy
88805009,Chronic congestive heart failure
88897007,"Malignant tumour, fusiform cell type"
88923002,Progressive muscular atrophy
89056007,Cavernous lymphangioma
89084002,Neurofibroma
89096009,Pineocytoma
89155008,Systemic sclerosis
89166001,Congenital liver disease
89231008,Mumps hepatitis
89369001,Anencephalus
89392001,Prader-Willi syndrome
89439007,Oxyphilic adenoma
89454001,Shwachman syndrome
89525009,Focal onset emotional epileptic seizure with laughing
89580002,Cryptogenic cirrhosis
89601008,Tic of organic origin
89623007,"Mesenchymoma, malignant"
89647000,Pyknodysostosis
89736004,Valvular endocarditis
89740008,Lobular carcinoma
89773001,Mixed cell adenoma
89791006,Papillary hidradenoma
89796001,Mastocytoma
89880005,"Ganglioglioma, no ICD-O subtype"
89886004,Congenital anomaly of skeletal muscle
89906000,Verrucous carcinoma
89996007,"Brenner tumour, borderline malignancy"
90009001,Abnormal umbilical cord
90099008,Subcortical leucoencephalopathy
90120004,Mycosis fungoides
90121000,"Squamous cell papilloma, inverted"
90154003,Papillary muscle disorder
90182005,Hypophysectomy-induced hypopituitarism
90282004,Papillary serous cystadenocarcinoma
90383006,Congenital absence of aorta
90505000,Autosomal recessive hypophosphataemic vitamin D refractory rickets
90610005,Interstitial pulmonary fibrosis of prematurity
90708001,Kidney disease
90725004,Serous cystadenocarcinoma
90955001,Cellular leiomyoma
91375006,Congenital atresia of rectum
91434003,Pulmonic valve regurgitation
91502009,Spinocerebellar disease
91634006,Fused commissures of mitral valve
91637004,Myasthenia gravis
91855006,Acute leukaemia
91857003,Acute lymphoid leukaemia
91861009,"Acute myeloid leukaemia, disease"
91876001,Congenital absence of caudal vertebra
91880006,Congenital absence of cervical vertebra
91895008,Congenital absence of lumbar vertebra
91917000,Congenital absence of thoracic vertebra
92503002,Neurofibromatosis type 2
92527000,Carcinoma in situ of adrenal gland
92530007,Carcinoma in situ of ampulla of Vater
92531006,Carcinoma in situ of anal canal
92537005,Carcinoma in situ of anus
92539008,Carcinoma in situ of appendix
92542002,Carcinoma in situ of ascending colon
92546004,Cancer in situ of urinary bladder
92549006,Carcinoma in situ of body of stomach
92558004,Carcinoma in situ of buccal mucosa
92559007,Carcinoma in situ of caecum
92560002,Carcinoma in situ of cardia of stomach
92564006,Carcinoma in situ of uterine cervix
92568009,Carcinoma in situ of colon
92570000,Carcinoma in situ of common bile duct
92574009,Carcinoma in situ of cystic duct
92575005,Carcinoma in situ of descending colon
92577002,Carcinoma in situ of duodenum
92580001,Carcinoma in situ of endocervix
92582009,Carcinoma in situ of endometrium
92583004,Carcinoma in situ of epididymis
92584005,Carcinoma in situ of epiglottis
92585006,Carcinoma in situ of oesophagus
92586007,Carcinoma in situ of ethmoidal sinus
92587003,Carcinoma in situ of eustachian tube
92588008,Carcinoma in situ of exocervix
92590009,Carcinoma in situ of eye
92591008,Carcinoma in situ of fallopian tube
92594000,Carcinoma in situ of female genital organ
92595004,Carcinoma in situ of floor of mouth
92597007,Carcinoma in situ of frontal sinus
92598002,Carcinoma in situ of fundus of stomach
92599005,Carcinoma in situ of gallbladder
92603005,Carcinoma in situ of glottis
92605003,Carcinoma in situ of gum
92608001,Carcinoma in situ of hepatic flexure of colon
92612007,Carcinoma in situ of hypopharynx
92613002,Carcinoma in situ of ileum
92618006,Carcinoma in situ of intrahepatic bile ducts
92621008,Carcinoma in situ of jejunum
92634009,Carcinoma in situ of larynx
92643000,Carcinoma in situ of lip
92644006,Carcinoma in situ of liver
92648009,Carcinoma in situ of lower third of oesophagus
92650001,Carcinoma in situ of main bronchus
92653004,Carcinoma in situ of male genital organ
92654005,Carcinoma in situ of mastoid air cells
92655006,Carcinoma in situ of maxillary sinus
92656007,Carcinoma in situ of Meckel's diverticulum
92658008,Carcinoma in situ of middle third of oesophagus
92660005,Carcinoma in situ of mouth
92663007,Carcinoma in situ of nasal cavity
92664001,Carcinoma in situ of nasopharynx
92668003,Carcinoma in situ of oropharynx
92669006,Carcinoma in situ of ovary
92670007,Carcinoma in situ of palate
92672004,Carcinoma in situ of pancreas
92675002,Carcinoma in situ of parathyroid gland
92679008,Carcinoma in situ of penis
92680006,Carcinoma in situ of perianal skin
92683008,Carcinoma in situ of pituitary gland
92685001,Carcinoma in situ of pleura
92691004,Carcinoma in situ of prostate
92692006,Carcinoma in situ of pyloric antrum
92693001,Carcinoma in situ of pylorus
92695008,Carcinoma in situ of rectosigmoid junction
92696009,Carcinoma in situ of rectum
92706007,Carcinoma in situ of scrotum
92708008,Carcinoma in situ of sigmoid colon
92709000,Carcinoma in situ of skin of abdomen
92712002,Carcinoma in situ of skin of axilla
92713007,Carcinoma in situ of skin of back
92714001,Carcinoma in situ of skin of breast
92715000,Carcinoma in situ of skin of buttock
92716004,Carcinoma in situ of skin of cheek
92722008,Carcinoma in situ of skin of eyebrow
92724009,Carcinoma in situ of skin of face
92726006,Carcinoma in situ of skin of foot
92728007,Carcinoma in situ of skin of forehead
92729004,Carcinoma in situ of skin of groin
92730009,Carcinoma in situ of skin of hand
92731008,Carcinoma in situ of skin of hip
92732001,Carcinoma in situ of skin of knee
92734000,Carcinoma in situ of skin of lip
92735004,Carcinoma in situ of skin of lower limb
92736003,Carcinoma in situ of skin of neck
92737007,Carcinoma in situ of skin of nose
92738002,Carcinoma in situ of skin of perineum
92741006,Carcinoma in situ of skin of shoulder
92742004,Carcinoma in situ of skin of temporal region
92743009,Carcinoma in situ of skin of thigh
92749008,Carcinoma in situ of skin
92752000,Carcinoma in situ of spermatic cord
92753005,Carcinoma in situ of sphenoidal sinus
92754004,Carcinoma in situ of spleen
92756002,Carcinoma in situ of stomach
92764008,Carcinoma in situ of testis
92767001,Carcinoma in situ of thyroid gland
92769003,Carcinoma in situ of tongue
92772005,Carcinoma in situ of trachea
92773000,Carcinoma in situ of transverse colon
92780003,Carcinoma in situ of upper third of oesophagus
92791005,Carcinoma in situ of vagina
92806000,Cervical hemivertebra
92812005,Chronic leukaemia
92814006,"Chronic lymphoid leukaemia, disease"
92818009,Chronic myeloid leukaemia
92824003,Neurofibromatosis type 1
92943002,Congenital abnormal shape of rib
93133006,Letterer-Siwe disease of intra-abdominal lymph nodes
93134000,Letterer-Siwe disease of intrapelvic lymph nodes
93135004,Letterer-Siwe disease of intrathoracic lymph nodes
93136003,Letterer-Siwe disease of lymph nodes of axilla AND/OR upper limb
93137007,"Letterer-Siwe disease of lymph nodes of head, face AND/OR neck"
93138002,Letterer-Siwe disease of lymph nodes of inguinal region AND/OR lower limb
93139005,Letterer-Siwe disease of lymph nodes of multiple sites
93140007,Letterer-Siwe disease of spleen
93143009,Leukaemia
93144003,Leukaemic reticuloendotheliosis of intra-abdominal lymph nodes
93145002,Leukaemic reticuloendotheliosis of intrapelvic lymph nodes
93146001,Leukaemic reticuloendotheliosis of intrathoracic lymph nodes
93150008,Leukaemic reticuloendotheliosis of lymph nodes of multiple sites
93151007,Hairy cell leukaemia of spleen
93153005,Limb-girdle muscular dystrophy
93167001,Lumbar hemivertebra
93182006,Malignant histiocytosis of intra-abdominal lymph nodes
93183001,Malignant histiocytosis of intrapelvic lymph nodes
93184007,Malignant histiocytosis of intrathoracic lymph nodes
93188005,Malignant histiocytosis of lymph nodes of multiple sites
93189002,Malignant histiocytosis of spleen
93191005,Malignant lymphoma of intra-abdominal lymph nodes
93192003,Malignant lymphoma of intrapelvic lymph nodes
93193008,Malignant lymphoma of intrathoracic lymph nodes
93194002,Malignant lymphoma of lymph nodes of axilla AND/OR upper limb
93195001,"Malignant lymphoma of lymph nodes of head, face AND/OR neck"
93196000,Malignant lymphoma of lymph nodes of inguinal region AND/OR lower limb
93197009,Malignant lymphoma of lymph nodes of multiple sites
93198004,Malignant lymphoma of spleen
93200005,Malignant mast cell tumour of intra-abdominal lymph nodes
93201009,Malignant mast cell tumour of intrapelvic lymph nodes
93202002,Malignant mast cell tumour of intrathoracic lymph nodes
93209006,Malignant melanoma of perianal skin
93217003,Malignant melanoma of skin of cheek
93223008,Malignant melanoma of skin of eyebrow
93225001,Malignant melanoma of skin of face
93249003,Congenital hypoplasia of cerebrum
93259002,Congenital hypoplasia of gallbladder
93278002,Congenital hypoplasia of nose
93451002,"Erythroleukaemia, FAB M6"
93493001,"Hodgkin's disease, lymphocytic-histiocytic predominance of intra-abdominal lymph nodes"
93494007,"Hodgkin's disease, lymphocytic-histiocytic predominance of intrapelvic lymph nodes"
93495008,"Hodgkin's disease, lymphocytic-histiocytic predominance of intrathoracic lymph nodes"
93500006,"Hodgkin's disease, lymphocytic-histiocytic predominance of spleen"
93509007,"Hodgkin's disease, mixed cellularity of spleen"
93518009,"Hodgkin's disease, nodular sclerosis of spleen"
93520007,Hodgkin's disease of intra-abdominal lymph nodes
93521006,Hodgkin's disease of intrapelvic lymph nodes
93522004,Hodgkin's disease of intrathoracic lymph nodes
93523009,Hodgkin's disease of lymph nodes of axilla AND/OR upper limb
93524003,"Hodgkin's disease of lymph nodes of head, face AND/OR neck"
93525002,Hodgkin's disease of lymph nodes of inguinal region AND/OR lower limb
93526001,Hodgkin's disease of lymph nodes of multiple sites
93527005,Hodgkin's disease of spleen
93530003,Hodgkin's granuloma of intrapelvic lymph nodes
93531004,Hodgkin's granuloma of intrathoracic lymph nodes
93536009,Hodgkin's granuloma of spleen
93541001,Hodgkin's paragranuloma of lymph nodes of axilla AND/OR upper limb
93542008,"Hodgkin's paragranuloma of lymph nodes of head, face AND/OR neck"
93543003,Hodgkin's paragranuloma of lymph nodes of inguinal region AND/OR lower limb
93545005,Hodgkin's paragranuloma of spleen
93547002,Hodgkin's sarcoma of intra-abdominal lymph nodes
93548007,Hodgkin's sarcoma of intrapelvic lymph nodes
93549004,Hodgkin's sarcoma of intrathoracic lymph nodes
93554008,Hodgkin's sarcoma of spleen
93643005,Malignant melanoma of skin of nose
93648001,Malignant melanoma of skin of temporal region
93651008,Malignant melanoma of skin of trunk
93655004,Malignant melanoma of skin
93661001,Primary malignant neoplasm of acromion
93671004,Primary malignant neoplasm of anterior mediastinum
93677000,Primary malignant neoplasm of aortic body
93680004,Primary malignant neoplasm of areola of female breast
93681000,Primary malignant neoplasm of areola of male breast
93728003,Primary malignant neoplasm of broad ligament
93740003,Primary malignant neoplasm of carotid body
93746009,Primary malignant neoplasm of cerebellum
93757004,Primary malignant neoplasm of clavicle
93759001,Primary malignant neoplasm of coccygeal body
93763008,Primary malignant neoplasm of common bile duct
93769007,Primary malignant neoplasm of cuboid
93770008,Primary malignant neoplasm of cystic duct
93772000,Primary malignant neoplasm of diaphragm
93773005,Primary malignant neoplasm of dorsal surface of tongue
93779009,Primary malignant neoplasm of endocervix
93782004,Primary malignant neoplasm of epicardium
93786001,Primary malignant neoplasm of ethmoid bone
93789008,Primary malignant neoplasm of exocervix
93798006,Primary malignant neoplasm of femur
93799003,Primary malignant neoplasm of fibula
93806005,Primary malignant neoplasm of frontal bone
93814004,Primary malignant neoplasm of glomus jugulare
93817006,Primary malignant neoplasm of great vessels
93827000,Primary malignant neoplasm of hilus of lung
93833009,Primary malignant neoplasm of ilium
93841009,Primary malignant neoplasm of intrathoracic organs
93842002,Primary malignant neoplasm of ischium
93862005,Primary malignant neoplasm of lateral wall of oropharynx
93870000,Malignant neoplasm of liver
93871001,Primary malignant neoplasm of long bone of lower limb
93882009,Primary malignant neoplasm of main bronchus
93884005,Primary malignant neoplasm of male breast
93886007,Primary malignant neoplasm of mandible
93888008,Primary malignant neoplasm of maxilla
93916003,Primary malignant neoplasm of nasal bone
93924008,Primary malignant neoplasm of nipple of female breast
93925009,Primary malignant neoplasm of nipple of male breast
93927001,Primary malignant neoplasm of occipital bone
93941005,Primary malignant neoplasm of paraganglion
93942003,Primary malignant neoplasm of parametrium
93945001,Primary malignant neoplasm of parietal bone
93947009,Primary malignant neoplasm of parietal peritoneum
93948004,Primary malignant neoplasm of parietal pleura
93950007,Primary malignant neoplasm of patella
93952004,Primary malignant neoplasm of pelvic peritoneum
93955002,Primary malignant neoplasm of periadrenal tissue
93956001,Primary malignant neoplasm of perianal skin
93957005,Primary malignant neoplasm of pericardium
93969002,Primary malignant neoplasm of posterior mediastinum
93973004,Primary malignant neoplasm of presacral region
93975006,Primary malignant neoplasm of pubis
93979000,Primary malignant neoplasm of radius
93986008,Primary malignant neoplasm of respiratory tract
93990005,Primary malignant neoplasm of rib
93995000,Primary malignant neoplasm of sacrococcygeal region
93997008,Primary malignant neoplasm of scapula
94008001,Primary malignant neoplasm of skin of ankle
94011000,Primary malignant neoplasm of skin of back
94012007,Primary malignant neoplasm of skin of breast
94013002,Primary malignant neoplasm of skin of buttock
94016005,Primary malignant neoplasm of skin of chin
94020009,Primary malignant neoplasm of skin of eyebrow
94023006,Primary malignant neoplasm of skin of finger
94024000,Primary malignant neoplasm of skin of foot
94026003,Primary malignant neoplasm of skin of forehead
94027007,Primary malignant neoplasm of skin of groin
94028002,Primary malignant neoplasm of skin of hand
94029005,Primary malignant neoplasm of skin of hip
94030000,Primary malignant neoplasm of skin of knee
94032008,Primary malignant neoplasm of skin of lip
94034009,Primary malignant neoplasm of skin of neck
94036006,Primary malignant neoplasm of skin of perineum
94039004,Primary malignant neoplasm of skin of shoulder
94041003,Primary malignant neoplasm of skin of thigh
94042005,Primary malignant neoplasm of skin of toe
94044006,Primary malignant neoplasm of skin of umbilicus
94066004,Primary malignant neoplasm of sphenoid bone
94073009,Primary malignant neoplasm of sternum
94083008,Primary malignant neoplasm of talus
94085001,Primary malignant neoplasm of temporal bone
94099002,Primary malignant neoplasm of tibia
94112009,Primary malignant neoplasm of ulna
94134006,Primary malignant neoplasm of ventral surface of tongue
94140004,Primary malignant neoplasm of visceral pleura
94142007,Primary malignant neoplasm of vomer
94145009,Primary malignant neoplasm of zygomatic bone
94161006,Metastatic malignant neoplasm to adrenal gland
94181007,Metastatic malignant neoplasm to axillary lymph nodes
94186002,Metastatic malignant neoplasm to bladder
94222008,Metastatic malignant neoplasm to bone
94225005,Metastatic malignant neoplasm to brain
94227002,Metastatic malignant neoplasm to bronchopulmonary lymph nodes
94248000,Metastatic malignant neoplasm to cerebrum
94260004,Metastatic malignant neoplasm to colon
94275007,Metastatic malignant neoplasm to duodenum
94297009,Metastatic malignant neoplasm to female breast
94313005,Metastatic malignant neoplasm to gastrointestinal tract
94335002,Metastatic malignant neoplasm to ileum
94336001,Metastatic malignant neoplasm to iliac lymph nodes
94338000,Metastatic malignant neoplasm to infraclavicular lymph nodes
94344001,Metastatic malignant neoplasm to intercostal lymph nodes
94347008,Metastatic malignant neoplasm to intra-abdominal lymph nodes
94350006,Metastatic malignant neoplasm to intrapelvic lymph nodes
94351005,Metastatic malignant neoplasm to intrathoracic lymph nodes
94357009,Metastatic malignant neoplasm to jejunum
94360002,Metastatic malignant neoplasm to kidney
94365007,Metastatic malignant neoplasm to large intestine
94381002,Metastatic malignant neoplasm to liver
94391008,Metastatic malignant neoplasm to lung
94392001,Metastatic malignant neoplasm to lymph node
94393006,Metastatic malignant neoplasm to lymph nodes of face
94394000,Metastatic malignant neoplasm to lymph nodes of head
94395004,Metastatic malignant neoplasm to lymph nodes of lower limb
94398002,Metastatic malignant neoplasm to lymph nodes of upper limb
94408005,Metastatic malignant neoplasm to mediastinal lymph nodes
94409002,Metastatic malignant neoplasm to mediastinum
94410007,Metastatic malignant neoplasm to mesenteric lymph nodes
94442001,Metastatic malignant neoplasm to nervous system
94446003,Metastatic malignant neoplasm to obturator lymph nodes
94449005,Metastatic malignant neoplasm to occipital lymph nodes
94455000,Metastatic malignant neoplasm to ovary
94475009,Metastatic malignant neoplasm to parotid lymph nodes
94477001,Metastatic malignant neoplasm to pectoral axillary lymph nodes
94481001,Metastatic malignant neoplasm to penis
94493005,Metastatic malignant neoplasm to pleura
94494004,Metastatic malignant neoplasm to popliteal lymph nodes
94503003,Metastatic malignant neoplasm to prostate
94513006,Metastatic malignant neoplasm to rectum
94515004,Metastatic malignant neoplasm to respiratory tract
94544002,Metastatic malignant neoplasm to skin of breast
94554003,Metastatic malignant neoplasm to skin of face
94566009,Metastatic malignant neoplasm to skin of neck
94575006,Metastatic malignant neoplasm to skin of trunk
94579000,Metastatic malignant neoplasm to skin
94580002,Metastatic malignant neoplasm to small intestine
94600009,Metastatic malignant neoplasm to spinal cord
94609005,Metastatic malignant neoplasm to submandibular lymph nodes
94611001,Metastatic malignant neoplasm to submental lymph nodes
94612008,Metastatic malignant neoplasm to superficial inguinal lymph nodes
94623007,Metastatic malignant neoplasm to testis
94627008,Metastatic malignant neoplasm to peritoneum
94628003,Metastatic malignant neoplasm to retroperitoneum
94638008,Metastatic malignant neoplasm to tongue
94642006,Metastatic malignant neoplasm to tracheobronchial lymph nodes
94659001,Metastatic malignant neoplasm to ureter
94661005,Metastatic malignant neoplasm to urethra
94663008,Metastatic malignant neoplasm to urinary system
94665001,Metastatic malignant neoplasm to uterus
94668004,Metastatic malignant neoplasm to vagina
94681006,Metastatic malignant neoplasm to vulva
94707004,Mycosis fungoides of intra-abdominal lymph nodes
94708009,Mycosis fungoides of intrapelvic lymph nodes
94709001,Mycosis fungoides of intrathoracic lymph nodes
94710006,Mycosis fungoides of lymph nodes of axilla AND/OR upper limb
94711005,"Mycosis fungoides of lymph nodes of head, face AND/OR neck"
94712003,Mycosis fungoides of lymph nodes of inguinal region AND/OR lower limb
94714002,Mycosis fungoides of spleen
94719007,Myeloid sarcoma
94730005,Neoplasm of uncertain behaviour of adrenal gland
94733007,Neoplasm of uncertain behaviour of ampulla of Vater
94742000,Neoplasm of uncertain behaviour of aortic body
94744004,Neoplasm of uncertain behaviour of appendix
94754000,Neoplasm of uncertain behaviour of bladder
94765005,Neoplasm of uncertain behaviour of bone
94767002,Neoplasm of uncertain behaviour of brain
94774007,Neoplasm of uncertain behaviour of bronchus
94779002,Neoplasm of uncertain behaviour of carotid body
94787001,Neoplasm of uncertain behaviour of cerebral meninges
94793009,Neoplasm of uncertain behaviour of cheek
94799008,Neoplasm of uncertain behaviour of coccygeal body
94801006,Neoplasm of uncertain behaviour of colon
94803009,Neoplasm of uncertain behaviour of common bile duct
94807005,Neoplasm of uncertain behaviour of cranial nerve
94808000,Neoplasm of uncertain behaviour of craniopharyngeal duct
94810003,Neoplasm of uncertain behaviour of cystic duct
94815008,Neoplasm of uncertain behaviour of duodenum
94823005,Neoplasm of uncertain behaviour of epididymis
94824004,Neoplasm of uncertain behaviour of epiglottis
94825003,Neoplasm of uncertain behaviour of oesophagus
94827006,Neoplasm of uncertain behaviour of ethmoidal sinus
94828001,Neoplasm of uncertain behaviour of eustachian tube
94831000,Neoplasm of uncertain behaviour of eye
94835009,Neoplasm of uncertain behaviour of false vocal cord
94842009,Neoplasm of uncertain behaviour of floor of mouth
94848008,Neoplasm of uncertain behaviour of frontal sinus
94850000,Neoplasm of uncertain behaviour of gallbladder
94851001,Neoplasm of uncertain behaviour of gastrointestinal tract
94854009,Neoplasm of uncertain behaviour of glomus jugulare
94865004,Neoplasm of uncertain behaviour of heart
94871005,Neoplasm of uncertain behaviour of hypopharynx
94872003,Neoplasm of uncertain behaviour of ileum
94880005,Neoplasm of uncertain behaviour of intrahepatic bile ducts
94886004,Neoplasm of uncertain behaviour of jejunum
94889006,Neoplasm of uncertain behaviour of kidney
94899001,Neoplasm of uncertain behaviour of larynx
94909007,Neoplasm of uncertain behaviour of lip
94910002,Neoplasm of uncertain behaviour of liver
94920007,Neoplasm of uncertain behaviour of lung
94929008,Neoplasm of uncertain behaviour of maxillary sinus
94931004,Neoplasm of uncertain behaviour of mediastinum
94936009,Neoplasm of uncertain behaviour of minor salivary gland
94957001,Neoplasm of uncertain behaviour of nasal cavity
94959003,Neoplasm of uncertain behaviour of nasopharynx
94973007,Neoplasm of uncertain behaviour of oropharynx
94974001,Neoplasm of uncertain behaviour of ovary
94975000,Neoplasm of uncertain behaviour of palate
94978003,Neoplasm of uncertain behaviour of pancreas
94983006,Neoplasm of uncertain behaviour of parathyroid gland
94989005,Neoplasm of uncertain behaviour of parotid gland
94994005,Neoplasm of uncertain behaviour of penis
95002008,Neoplasm of uncertain behaviour of pineal gland
95004009,Neoplasm of uncertain behaviour of pituitary gland
95005005,Neoplasm of uncertain behaviour of placenta
95006006,Neoplasm of uncertain behaviour of pleura
95014000,Neoplasm of uncertain behaviour of prostate
95024008,Neoplasm of uncertain behaviour of rectum
95025009,Neoplasm of uncertain behaviour of renal pelvis
95026005,Neoplasm of uncertain behaviour of respiratory tract
95039009,Neoplasm of uncertain behaviour of scrotum
95087004,Neoplasm of uncertain behaviour of skin
95107000,Neoplasm of uncertain behaviour of sphenoidal sinus
95108005,Neoplasm of uncertain behaviour of spinal cord
95109002,Neoplasm of uncertain behaviour of spinal meninges
95111006,Neoplasm of uncertain behaviour of spleen
95116001,Neoplasm of uncertain behaviour of sublingual gland
95127004,Neoplasm of uncertain behaviour of testis
95132003,Neoplasm of uncertain behaviour of retroperitoneum
95136000,Neoplasm of uncertain behaviour of thymus
95138004,Neoplasm of uncertain behaviour of thyroid gland
95141008,Neoplasm of uncertain behaviour of tongue
95144000,Neoplasm of uncertain behaviour of trachea
95161002,Neoplasm of uncertain behaviour of ureter
95163004,Neoplasm of uncertain behaviour of urethra
95167003,Neoplasm of uncertain behaviour of uterus
95170004,Neoplasm of uncertain behaviour of vagina
95181001,Neoplasm of uncertain behaviour of vocal cord
95183003,Neoplasm of uncertain behaviour of vulva
95186006,Nodular lymphoma of intra-abdominal lymph nodes
95187002,Nodular lymphoma of intrapelvic lymph nodes
95188007,Nodular lymphoma of intrathoracic lymph nodes
95192000,Nodular lymphoma of lymph nodes of multiple sites
95193005,Nodular lymphoma of spleen
95208000,Photogenic epilepsy
95210003,Plasma cell leukaemia
95214007,Primary malignant neoplasm of liver
95224004,Reticulosarcoma of intra-abdominal lymph nodes
95225003,Reticulosarcoma of intrapelvic lymph nodes
95226002,Reticulosarcoma of intrathoracic lymph nodes
95230004,Reticulosarcoma of lymph nodes of multiple sites
95231000,Reticulosarcoma of spleen
95263006,Sézary's disease of spleen
95293000,Supernumerary cervical vertebra
95298009,Supernumerary lumbar vertebra
95302001,Supernumerary thoracic vertebra
95304000,Thoracic hemivertebra
95412009,Pigmented villonodular synovitis
95434006,Tracheomalacia
95435007,Tracheo-oesophageal fistula
95441000,Pulmonary artery stenosis
95455008,Thrombosis of cerebral veins
95457000,Brain stem infarction
95460007,Cerebellar infarction
95466001,Congenital perforation of nasal septum
95468000,Congenital bronchomalacia
95565000,Pseudoporphyria
95576001,Dilatation of ureter
95609003,Neonatal lupus erythematosus
95644001,Systemic lupus erythematosus encephalitis
102449007,Tardive dyskinesia
103021001,Premature adrenarche
103075007,Humoural immune defect
105501005,Dependence on enabling machine or device
105503008,Dependence on wheelchair
105986008,Skeletal dysplasia
108369006,Neoplasm
109264009,Overlapping malignant neoplasm of skin
109266006,Melanoma in situ of skin (clinical)
109267002,Overlapping malignant melanoma of skin
109270003,Melanoma in situ of face
109272006,Melanoma in situ of lip
109274007,"Melanoma in situ of eyelid, including canthus"
109276009,Melanoma in situ of scalp
109278005,Melanoma in situ of ear
109284008,Melanoma in situ of trunk
109290007,Melanoma in situ of upper limb
109294003,Melanoma in situ of lower limb
109347009,Overlapping malignant neoplasm of bone and articular cartilage
109348004,Overlapping malignant neoplasm of bone and articular cartilage of limb
109355002,Carcinoma in situ
109359008,Primary malignant neoplasm of independent multiple sites
109365008,Overlapping malignant neoplasm of respiratory and intrathoracic organs
109367000,Overlapping malignant neoplasm of nasopharynx
109368005,Overlapping malignant neoplasm of hypopharynx
109369002,Overlapping malignant neoplasm of larynx
109371002,Overlapping malignant neoplasm of bronchus and lung
109378008,"Mesothelioma (malignant, clinical disorder)"
109383000,Malignant mesothelioma of pericardium
109384006,"Overlapping malignant neoplasm of heart, mediastinum and pleura"
109385007,Kaposi's sarcoma (clinical)
109386008,Kaposi's sarcoma of skin
109388009,Kaposi's sarcoma of palate
109391009,Kaposi's sarcoma of lymph nodes
109392002,Kaposi's sarcoma of multiple organs
109559009,Riedel's lobe of liver
109823006,Overlapping malignant neoplasm of tongue
109824000,Overlapping malignant neoplasm of major salivary gland
109830000,Overlapping malignant neoplasm of floor of mouth
109835005,Overlapping malignant neoplasm of oesophagus
109836006,Overlapping malignant neoplasm of stomach
109837002,Overlapping malignant neoplasm of small intestine
109838007,Overlapping malignant neoplasm of colon
109841003,Liver cell carcinoma
109843000,Hepatoblastoma
109844006,Angiosarcoma of liver
109847004,Overlapping malignant neoplasm of biliary tract
109848009,Overlapping malignant neoplasm of pancreas
109850001,Carcinoma in situ of digestive organ
109851002,Overlapping malignant neoplasm of retroperitoneum and peritoneum
109853004,Mesothelioma of peritoneum
109874003,Overlapping malignant neoplasm of male genital organs
109875002,Overlapping malignant neoplasm of penis
109876001,Primary malignant neoplasm of descended testis
109878000,Overlapping malignant neoplasm of female genital organs
109885001,Overlapping malignant neoplasm of vulva
109888004,Lobular carcinoma in situ of breast
109889007,Ductal carcinoma in situ of breast
109911004,Overlapping malignant neoplasm of brain and other parts of the central nervous system
109912006,Overlapping malignant neoplasm of brain
109914007,Neoplasm of uncertain behaviour of meninges
109917000,Neoplasm of uncertain behaviour of peripheral nerves and peripheral autonomic nervous system
109919002,Overlapping malignant neoplasm of peripheral nerves and autonomic nervous system
109948008,Overlapping malignant neoplasm of eye and adnexa (primary)
109962001,Diffuse non-Hodgkin's lymphoma
109964000,"Diffuse non-Hodgkin's lymphoma, undifferentiated"
109965004,"Diffuse non-Hodgkin's lymphoma, lymphoblastic (clinical)"
109966003,"Diffuse non-Hodgkin's lymphoma, immunoblastic (clinical)"
109969005,"Diffuse non-Hodgkin's lymphoma, large cell (clinical)"
109972003,"Follicular non-Hodgkin's lymphoma, large cell (clinical)"
109975001,T-zone lymphoma (clinical)
109976000,Lymphoepithelioid lymphoma (clinical)
109977009,Peripheral T-cell lymphoma (clinical)
109978004,T-cell lymphoma (clinical)
109982002,Alpha heavy chain disease (clinical)
109983007,Monoclonal gammopathy (clinical)
109984001,Gamma heavy chain disease (clinical)
109985000,Immunoproliferative small intestinal disease (clinical)
109988003,Histiocytic sarcoma (clinical)
109989006,Multiple myeloma
109991003,Acute panmyelosis with myelofibrosis
109992005,Polycythaemia vera (clinical)
109994006,Essential thrombocythaemia
109995007,Myelodysplastic syndrome (clinical)
109996008,Refractory anaemia (clinical)
109998009,Myelodysplastic syndrome with ring sideroblasts and single lineage dysplasia
110000005,Refractory anaemia with excess blasts in transformation (clinical)
110002002,Mast cell leukaemia (clinical)
110004001,"Acute promyelocytic leukaemia, FAB M3"
110005000,"Acute myelomonocytic leukaemia, FAB M4"
110006004,Prolymphocytic leukaemia (clinical)
110007008,Adult T-cell leukaemia/lymphoma
110013004,Overlapping malignant neoplasm of tonsil
110456001,"Hepatocholangioma, benign"
110457005,Angiomyoliposarcoma
110460003,"Plasma cell tumour, benign"
111288001,Ventricular flutter
111298007,Chronic cerebral ischaemia
111317000,Congenital absence of nose
111318005,Congenital cystic adenomatoid malformation of lung
111321007,Right aortic arch
111322000,Congenital anomaly of pulmonary veins
111323005,Total anomalous pulmonary venous return
111338006,Agenesis of nerve
111354009,Chronic vascular insufficiency of intestine
111382002,Chemically-induced lipidosis
111393000,Acatalasia
111396008,Chédiak-Higashi syndrome
111397004,Saccharopinuria
111496009,Syringomyelia
111501005,Congenital hereditary muscular dystrophy
111508004,Emery-Dreifuss muscular dystrophy
111563005,Adrenal hypofunction
111565003,Medulloadrenal hyperfunction
111568001,Hypothalamic syndrome
112676006,"Transitional cell carcinoma, spindle cell"
112677002,Bronchiolo-alveolar adenocarcinoma
112679004,Pseudomyxoma peritonei
112682009,Fibroma
112683004,Pleomorphic liposarcoma
112685006,"Carcinosarcoma, embryonal"
112687003,"Hodgkin lymphoma, lymphocyte depletion"
115215004,Adenoma AND/OR adenocarcinoma
115216003,Adnexal AND/OR skin appendage neoplasm
115217007,"Cystic, mucinous AND/OR serous neoplasm"
115218002,"Ductal, lobular AND/OR medullary neoplasm"
115219005,Acinar cell neoplasm
115220004,Complex epithelial neoplasm
115221000,Specialised gonadal neoplasm
115222007,Paraganglioma AND/OR glomus tumour
115224008,Soft tissue tumour AND/OR sarcoma
115225009,Fibromatous neoplasm
115226005,Myxomatous neoplasm
115227001,Lipomatous neoplasm
115228006,Myomatous neoplasm
115229003,Complex mixed AND/OR stromal neoplasm
115230008,Fibroepithelial neoplasm
115231007,Synovial like neoplasm
115232000,Mesothelial neoplasm
115233005,Germ cell neoplasm
115234004,Trophoblastic neoplasm
115236002,Lymphatic vessel tumour
115237006,Osseous AND/OR chondromatous neoplasm
115238001,Giant cell tumour
115239009,Bone tumour
115240006,Glioma
115241005,Neuroepitheliomatous neoplasm
115242003,Nerve sheath tumour
115243008,Granular cell tumour AND/OR alveolar soft part sarcoma
115244002,Malignant lymphoma - category
115245001,"Malignant lymphoma, follicular AND/OR nodular"
116020001,Disorder of branched-chain amino acid metabolism
118285006,Epithelial neoplasm
118286007,Squamous cell neoplasm
118287003,Transitional cell neoplasm
118599009,Hodgkin's disease (clinical)
118600007,Malignant lymphoma
118601006,Non-Hodgkin's lymphoma (clinical)
118602004,Hodgkin's granuloma (clinical)
118605002,"Hodgkin lymphoma, nodular lymphocyte predominance (clinical)"
118606001,Hodgkin's sarcoma (clinical)
118607005,Lymphocyte-rich classical Hodgkin lymphoma
118608000,"Hodgkin's disease, nodular sclerosis (clinical)"
118609008,"Hodgkin's disease, mixed cellularity (clinical)"
118610003,"Hodgkin's disease, lymphocytic depletion (clinical)"
118611004,Sezary's disease
118612006,Malignant histiocytosis (clinical)
118613001,Hairy cell leukaemia (clinical)
118614007,"Langerhans cell histiocytosis, disseminated (clinical)"
118615008,Malignant mast cell tumour (clinical)
118616009,Neoplastic disease of uncertain behaviour
118617000,Burkitt's lymphoma (clinical)
118618005,Mycosis fungoides (clinical)
118940003,Disorder of nervous system
119249001,Agammaglobulinaemia
119250001,Hypogammaglobulinaemia
122467006,Fitting procedure
123151001,Dermoid cyst
123572006,Congenital anomaly of rib
123844007,Neoplasm of endometrium
123967008,Tyrosinuria
124214007,Deficiency of steroid 11-beta-monooxygenase
124220008,Deficiency of steroid 17-alpha-monooxygenase
124221007,Deficiency of steroid 21-monooxygenase
124275001,Deficiency of hypoxanthine phosphoribosyltransferase
124302001,Deficiency of galactokinase
124322002,Deficiency of glycerol kinase
124437004,Deficiency of glucose-6-phosphatase
124628005,Deficiency of histidine ammonia-lyase
126488004,Neoplasm of skin
126490003,Neoplasm of sweat gland
126667002,Neoplasm of respiratory tract
126729006,Thrombotic microangiopathy
126824007,Neoplasm of stomach
126837005,Neoplasm of large intestine
126853008,Neoplasm of biliary tract
126859007,Neoplasm of pancreas
126879004,Neoplasm of urinary system
126880001,Neoplasm of kidney
126885006,Neoplasm of bladder
126926005,Neoplasm of breast
126945001,Perinatal anoxic-ischaemic brain injury
126952004,Neoplasm of brain
127021009,Neoplasm of adrenal gland
127022002,Neoplasm of adrenal cortex
127024001,Neoplasm of pituitary gland
127029006,Neoplasm of aortic body
127040003,Sickle cell-haemoglobin SS disease
127041004,Sickle cell-beta-thalassaemia
127068004,Histiocytic syndrome
127225006,Chronic myelomonocytic leukaemia
127324008,Myoclonic disorder
127570002,Basal cell neoplasm (morphology)
127571003,Mucoepidermoid neoplasm (morphology)
127578009,Odontogenic neoplasm (morphology)
127579001,Meningeal neoplasm (morphology)
127580003,Plasma cell neoplasm (morphology)
127581004,Mastocytosis
128188000,Cerebral palsy
128213006,Neuromuscular junction disorder
128241005,Inflammatory disease of liver
128462008,Metastatic malignant neoplasm
128467002,Neoplasm of uncertain behaviour of articular cartilage
128496001,Inflammatory disorder of muscle
128596003,Medium-chain acyl-coenzyme A dehydrogenase deficiency
128608001,Cerebral arterial aneurysm
128622001,Histiocytic neoplasm (morphology)
128623006,Myelodysplastic neoplasm
128632008,Non-small cell carcinoma
128636006,"Basal cell carcinoma, nodular"
128665000,Pituitary carcinoma
128694007,Serous surface papillary tumour of borderline malignancy
128726006,"Endometrial stromal sarcoma, low grade"
128736003,Solitary fibrous tumour
128767001,"Trophoblastic tumour, epithelioid"
128799007,"Hodgkin lymphoma, lymphocyte-rich"
128803008,Marginal zone B-cell lymphoma
128805001,"NK/T-cell lymphoma, nasal and nasal-type"
128812005,"Langerhans cell histiocytosis, disseminated"
128813000,Histiocytic sarcoma
128822004,Precursor cell lymphoblastic leukaemia
128825002,"Chronic myelogenous leukaemia, BCR/ABL positive"
128826001,Myelodysplastic and myeloproliferative neoplasm with neutrophilia
128831004,Chronic myelomonocytic leukaemia
128832006,Juvenile myelomonocytic leukaemia
128835008,Hypereosinophilic syndrome
128839002,Papillary ependymoma
128841001,Polycythaemia vera
128842008,Chronic myeloproliferative disease
128843003,Primary myelofibrosis
128844009,Essential thrombocythaemia
128846006,Myelodysplastic syndrome with ring sideroblasts and single lineage dysplasia
128847002,Myelodysplastic syndrome with increased blasts
128848007,Refractory anaemia with excess blasts in transformation
128849004,"Serous cystadenoma, borderline malignancy"
128850004,"Papillary cystadenoma, borderline malignancy"
128851000,Serous papillary cystic tumour of borderline malignancy
128852007,Mucinous cystic tumour of borderline malignancy
128853002,"Papillary mucinous cystadenoma, borderline malignancy"
128854008,Pilocytic astrocytoma
128855009,Glucagonoma of uncertain behaviour
128856005,Thymoma
128858006,Central neurocytoma
128859003,Villous adenoma
128860008,Juxtaglomerular tumour
128861007,Desmoplastic fibroma
128875000,Primary cutaneous CD30+ large T-cell lymphoma
128916007,Medullary carcinoma with amyloid stroma
128918008,Parosteal osteosarcoma
128920006,Malignant histiocytosis
128922003,Plasma cell leukaemia
128923008,Prolymphocytic leukaemia
128924002,Mast cell leukaemia
128928004,Neuroendocrine neoplasm
128929007,Non-Hodgkin lymphoma (category)
128931003,Leukaemia (category)
128933000,Chronic leukaemia (category)
128934006,Myeloid leukaemia (category)
128935007,Lymphoid leukaemia (category)
129000002,Eosinophilic granuloma
129575004,Cardiac pacemaker twiddler syndrome
134152008,Basal cell carcinoma - morphoeic
134328007,Lipoma
134401001,Left ventricular systolic dysfunction
134421000,Pathologic fracture of bone at site of metastatic neoplasm
155441006,Polyarteritis nodosa
161663000,H/O: tissue/organ recipient
161665007,History of renal transplant
161666008,H/O: heart recipient
161669001,H/O: bone tissue recipient
161672008,H/O: lung recipient
161677002,H/O: artificial heart valve
161696003,H/O: arthrodesis
169477005,Intrauterine contraceptive device fitted
171131006,Meningocele
173984004,Attention to ileostomy
186698009,Cytomegalovirus hepatitis
187197006,Toxoplasma hepatitis
187233002,Sarcoidosis of lung with sarcoidosis of lymph nodes
187601000,"Malignant neoplasm of upper lip, lipstick area"
187604008,"Malignant neoplasm of lower lip, external"
187606005,Malignant tumour of upper labial mucosa
187608006,Malignant tumour of fraenum of upper lip
187613005,"Malignant neoplasm of lower lip, buccal aspect"
187614004,Malignant tumour of fraenum of lower lip
187622006,Malignant tumour of labial mucosa
187624007,Malignant neoplasm of overlapping lesion of lip
187631006,Malignant neoplasm of base of tongue dorsal surface
187633009,Malignant neoplasm of dorsal surface of tongue
187634003,Malignant tumour of anterior two-thirds of tongue - dorsal surface
187635002,Malignant neoplasm of midline of tongue
187637005,"Malignant neoplasm of tongue, tip and lateral border"
187640005,Malignant tumour of anterior two-thirds of tongue - ventral surface
187641009,Malignant tumour of fraenum linguae
187644001,Malignant tumour of junctional zone of tongue
187652003,Malignant tumour of anterior floor of mouth
187653008,Malignant tumour of lateral floor of mouth
187658004,Malignant tumour of vestibule of mouth
187659007,Malignant tumour of upper buccal sulcus
187660002,Malignant tumour of lower buccal sulcus
187661003,Malignant tumour of upper labial sulcus
187662005,Malignant tumour of lower labial sulcus
187666008,Malignant neoplasm of junction of hard and soft palate
187675005,Malignant tumour of tonsillar pillar
187681002,Malignant neoplasm of anterior epiglottis
187682009,"Malignant neoplasm of epiglottis, free border"
187683004,Malignant neoplasm of glossoepiglottic fold
187685006,Malignant neoplasm of junctional region of epiglottis
187688008,Malignant tumour of posterior wall of oropharynx
187692001,Malignant tumour of nasopharynx
187693006,Malignant tumour of posterior wall of nasopharynx
187694000,Malignant tumour of adenoid
187697007,Malignant tumour of pharyngeal recess
187698002,Malignant tumour of opening of auditory tube
187700006,Malignant tumour of anterior wall of nasopharynx
187701005,Malignant neoplasm of floor of nasopharynx
187702003,Malignant tumour of nasopharyngeal soft palate surface
187708004,Malignant tumour aryepiglottic fold - hypopharyngeal aspect
187709007,Malignant neoplasm of posterior pharynx
187716008,Malignant tumour of Waldeyer's ring
187722004,Malignant tumour of cervical part of oesophagus
187723009,Malignant tumour of thoracic part of oesophagus
187724003,Malignant tumour of abdominal part of oesophagus
187725002,Malignant tumour of upper third of oesophagus
187726001,Malignant tumour of middle third of oesophagus
187727005,Malignant tumour of lower third of oesophagus
187732006,Malignant tumour of cardia
187733001,Malignant neoplasm of cardiac orifice of stomach
187734007,Malignant neoplasm of cardio-oesophageal junction of stomach
187736009,Malignant tumour of pylorus
187738005,Malignant neoplasm of pyloric canal of stomach
187740000,Malignant tumour of pyloric antrum
187741001,Malignant tumour of fundus of stomach
187742008,Malignant tumour of body of stomach
187752007,Malignant tumour of Meckel's diverticulum
187757001,"Malignant neoplasm, overlapping lesion of colon"
187760008,"Malignant neoplasm of rectum, rectosigmoid junction and anus"
187767006,Malignant neoplasm of liver and intrahepatic bile ducts
187769009,Primary carcinoma of liver
187773007,Malignant neoplasm of interlobular bile ducts
187776004,Malignant neoplasm of intrahepatic canaliculi
187777008,Malignant neoplasm of intrahepatic gall duct
187784000,Malignant neoplasm of hepatic duct
187786003,Malignant neoplasm of sphincter of Oddi
187791002,Malignant tumour of body of pancreas
187792009,Malignant tumour of tail of pancreas
187793004,Malignant tumour of pancreatic duct
187794005,Malignant tumour of Islets of Langerhans
187798008,Malignant neoplasm of ectopic pancreatic tissue
187801002,Malignant tumour of peritoneum and retroperitoneum
187803004,Malignant neoplasm of perinephric tissue
187804005,Malignant neoplasm of retrocaecal tissue
187807003,Overlapping malignant lesion of retroperitoneum and peritoneum
187808008,Malignant neoplasm of specified parts of peritoneum
187809000,Malignant neoplasm of mesocolon
187810005,Malignant neoplasm of mesocaecum
187811009,Malignant neoplasm of mesorectum
187814001,Malignant neoplasm of the pouch of Douglas
187821001,Angiosarcoma of spleen
187822008,Fibrosarcoma of spleen
187824009,Malignant neoplasm of overlapping sites of digestive system
187828007,"Malignant neoplasm of nasal cavities, middle ear and accessory sinuses"
187829004,Malignant neoplasm of cartilage of nose
187830009,Malignant neoplasm of nasal conchae
187831008,Malignant tumour of nasal vestibule
187833006,"Malignant neoplasm of auditory tube, middle ear and mastoid air cells"
187834000,Malignant tumour of Eustachian tube
187835004,Malignant tumour of tympanic cavity
187836003,Malignant tumour of tympanic antrum
187838002,"Malignant neoplasm, overlapping lesion of accessory sinuses"
187841006,Malignant tumour of glottis
187842004,Malignant tumour of supraglottis
187843009,Malignant neoplasm of arytenoid cartilage
187844003,Malignant neoplasm of cricoid cartilage
187845002,Malignant neoplasm of cuneiform cartilage
187846001,Malignant neoplasm of thyroid cartilage
187853005,Malignant neoplasm of cartilage of trachea
187854004,Malignant neoplasm of mucosa of trachea
187857006,Malignant neoplasm of carina of bronchus
187861000,Malignant neoplasm of upper lobe bronchus
187862007,Malignant neoplasm of upper lobe of lung
187864008,"Malignant neoplasm of middle lobe, bronchus or lung"
187865009,Malignant neoplasm of middle lobe bronchus
187866005,Malignant neoplasm of middle lobe of lung
187868006,"Malignant neoplasm of lower lobe, bronchus or lung"
187869003,Malignant neoplasm of lower lobe bronchus
187870002,Malignant neoplasm of lower lobe of lung
187881004,"Malignant neoplasm of thymus, heart and mediastinum"
187900002,Malignant neoplasm of bones of skull and face
187903000,Malignant neoplasm of malar bone
187906008,Malignant neoplasm of orbital bone
187916000,Malignant neoplasm of cervical vertebra
187917009,Malignant neoplasm of thoracic vertebra
187918004,Malignant neoplasm of lumbar vertebra
187920001,Malignant neoplasm of ribs and/or sternum and/or clavicle
187925006,Malignant neoplasm of costal cartilage
187926007,Malignant neoplasm of costovertebral joint
187927003,Malignant neoplasm of xiphoid process
187929000,Malignant neoplasm of scapula and long bones of upper arm
187932002,Malignant neoplasm of humerus
187937008,Malignant neoplasm of carpal bone - scaphoid
187938003,Malignant neoplasm of carpal bone - lunate
187939006,Malignant neoplasm of carpal bone - triquetrum
187940008,Malignant neoplasm of carpal bone - pisiform
187941007,Malignant neoplasm of carpal bone - trapezium
187942000,Malignant neoplasm of carpal bone - trapezoid
187943005,Malignant neoplasm of carpal bone - capitate
187944004,Malignant neoplasm of carpal bone - hamate
187945003,Malignant neoplasm of first metacarpal bone
187946002,Malignant neoplasm of second metacarpal bone
187947006,Malignant neoplasm of third metacarpal bone
187948001,Malignant neoplasm of fourth metacarpal bone
187949009,Malignant neoplasm of fifth metacarpal bone
187950009,Malignant neoplasm of phalanges of hand
187952001,"Malignant neoplasm of pelvic bones, sacrum and coccyx"
187956003,Malignant neoplasm of sacral vertebra
187957007,Malignant neoplasm of coccygeal vertebra
187967002,Malignant neoplasm of calcaneum
187968007,Malignant neoplasm of medial cuneiform
187969004,Malignant neoplasm of intermediate cuneiform
187970003,Malignant neoplasm of lateral cuneiform
187972006,Malignant neoplasm of navicular
187973001,Malignant neoplasm of first metatarsal bone
187974007,Malignant neoplasm of second metatarsal bone
187975008,Malignant neoplasm of third metatarsal bone
187976009,Malignant neoplasm of fourth metatarsal bone
187977000,Malignant neoplasm of fifth metatarsal bone
187978005,Malignant neoplasm of phalanges of foot
187987001,Malignant neoplasm of cartilage of ear
187988006,Malignant neoplasm of tarsus of eyelid
187989003,Malignant neoplasm soft tissues of cervical spine
187991006,Malignant neoplasm of connective and soft tissue of upper limb and shoulder
187992004,Malignant neoplasm of connective and soft tissue of shoulder
187993009,"Malignant neoplasm of connective and soft tissue, upper arm"
187994003,Malignant neoplasm of connective and soft tissue of forearm
187995002,Malignant neoplasm of connective and soft tissue of hand
187996001,Malignant neoplasm of connective and soft tissue of finger
187997005,Malignant neoplasm of connective and soft tissue of thumb
187999008,Malignant neoplasm of connective and soft tissue of hip and lower limb
188000002,Malignant neoplasm of connective and soft tissue of hip
188001003,Malignant neoplasm of connective and soft tissue of thigh and upper leg
188002005,Malignant neoplasm of connective and soft tissue of popliteal space
188003000,Malignant neoplasm of connective and soft tissue of lower leg
188004006,Malignant neoplasm of connective and soft tissue of foot
188005007,Malignant neoplasm of connective and soft tissue of toe
188006008,Malignant neoplasm of connective and soft tissue of great toe
188009001,Malignant neoplasm of connective and soft tissue of thorax
188010006,Malignant neoplasm of connective and soft tissue of axilla
188013008,Malignant neoplasm of connective and soft tissues of thoracic spine
188015001,Malignant neoplasm of connective and soft tissue of abdomen
188016000,Malignant neoplasm of connective and soft tissue of abdominal wall
188017009,Malignant neoplasm of connective and soft tissues of lumbar spine
188019007,Malignant neoplasm of connective and soft tissue of pelvis
188020001,Malignant neoplasm of connective and soft tissue of buttock
188021002,Malignant neoplasm of connective and soft tissue of inguinal region
188022009,Malignant neoplasm of connective and soft tissue of perineum
188023004,Malignant neoplasm of connective and soft tissue of sacrum or coccyx
188026007,"Malignant neoplasm, overlapping lesion of connective and soft tissue"
188029000,Kaposi's sarcoma of soft tissue
188030005,Malignant melanoma of lip
188032002,Malignant melanoma of ear and/or external auditory canal
188033007,Malignant melanoma of auricle (ear)
188034001,Malignant melanoma of external auditory meatus
188038003,Malignant melanoma of chin
188040008,Malignant melanoma of forehead
188042000,Malignant melanoma of temple
188044004,Malignant melanoma of scalp and/or neck
188045003,Malignant melanoma of scalp
188046002,Malignant melanoma of neck
188049009,Malignant melanoma of axilla
188050009,Malignant melanoma of breast
188051008,Malignant melanoma of buttock
188052001,Malignant melanoma of groin
188054000,Malignant melanoma of perineum
188055004,Malignant melanoma of umbilicus
188060000,Malignant melanoma of shoulder
188061001,Malignant melanoma of upper arm
188062008,Malignant melanoma of forearm
188063003,Malignant melanoma of hand
188064009,Malignant melanoma of finger
188065005,Malignant melanoma of thumb
188067002,Malignant melanoma of lower limb and hip
188068007,Malignant melanoma of hip
188069004,Malignant melanoma of thigh
188070003,Malignant melanoma of knee
188071004,Malignant melanoma of popliteal fossa area
188072006,Malignant melanoma of lower leg
188073001,Malignant melanoma of ankle
188074007,Malignant melanoma of heel
188075008,Malignant melanoma of foot
188076009,Malignant melanoma of toe
188077000,Malignant melanoma of great toe
188089003,Malignant neoplasm of skin of ear and external auditory canal
188090007,Malignant neoplasm of skin of auricle (ear)
188091006,Malignant neoplasm of skin of external auditory meatus
188095002,"Malignant neoplasm of skin of cheek, external"
188099008,Malignant neoplasm of skin of nose (external)
188100000,Malignant neoplasm of skin of temple
188102008,Malignant neoplasm of scalp and/or skin of neck
188103003,Malignant neoplasm of scalp
188107002,Malignant neoplasm of skin of axillary fold
188110009,Malignant neoplasm of skin of abdominal wall
188119005,Malignant neoplasm of skin of upper limb and shoulder
188121000,Malignant neoplasm of skin of upper arm
188122007,Malignant neoplasm of skin of forearm
188125009,Malignant neoplasm of skin of thumb
188127001,Malignant neoplasm of skin of lower limb and hip
188132000,Malignant neoplasm of skin of popliteal fossa area
188133005,Malignant neoplasm of skin of lower leg
188135003,Malignant neoplasm of skin of heel
188138001,Malignant neoplasm of skin of great toe
188147009,Malignant neoplasm of nipple and areola of female breast
188151006,Malignant neoplasm of central part of female breast
188152004,Malignant neoplasm of upper-inner quadrant of female breast
188153009,Malignant neoplasm of lower-inner quadrant of female breast
188154003,Malignant neoplasm of upper-outer quadrant of female breast
188155002,Malignant neoplasm of lower-outer quadrant of female breast
188156001,Malignant neoplasm of axillary tail of female breast
188157005,Malignant neoplasm of overlapping sites of breast
188159008,Malignant neoplasm of ectopic site of female breast
188163001,Malignant neoplasm of nipple and areola of male breast
188168005,Malignant neoplasm of ectopic site of male breast
188176007,Malignant neoplasm of endocervical canal
188177003,Malignant neoplasm of endocervical gland
188180002,Primary malignant neoplasm of overlapping sites of cervix uteri
188183000,Malignant neoplasm of cervical stump
188184006,Malignant neoplasm of squamocolumnar junction of cervix
188188009,Choriocarcinoma
188189001,"Malignant neoplasm of corpus uteri, excluding isthmus"
188190005,Malignant neoplasm of cornu of corpus uteri
188191009,Malignant neoplasm of fundus of corpus uteri
188192002,Malignant neoplasm of endometrium of corpus uteri
188193007,Malignant neoplasm of myometrium of corpus uteri
188195000,Malignant neoplasm of isthmus of uterine body
188196004,Malignant neoplasm of lower uterine segment
188198003,Malignant neoplasm of overlapping lesion of corpus uteri
188204000,Malignant neoplasm of round ligament
188208002,Malignant neoplasm of Gartner's duct
188209005,Malignant neoplasm of vaginal vault
188211001,Malignant neoplasm of greater vestibular (Bartholin's) gland
188219004,Malignant tumour of undescended testis
188220005,Malignant tumour of ectopic testis
188230001,Malignant tumour of body of penis
188234005,Malignant tumour of seminal vesicle
188235006,Malignant tumour of tunica vaginalis
188239000,Malignant tumour of trigone of urinary bladder
188240003,Malignant tumour of vault of bladder
188241004,Malignant neoplasm of lateral wall of urinary bladder
188242006,Malignant neoplasm of anterior wall of urinary bladder
188243001,Malignant neoplasm of posterior wall of urinary bladder
188244007,Malignant tumour of bladder neck
188245008,Malignant tumour of ureteric orifice
188247000,Malignant neoplasm of overlapping sites of bladder
188250002,Malignant tumour of kidney parenchyma
188251003,Hypernephroma
188252005,Malignant tumour of renal calyx
188253000,Malignant tumour of pelviureteric junction
188256008,Malignant neoplasm of overlapping sites of urinary organs
188261005,"Malignant neoplasm of eyeball excluding conjunctiva, cornea, retina and choroid"
188263008,Malignant tumour of ciliary body
188264002,Malignant tumour of iris
188265001,Malignant neoplasm of crystalline lens
188266000,Malignant neoplasm of sclera
188268004,Malignant neoplasm of connective tissue of orbit
188269007,Malignant neoplasm of extraocular muscle of orbit
188272000,Malignant tumour of lacrimal gland
188273005,Malignant neoplasm of lacrimal sac
188274004,Malignant neoplasm of nasolacrimal duct
188280007,Malignant neoplasm of cerebrum (excluding lobes and ventricles)
188281006,Malignant neoplasm of basal ganglia
188282004,Malignant neoplasm of cerebral cortex
188283009,Malignant neoplasm of corpus striatum
188285002,Malignant neoplasm of globus pallidus
188286001,Malignant tumour of hypothalamus
188287005,Malignant neoplasm of thalamus
188289008,Malignant neoplasm of hippocampus
188290004,Malignant neoplasm of uncus
188292007,Malignant tumour of choroid plexus
188293002,Malignant neoplasm of floor of cerebral ventricle
188295009,Malignant neoplasm of cerebral peduncle
188296005,Malignant neoplasm of medulla oblongata
188297001,Malignant neoplasm of midbrain
188298006,Malignant neoplasm of pons
188301005,Malignant neoplasm of corpus callosum
188302003,Malignant neoplasm of tapetum
188307009,Malignant tumour of cranial nerve
188308004,Malignant neoplasm of olfactory bulb
188312005,Malignant neoplasm of cerebral dura mater
188313000,Malignant neoplasm of cerebral arachnoid mater
188315007,Malignant neoplasm of cerebral pia mater
188317004,Malignant neoplasm of spinal dura mater
188318009,Malignant neoplasm of spinal arachnoid mater
188319001,Malignant neoplasm of spinal pia mater
188321006,Malignant neoplasm of peripheral nerves and autonomic nervous system
188322004,"Malignant neoplasm of peripheral nerves of head, face and neck"
188323009,"Malignant neoplasm of peripheral nerves of upper limb, including shoulder"
188324003,"Malignant neoplasm of peripheral nerves of lower limb, including hip"
188325002,Malignant neoplasm of peripheral nerve of thorax
188326001,Malignant neoplasm of peripheral nerve of abdomen
188327005,Malignant neoplasm of peripheral nerve of pelvis
188339002,Malignant neoplasm of pituitary gland and craniopharyngeal duct
188340000,Malignant tumour of craniopharyngeal duct
188353002,"Malignant neoplasm of head, neck and face"
188361007,Malignant neoplasm of thorax
188366002,Malignant neoplasm of abdomen
188445006,Metastatic malignant neoplasm to retroperitoneum and peritoneum
188454009,Metastatic malignant neoplasm to skin of head
188458007,Metastatic malignant neoplasm to skin of shoulder and arm
188459004,Secondary malignant neoplasm of skin of hip and leg
188462001,Metastatic malignant neoplasm to brain and spinal cord
188469005,Metastatic malignant neoplasm to cervix uteri
188471005,Metastatic malignant neoplasm to epididymis and vas deferens
188478004,Malignant neoplasms of independent (primary) multiple sites
188487008,Lymphosarcoma and reticulosarcoma
188489006,"Reticulosarcoma of lymph nodes of head, face and neck"
188492005,Reticulosarcoma of lymph nodes of axilla and upper limb
188493000,Reticulosarcoma of lymph nodes of inguinal region and lower limb
188498009,Lymphosarcoma
188500005,"Lymphosarcoma of lymph nodes of head, face and neck"
188501009,Lymphosarcoma of intrathoracic lymph nodes
188502002,Lymphosarcoma of intra-abdominal lymph nodes
188503007,Lymphosarcoma of lymph nodes of axilla and upper limb
188504001,Lymphosarcoma of lymph nodes of inguinal region and lower limb
188505000,Lymphosarcoma of intrapelvic lymph nodes
188506004,Lymphosarcoma of spleen
188507008,Lymphosarcoma of lymph nodes of multiple sites
188510001,"Burkitt's lymphoma of lymph nodes of head, face and neck"
188511002,Burkitt's lymphoma of intrathoracic lymph nodes
188512009,Burkitt's lymphoma of intra-abdominal lymph nodes
188513004,Burkitt lymphoma of lymph nodes of axilla and upper limb
188514005,Burkitt lymphoma of lymph nodes of inguinal region and lower limb
188515006,Burkitt's lymphoma of intrapelvic lymph nodes
188516007,Burkitt's lymphoma of spleen
188517003,Burkitt's lymphoma of lymph nodes of multiple sites
188524002,Hodgkin's paragranuloma of intrathoracic lymph nodes
188526000,Hodgkin's paragranuloma of intra-abdominal lymph nodes
188529007,Hodgkin's paragranuloma of intrapelvic lymph nodes
188531003,Hodgkin's paragranuloma of lymph nodes of multiple sites
188534006,"Hodgkin's granuloma of lymph nodes of head, face and neck"
188536008,Hodgkin's granuloma of intra-abdominal lymph nodes
188537004,Hodgkin's granuloma of lymph nodes of axilla and upper limb
188538009,Hodgkin's granuloma of lymph nodes of inguinal region and lower limb
188541000,Hodgkin's granuloma of lymph nodes of multiple sites
188544008,"Hodgkin's sarcoma of lymph nodes of head, face and neck"
188547001,Hodgkin's sarcoma of lymph nodes of axilla and upper limb
188548006,Hodgkin's sarcoma of lymph nodes of inguinal region and lower limb
188551004,Hodgkin's sarcoma of lymph nodes of multiple sites
188554007,"Hodgkin's disease, lymphocytic-histiocytic predominance of lymph nodes of head, face and neck"
188558005,"Hodgkin's disease, lymphocytic-histiocytic predominance of lymph nodes of axilla and upper limb"
188559002,"Hodgkin's disease, lymphocytic-histiocytic predominance of lymph nodes of inguinal region and lower limb"
188562004,"Hodgkin's disease, lymphocytic-histiocytic predominance of lymph nodes of multiple sites"
188565002,"Hodgkin's disease, nodular sclerosis of lymph nodes of head, face and neck"
188566001,"Hodgkin's disease, nodular sclerosis of intrathoracic lymph nodes"
188567005,"Hodgkin's disease, nodular sclerosis of intra-abdominal lymph nodes"
188568000,"Hodgkin's disease, nodular sclerosis of lymph nodes of axilla and upper limb"
188569008,"Hodgkin's disease, nodular sclerosis of lymph nodes of inguinal region and lower limb"
188570009,"Hodgkin's disease, nodular sclerosis of intrapelvic lymph nodes"
188572001,"Hodgkin's disease, nodular sclerosis of lymph nodes of multiple sites"
188575004,"Hodgkin's disease, mixed cellularity of lymph nodes of head, face and neck"
188576003,"Hodgkin's disease, mixed cellularity of intrathoracic lymph nodes"
188577007,"Hodgkin's disease, mixed cellularity of intra-abdominal lymph nodes"
188578002,"Hodgkin's disease, mixed cellularity of lymph nodes of axilla and upper limb"
188579005,"Hodgkin's disease, mixed cellularity of lymph nodes of inguinal region and lower limb"
188580008,"Hodgkin's disease, mixed cellularity of intrapelvic lymph nodes"
188582000,"Hodgkin's disease, mixed cellularity of lymph nodes of multiple sites"
188585003,"Hodgkin's disease, lymphocytic depletion of lymph nodes of head, face and neck"
188586002,"Hodgkin's disease, lymphocytic depletion of intrathoracic lymph nodes"
188587006,"Hodgkin's disease, lymphocytic depletion of intra-abdominal lymph nodes"
188589009,"Hodgkin's disease, lymphocytic depletion of lymph nodes of axilla and upper limb"
188590000,"Hodgkin's disease, lymphocytic depletion of lymph nodes of inguinal region and lower limb"
188591001,"Hodgkin's disease, lymphocytic depletion of intrapelvic lymph nodes"
188592008,"Hodgkin's disease, lymphocytic depletion of spleen"
188593003,"Hodgkin's disease, lymphocytic depletion of lymph nodes of multiple sites"
188609000,"Nodular lymphoma of lymph nodes of head, face and neck"
188612002,Nodular lymphoma of lymph nodes of axilla and upper limb
188613007,Nodular lymphoma of lymph nodes of inguinal region and lower limb
188627002,Mycosis fungoides of lymph nodes of multiple sites
188630009,"Sézary's disease of lymph nodes of head, face and neck"
188631008,Sézary's disease of intrathoracic lymph nodes
188632001,Sézary's disease of intra-abdominal lymph nodes
188633006,Sezary's disease of lymph nodes of axilla and upper limb
188634000,Sézary's disease of lymph nodes of inguinal region and lower limb
188635004,Sézary's disease of intrapelvic lymph nodes
188637007,Sézary's disease of lymph nodes of multiple sites
188640007,"Malignant histiocytosis of lymph nodes of head, face and neck"
188641006,Malignant histiocytosis of lymph nodes of axilla and upper limb
188642004,Malignant histiocytosis of lymph nodes of inguinal region and lower limb
188645002,"Leukaemic reticuloendotheliosis of lymph nodes of head, face and neck"
188648000,Leukaemic reticuloendotheliosis of lymph nodes of axilla and upper limb
188649008,Leukaemic reticuloendotheliosis of lymph nodes of inguinal region and lower limb
188651007,Leukaemic reticuloendotheliosis of spleen
188660004,Malignant mast cell tumours
188662007,Mast cell malignancy of lymph nodes of head and neck
188663002,Mast cell malignancy of intrathoracic lymph nodes
188664008,Mast cell malignancy of intra-abdominal lymph nodes
188665009,Mast cell malignancy of lymph nodes of axilla and upper limb
188666005,Mast cell malignancy of lymph nodes of inguinal region and lower limb
188667001,Mast cell malignancy of intrapelvic lymph nodes
188668006,Malignant mast cell sarcoma of spleen
188669003,Mast cell malignancy of lymph nodes of multiple sites
188672005,Follicular non-Hodgkin's mixed small cleaved and large cell lymphoma
188674006,Diffuse malignant lymphoma - small non-cleaved cell
188675007,Malignant lymphoma - small cleaved cell
188676008,Malignant lymphoma - mixed small and large cell
188679001,Diffuse non-Hodgkin's lymphoma undifferentiated (diffuse)
188691005,Malignant immunoproliferative small intestinal disease
188718006,Extramedullary plasmacytoma
188725004,Lymphoid leukaemia
188726003,Subacute lymphoid leukaemia
188728002,Aleukaemic lymphoid leukaemia
188729005,Adult T-cell leukaemia
188732008,Myeloid leukaemia
188733003,Chronic eosinophilic leukaemia
188734009,Chronic neutrophilic leukaemia
188736006,Subacute myeloid leukaemia
188737002,Chloroma
188738007,Granulocytic sarcoma
188741003,Aleukaemic myeloid leukaemia
188744006,Monocytic leukaemia
188745007,Chronic monocytic leukaemia
188746008,Subacute monocytic leukaemia
188748009,Aleukaemic monocytic leukaemia
188754005,Megakaryocytic leukaemia
188768003,Myelomonocytic leukaemia
188770007,Subacute myelomonocytic leukaemia
189212001,Carcinoma in situ of salivary gland
189229003,Carcinoma in situ of splenic flexure
189231007,Carcinoma in situ of rectum and rectosigmoid junction
189243008,Carcinoma in situ of hepatic duct
189246000,Carcinoma in situ of sphincter of Oddi
189251006,Carcinoma in situ of respiratory system
189252004,Carcinoma in situ of thyroid cartilage
189253009,Carcinoma in situ of cricoid cartilage
189255002,Carcinoma in situ of arytenoid cartilage
189256001,Carcinoma in situ of corniculate cartilage
189257005,Carcinoma in situ of cuneiform cartilage
189258000,Carcinoma in situ of aryepiglottic fold
189259008,Carcinoma in situ of vestibular fold
189262006,Carcinoma in situ of bronchus and lung
189263001,Carcinoma in situ of carina of bronchus
189265008,Carcinoma in situ of upper lobe bronchus and lung
189266009,Carcinoma in situ of middle lobe bronchus and lung
189267000,Carcinoma in situ of lower lobe bronchus and lung
189271002,Carcinoma in situ of tympanic cavity
189272009,Carcinoma in situ of tympanic antrum
189277003,Carcinoma in situ of skin of eyelid including canthus
189279000,Carcinoma in situ of skin of auricle
189280002,Carcinoma in situ of skin of external auditory canal
189288009,Carcinoma in situ of skin of temple
189289001,Carcinoma in situ of skin of jaw
189291009,Carcinoma in situ of scalp and skin of neck
189292002,Carcinoma in situ of scalp
189295000,"Carcinoma in situ of skin of trunk, excluding scrotum"
189300003,Carcinoma in situ of skin of abdominal wall
189306009,Carcinoma in situ of skin of upper limb and shoulder
189308005,Carcinoma in situ of skin of upper arm
189309002,Carcinoma in situ of skin of lower arm
189313009,Carcinoma in situ of skin of lower limb and hip
189317005,Carcinoma in situ of skin of lower leg
189324006,Melanoma in situ of skin structure of scalp and/or neck
189336000,Carcinoma in situ of breast
189361002,Neoplasm of uncertain behaviour of digestive and respiratory systems
189362009,Neoplasm of uncertain behaviour of major salivary gland
189365006,Neoplasm of uncertain behaviour of submandibular gland
189371000,Neoplasm of uncertain behaviour of gums
189392000,Neoplasm of uncertain behaviour of hepatic duct
189397006,Neoplasm of uncertain behaviour of sphincter of Oddi
189399009,Neoplasm of uncertain behaviour of retroperitoneum and peritoneum
189401003,Neoplasm of uncertain behaviour of peritoneum
189406008,Neoplasm of uncertain behaviour of anal canal and sphincter
189410006,Neoplasm of uncertain behaviour of thyroid cartilage
189412003,Neoplasm of uncertain behaviour of cricoid cartilage
189414002,Neoplasm of uncertain behaviour of arytenoid cartilage
189415001,Neoplasm of uncertain behaviour of corniculate cartilage
189416000,Neoplasm of uncertain behaviour of cuneiform cartilage
189417009,Neoplasm of uncertain behaviour of aryepiglottic fold
189432002,Neoplasm of uncertain behaviour of tympanic cavity
189433007,Neoplasm of uncertain behaviour of tympanic antrum
189435000,Neoplasm of uncertain behaviour of mastoid air cells
189441007,Neoplasm of uncertain behaviour of genitourinary organs
189473001,Neoplasm of uncertain behaviour of paraganglia
189484008,Neoplasm of uncertain behaviour of brain and spinal cord
189487001,"Neoplasm of uncertain or unknown behaviour of brain, supratentorial"
189488006,"Neoplasm of uncertain or unknown behaviour of brain, infratentorial"
189494003,Neoplasm of uncertain or unknown behaviour of peripheral nerves and autonomic nervous system
189509003,"Refractory anaemia without sideroblasts, so stated"
189598002,Adenocarcinoma in situ in a polyp
189607006,Carcinoid tumour - morphology
189643000,Papillary and follicular adenocarcinoma
189826001,Malignant cystosarcoma phyllodes
189833001,Benign biphasic mesothelioma
189849004,Dermoid cyst with secondary tumour
189857001,Choriocarcinoma combined with teratoma
189906004,Pinealoma - morphology
189919000,Primitive polar spongioblastoma
189923008,Monstrocellular sarcoma
189958005,"Lymphomatous tumour, benign"
189962004,"Malignant lymphoma, stem cell type"
189982000,Reticulosarcoma morphology
189984004,"Reticulosarcoma, pleomorphic cell type"
189985003,"Reticulosarcoma, nodular"
190055003,Eosinophilic leukaemia
190268003,Congenital hypothyroidism
190470005,Idiopathic panhypopituitarism
190471009,Post-birth injury panhypopituitarism
190472002,Post-infarction panhypopituitarism
190480009,Follicle stimulating hormone deficiency
190481008,LH - luteinising hormone deficiency
190492009,Diencephalic syndrome secondary to tumour
190501008,Idiopathic Cushing's syndrome
190502001,Pituitary dependent hypercortisolism
190507007,Primary aldosteronism
190511001,Congenital adrenogenital syndrome
190512008,Acquired adrenogenital syndrome
190524001,Drug-induced adrenocortical insufficiency
190525000,Postprocedural adrenocortical(-medullary) hypofunction
190680002,Disorders of amino acid transport and metabolism
190681003,Cystinosis
190682005,Cystinaemia
190694001,Tyrosinaemia
190700007,Leucinosis
190701006,Isoleucinosis
190722000,Disorder of threonine metabolism
190724004,Disorder of glutamine metabolism
190732007,Alaninaemia
190737001,Iminoacidopathy
190745006,Galactosaemia
190760009,Disorders of pyruvate metabolism and gluconeogenesis
190764000,Essential pentosuria
190773008,Hyperbetalipoproteinaemia
190774002,"Hyperlipidaemia, group A"
190785000,Hypoalphalipoproteinaemia
190786004,Hypo-beta-lipoproteinaemia
190787008,Abetalipoproteinaemia
190794006,Gaucher's disease
190802005,Pelvic lipomatosis
190808009,Polyclonal hypergammaglobulinaemia
190809001,Waldenstrom's hypergammaglobulinaemic purpura
190810006,Benign primary hypergammaglobulinaemic purpura
190814002,Cryoglobulinaemic purpura
190815001,Cryoglobulinaemic vasculitis
190817009,Macroglobulinaemia
190818004,Waldenström macroglobulinaemia
190846002,"Haemosiderosis, primary"
190847006,"Haemosiderosis, acquired"
190855004,Hypomagnesaemia
190856003,Hypomagnesaemic tetany
190859005,Hypophosphatasia
190860000,Hypophosphatasia rickets
190905008,Cystic fibrosis
190909002,Cystic fibrosis with intestinal manifestations
190913009,Congenital porphyria
190915002,Coproporphyria
190919008,Xanthinuria
190920002,Hyperuricaemia without signs of inflammatory arthritis and tophaceous disease
190923000,Sporadic primary amyloidosis
190932003,Disorders of bilirubin excretion
190944000,Alpha-1-antitrypsin hepatitis
190948002,Defect in post-translational modification of lysosomal enzymes
190952002,Enterokinase deficiency
190953007,Trypsinogen deficiency
190955000,Histiocytosis X syndrome
190959006,Haemophagocytic lymphohistiocytosis due to infection
190979003,Selective immunoglobulin A deficiency
190980000,Selective immunoglobulin M deficiency
190981001,Selective immunoglobulin G deficiency
190986006,Antibody deficiency with near-normal immunoglobulins or with hyperimmunoglobulinaemia
190993005,Autosomal recessive severe combined immunodeficiency
190995003,Thymic aplasia or dysplasia with immunodeficiency
190996002,Severe combined immunodeficiency with reticular dysgenesis
190997006,Severe combined immunodeficiency with low T- and B-cell numbers
190998001,Severe combined immunodeficiency with low or normal B-cell numbers
191001007,Major histocompatibility complex class I deficiency
191002000,Major histocompatibility complex class II deficiency
191008001,Immunodeficiency following hereditary defective response to Epstein-Barr virus
191011000,Common variable immunodeficiency with predominant abnormalities of B-cell numbers and functions
191012007,Common variable immunodeficiency with predominant immunoregulatory T-cell disorders
191013002,Common variable immunodeficiency with autoantibodies to B- or T-cells
191018006,Lymphocyte function antigen-1 defect
191169008,Hereditary elliptocytosis
191170009,Haemolytic anaemia due to glutathione metabolism disorder
191172001,Favism
191177007,Haemolytic anaemia due to hexokinase deficiency
191178002,Haemolytic anaemia due to pyruvate kinase deficiency
191179005,Haemolytic anaemia due to triose phosphate isomerase deficiency
191180008,Anaemia due to disorders of nucleotide metabolism
191189009,Beta thalassaemia intermedia
191201002,Hereditary persistence of foetal haemoglobin
191202009,Haemoglobin Zurich disease
191216004,Non-autoimmune haemolytic anaemia
192673008,Sarcoid meningitis
192781003,Leucodystrophy
192782005,Galactosylceramide beta-galactosidase deficiency
192787004,B variant hexosaminidase A deficiency
192788009,Retinal dystrophy in cerebroretinal lipidosis
192791009,Cerebral degeneration in Gaucher's disease
192792002,Cerebral degeneration in Niemann-Pick disease
192794001,Cerebral degeneration associated with another disorder
192795000,Cerebral degeneration in Hunter's disease
192796004,Cerebral degeneration in mucopolysaccharidosis
192805000,Non-obstructive hydrocephalus
192811002,Alcoholic encephalopathy
192812009,Cerebral degeneration due to beriberi
192813004,Cerebral degeneration due to cerebrovascular disease
192814005,Cerebral degeneration due to congenital hydrocephalus
192815006,Cerebral degeneration due to neoplastic disease
192816007,Myxoedema encephalopathy
192817003,Cerebral degeneration due to vitamin B12 deficiency
192818008,Cerebral degeneration due to Creutzfeldt-Jakob disease
192819000,Cerebral degeneration due to progressive multifocal leucoencephalopathy
192835007,Parkinsonism with orthostatic hypotension
192845009,Myoclonic encephalopathy
192848006,Tics of organic origin
192859002,Fragments of torsion dystonia
192871008,Early onset cerebellar ataxia with myoclonus
192874000,Cerebellar ataxia associated with another disorder
192876003,Myxoedema cerebellar degeneration
192877007,Paraneoplastic cerebellar degeneration
192894009,Syringomyelia and syringobulbia
192897002,Myelopathy due to acute infarction of spinal cord
192898007,Myelopathy due to arterial thrombosis of spinal cord
192899004,Myelopathy due to oedema of spinal cord
192900009,Myelopathy due to haematomyelia
192904000,Myelopathy due to another disorder
192905004,Myelopathy due to intervertebral disc disease
192906003,Myelopathy due to neoplastic disease
192907007,Myelopathy due to spondylosis
192926004,Multiple sclerosis of the brainstem
192927008,Multiple sclerosis of the spinal cord
192928003,Generalised multiple sclerosis
192929006,Exacerbation of multiple sclerosis
192933004,Acute and subacute haemorrhagic leucoencephalitis [Hurst]
192949002,Congenital paraplegia
192957004,Ataxic infantile cerebral palsy
192958009,Hypotonic cerebral palsy
192964002,Flaccid tetraplegia
192965001,Spastic tetraplegia
192966000,Flaccid paraplegia
192967009,Spastic paraplegia
192970008,Cauda equina syndrome
192971007,Cauda equina syndrome not affecting bladder
192979009,Generalised non-convulsive epilepsy
192981006,Atonic epileptic seizure
192982004,Epileptic seizures - akinetic
192990004,Myoclonic epilepsy in infancy
192991000,Clonic epileptic seizure
192992007,Epileptic seizures - myoclonic
192993002,Tonic epileptic seizure
192999003,Partial epilepsy with impairment of consciousness
193000002,Temporal lobe epilepsy
193002005,Psychosensory epilepsy
193003000,Mesiobasal limbic epilepsy
193004006,Epileptic automatism
193008009,Somatosensory epilepsy
193009001,Partial epilepsy with autonomic symptoms
193010006,Visual reflex epilepsy
193011005,Unilateral epilepsy
193017009,Kojevnikov's epilepsy
193021002,Cursive (running) epilepsy
193022009,Localization-related(focal)(partial)idiopathic epilepsy and epileptic syndromes with seizures of localised onset
193206003,Persistent neonatal myasthenia gravis
193207007,Juvenile or adult myasthenia gravis
193209005,Myasthenic syndrome due to another disorder
193212008,Myasthenic syndrome due to hypothyroidism
193213003,Myasthenic syndrome due to pernicious anaemia
193214009,Myasthenic syndrome due to thyrotoxicosis
193216006,Congenital and developmental myasthenia
193222002,Benign congenital myopathy
193225000,Hereditary progressive muscular dystrophy
193227008,Pelvic muscular dystrophy
193230001,Distal muscular dystrophy with juvenile onset
193237003,Myotonic disorder
193238008,Infantile myotonia
193246009,Symptomatic inflammatory myopathy associated with another disorder
193247000,Amyloid myopathy
193248005,Myopathy due to disseminated lupus erythematosus
193249002,Myopathy due to polyarteritis nodosa
193250002,Myopathy due to rheumatoid arthritis
193251003,Sarcoid myopathy
193252005,Myopathy due to scleroderma
193253000,Myopathy due to Sjögren's disease
193255007,Proximal myopathy
193261005,Myopathy or muscular dystrophy NOS
194892009,Pulmonary artery aneurysm
194978002,Non-rheumatic mitral regurgitation
194983005,"Aortic incompetence, non-rheumatic"
194984004,"Aortic stenosis, non-rheumatic"
194987006,Aortic valve stenosis with insufficiency
194989009,"Tricuspid valve disorder, non-rheumatic"
194990000,"Tricuspid incompetence, non-rheumatic"
194991001,"Tricuspid stenosis, non-rheumatic"
194992008,Non-rheumatic tricuspid valve stenosis with insufficiency
194995005,"Pulmonary incompetence, non-rheumatic"
194997002,"Pulmonary stenosis, non-rheumatic"
195000004,Pulmonary valve stenosis with insufficiency
195002007,Multiple valve disease
195003002,Disorders of both aortic and tricuspid valves
195004008,Disorders of both mitral and tricuspid valves
195005009,"Combined disorders of mitral, aortic and tricuspid valves"
195012000,Endocarditis associated with another disorder
195020003,Hypertrophic cardiomyopathy without obstruction
195021004,Primary dilated cardiomyopathy
195023001,Nutritional and metabolic cardiomyopathies
195025008,Cardiac glycogenosis
195027000,Cardiomyopathy due to mucopolysaccharidosis
195029002,Cardiomyopathy associated with another disorder
195030007,Cardiomyopathy in Friedreich's ataxia
195031006,Cardiomyopathy in myotonic dystrophy
195032004,Dystrophic cardiomyopathy
195033009,Sarcoid heart muscle disease
195039008,Partial atrioventricular block
195042002,Second degree atrioventricular block
195046004,Left main stem bundle branch block
195060002,Ventricular pre-excitation
195083004,Ventricular fibrillation and flutter
195111005,Decompensated cardiac failure
195112003,Compensated cardiac failure
195114002,Acute left ventricular failure
195126007,Atrial hypertrophy
195130005,Post cardiac operation functional disturbance
195136004,Rheumatoid myocarditis
195137008,Acquired cardiac septal defect
195141007,Papillary muscle atrophy
195142000,Papillary muscle degeneration
195147006,Atrial thrombosis
195176009,Non-traumatic subdural haemorrhage
195180004,Basilar artery occlusion
195182007,Vertebral artery occlusion
195183002,Multiple and bilateral precerebral arterial occlusion
195185009,Cerebral infarct due to thrombosis of precerebral arteries
195186005,Cerebral infarction due to embolism of precerebral arteries
195189003,Cerebral infarction due to thrombosis of cerebral arteries
195190007,Cerebral infarction due to embolism of cerebral arteries
195209007,Middle cerebral artery syndrome
195210002,Anterior cerebral artery syndrome
195211003,Posterior cerebral artery syndrome
195212005,Brainstem stroke syndrome
195213000,Cerebellar stroke syndrome
195216008,Left sided cerebral hemisphere cerebrovascular accident
195217004,Right sided cerebral hemisphere cerebrovascular accident
195226001,"Dissection of cerebral arteries, nonruptured"
195229008,Non-pyogenic venous sinus thrombosis
195230003,"Cerebral infarction due to cerebral venous thrombosis, non-pyogenic"
195231004,"Occlusion and stenosis of cerebral arteries, not resulting in cerebral infarction"
195232006,Occlusion and stenosis of middle cerebral artery
195233001,Occlusion and stenosis of anterior cerebral artery
195234007,Occlusion and stenosis of posterior cerebral artery
195235008,Occlusion and stenosis of cerebellar arteries
195236009,Occlusion and stenosis of multiple and bilateral cerebral arteries
195239002,Late effects of cerebrovascular disease
195353004,Granulomatosis with polyangiitis
195363007,Juvenile polyarteritis
196187007,Postprocedural respiratory disorders
196856007,Omphalocele with gangrene
196864001,Omphalocele - irreducible
196868003,Simple omphalocele
196905002,Simple diaphragmatic hernia
196976000,Regional enteritis of the jejunum
196977009,Crohn's disease of terminal ileum
196983007,Regional ileocolitis
196987008,Ulcerative ileocolitis
197006009,Superior mesenteric artery syndrome
197058003,Volvulus of small intestine
197059006,Volvulus of the ileocaecum
197060001,Sigmoid volvulus
197139005,Idiopathic megacolon
197140007,Secondary megacolon - congenital
197141006,Secondary acquired megacolon
197143009,Megacolon in Chagas' disease
197284004,Chronic active hepatitis
197286002,Recurrent hepatitis
197291001,Unilobular portal cirrhosis
197293003,Diffuse nodular cirrhosis
197294009,Fatty portal cirrhosis
197296006,Capsular portal cirrhosis
197299004,Pigmentary portal cirrhosis
197300007,Pipestem portal cirrhosis
197301006,Toxic portal cirrhosis
197303009,Bacterial portal cirrhosis
197304003,Cardituberculous cirrhosis
197305002,Syphilitic portal cirrhosis
197306001,Zooparasitic portal cirrhosis
197310003,Biliary cirrhosis of children
197315008,Non-alcoholic fatty liver
197316009,Portal fibrosis without cirrhosis
197321007,Steatosis of liver
197339003,Coxsackie virus hepatitis
197342009,Hepatitis in yellow fever
197344005,Hepatitis with adenovirus
197347003,Hepatitis in late syphilis
197348008,Hepatitis in secondary syphilis
197352008,Toxic hepatitis
197354009,Toxic liver disease
197355005,Toxic liver disease with cholestasis
197356006,Toxic liver disease with hepatic necrosis
197358007,Toxic liver disease with acute hepatitis
197359004,Toxic liver disease with chronic persistent hepatitis
197360009,Toxic liver disease with chronic lobular hepatitis
197361008,Toxic liver disease with chronic active hepatitis
197362001,Toxic liver disease with fibrosis and cirrhosis of liver
197364000,Central haemorrhagic necrosis of liver
197367007,Hepatic granulomas in berylliosis
197368002,Hepatic granulomas in sarcoidosis
197491004,Intestinal malabsorption of carbohydrate
197909004,Entire prostatic utricle
197919005,Stenosis of urinary meatus
198448006,Female infertility of pituitary - hypothalamic origin
198449003,Primary pituitary - hypothalamic infertility
198450003,Secondary pituitary - hypothalamic infertility
201436003,Drug-induced systemic lupus erythematosus
202574006,Synovial osteochondromatosis
202575007,Synovial osteochondromatosis of shoulder
202576008,Synovial osteochondromatosis of sternoclavicular joint
202577004,Synovial osteochondromatosis of acromioclavicular joint
202578009,Synovial osteochondromatosis of elbow
202579001,Synovial osteochondromatosis of distal radioulnar joint
202580003,Synovial osteochondromatosis of wrist
202581004,Synovial osteochondromatosis of metacarpophalangeal joint
202582006,Synovial osteochondromatosis of proximal interphalangeal joint of finger
202583001,Synovial osteochondromatosis of distal interphalangeal joint of finger
202584007,Synovial osteochondromatosis of hip
202585008,Synovial osteochondromatosis of sacroiliac joint
202586009,Synovial osteochondromatosis of knee
202587000,Synovial osteochondromatosis of tibiofibular joint
202588005,Synovial osteochondromatosis of ankle
202589002,Synovial osteochondromatosis of subtalar joint
202590006,Synovial osteochondromatosis of talonavicular joint
202592003,Synovial osteochondromatosis of 1st metatarsophalangeal joint
202593008,Synovial osteochondromatosis of lesser metatarsophalangeal joint
202595001,Synovial osteochondromatosis of interphalangeal joint of toe
202830000,Recurrent atlantoaxial subluxation with myelopathy
203436008,Osteoporosis in multiple myelomatosis
203638000,Kyphoscoliosis and scoliosis
203639008,Idiopathic scoliosis
203640005,Idiopathic kyphoscoliosis
203645000,Postural scoliosis
203646004,Adolescent idiopathic scoliosis
203647008,Post-surgical scoliosis
203922009,Anencephalus and similar anomalies
203923004,Acrania
203927003,Iniencephaly - closed
203928008,Iniencephaly - open
203934001,Cervical spina bifida with hydrocephalus
203935000,Thoracic spina bifida with hydrocephalus
203936004,Lumbar spina bifida with hydrocephalus
203941007,Cervical spina bifida with hydrocephalus - open
203942000,Thoracic spina bifida with hydrocephalus - open
203943005,Lumbar spina bifida with hydrocephalus - open
203944004,Sacral spina bifida with hydrocephalus - open
203946002,Spina bifida with hydrocephalus - closed
203948001,Cervical spina bifida with hydrocephalus - closed
203949009,Thoracic spina bifida with hydrocephalus - closed
203950009,Lumbar spina bifida with hydrocephalus - closed
203951008,Sacral spina bifida with hydrocephalus - closed
203954000,Spina bifida with hydrocephalus of late onset
203955004,Spina bifida with stenosis of aqueduct of Sylvius
203957007,Dandy-Walker syndrome with spina bifida
203967002,Spinal hydromeningocele
203969004,Cervical spinal hydromeningocele
203974007,Cervical hydromyelocele
203975008,Thoracic hydromyelocele
203976009,Lumbar hydromyelocele
203978005,Spinal meningocele
203980004,Cervical spinal meningocele
203981000,Thoracic spinal meningocele
203982007,Lumbar spinal meningocele
203985009,Cervical meningomyelocele
203986005,Thoracic meningomyelocele
203987001,Lumbar meningomyelocele
203990007,Cervical myelocele
203991006,Thoracic myelocele
203992004,Lumbar myelocele
203994003,Myelocystocele
203996001,Cervical myelocystocele
203997005,Thoracic myelocystocele
203998000,Lumbar myelocystocele
204003007,Cervical spina bifida without hydrocephalus - open
204004001,Thoracic spina bifida without hydrocephalus - open
204005000,Lumbar spina bifida without hydrocephalus - open
204006004,Sacral spina bifida without hydrocephalus - open
204008003,Spina bifida without hydrocephalus - closed
204010001,Cervical spina bifida without hydrocephalus - closed
204011002,Thoracic spina bifida without hydrocephalus - closed
204012009,Lumbar spina bifida without hydrocephalus - closed
204013004,Sacral spina bifida without hydrocephalus - closed
204021005,Encephalomyelocele
204022003,Cranial hydromeningocele
204032005,Reduction deformities of brain
204036008,Lissencephaly
204039001,Anomalies of cerebrum
204040004,Agenesis of cerebrum
204042007,Congenital malformation of corpus callosum
204043002,Hypoplasia of corpus callosum
204044008,Aplasia of corpus callosum
204046005,Anomalies of hypothalamus
204047001,Anomalies of cerebellum
204049003,Aplasia of cerebellum
204052006,Cebocephaly
204061006,Congenital atresia of foramen of Magendie
204062004,Congenital atresia of foramen of Luschka
204067005,Single congenital cerebral cyst
204068000,Multiple congenital cerebral cysts
204072001,Congenital adhesions of cerebral meninges
204074000,Multiple brain anomalies
204080008,Defective development of the cauda equina
204081007,Spinal cord hypoplasia
204086002,Brachial plexus displacement
204299009,Dextrotransposition of aorta
204306007,Pentalogy of Fallot
204311009,Eisenmenger's complex
204330009,Common atrioventricular-type ventricular septal defect
204339005,Congenital pulmonary valve abnormality
204342004,Congenital atresia of pulmonary valve
204343009,Hypoplasia of pulmonary valve
204345002,Congenital fusion of pulmonic cusps
204346001,Congenital fusion of pulmonary valve segment
204351007,Fallot's trilogy
204352000,Supernumerary pulmonary valve cusps
204354004,Congenital tricuspid atresia and stenosis
204357006,Ebstein's anomaly
204362007,Parachute malformation of mitral valve
204363002,Supernumerary cusps of the mitral valve
204368006,Subaortic stenosis
204370002,Infundibular pulmonic stenosis
204378009,Congenital coronary aneurysm
204379001,Congenital stenosis of coronary artery
204383001,Congenital complete atrioventricular heart block
204384007,Congenital incomplete atrioventricular heart block
204391005,Hypoplasia of cardiac vein
204394002,Congenital anomaly of myocardium
204395001,Congenital aneurysm of heart
204397009,Cor triloculare
204398004,Congenital epicardial cyst
204399007,Hemicardia
204402008,Fusion of mitral valve cusps
204423002,Anomalous origin of the aortic arch
204427001,Persistent aortic arch convolutions
204431007,Atresia and stenosis of aorta
204433005,Aplasia of aorta
204443008,Pulmonary artery atresia
204448004,Atresia of pulmonary artery with septal defect
204451006,Anomalies of great veins
204456001,Subdiaphragmatic total anomalous pulmonary venous return
204457005,Supradiaphragmatic total anomalous pulmonary venous return
204460003,Anomalous portal vein termination
204461004,Portal vein-hepatic artery fistula
204463001,Absence of inferior vena cava
204464007,Absence of superior vena cava
204467000,Pulmonary vein atresia
204497008,Cerebrovascular system anomalies
204501003,Congenital stricture of cerebral artery
204508009,Choanal atresia
204511005,Atresia of the anterior nares
204512003,Atresia of the posterior nares
204513008,Congenital stenosis of the anterior nares
204519007,Underdevelopment of nose
204521002,Congenital cleft nose
204522009,Deformity of nasal sinus wall
204524005,Congenital perforation of the nasal sinus wall
204526007,Congenital fissure of nose
204529000,Congenital glottic web of larynx
204530005,Congenital subglottic web of larynx
204533007,"Agenesis of larynx, trachea and bronchus"
204534001,Agenesis of bronchus
204535000,Agenesis of larynx
204537008,Anomaly of laryngeal and/or tracheal cartilage
204538003,Anomaly of cricoid cartilage
204539006,Anomaly of epiglottis
204544004,Atresia of larynx and trachea
204550009,"Congenital stenosis of larynx, trachea and bronchus"
204551008,Congenital bronchial stenosis
204552001,Congenital subglottic stenosis
204553006,Congenital supraglottic stenosis
204557007,Congenital fissure of epiglottis
204558002,Congenital cleft of posterior cricoid cartilage
204559005,Congenital fissure of larynx
204572006,"Lung agenesis, hypoplasia and dysplasia"
204575008,Congenital absence of lung fissures
204578005,Fusion of lobes of lung
204589003,Abnormal pericardiopleural communication
204652007,Congenital oesophageal fistula
204656005,Imperforate oesophagus
204658006,Congenital absence of oesophagus with tracheo-oesophageal fistula
204659003,Oesophageal atresia with tracheo-oesophageal fistula
204687007,Displaced Meckel's diverticulum
204688002,Hypertrophic Meckel's diverticulum
204691002,Small intestine atresia and stenosis
204695006,Congenital absence of duodenum
204696007,Congenital absence of jejunum
204697003,Congenital absence of ileum
204699000,Congenital jejunal stenosis
204700004,Congenital ileal stenosis
204702007,Imperforate jejunum
204708006,Congenital absence of anus with fistula
204709003,Congenital absence of rectum with fistula
204711007,Congenital atresia of large intestine
204712000,Anal atresia
204715003,Congenital atresia of appendix
204716002,Atresia of anus with fistula
204717006,Atresia of rectum with fistula
204721004,Congenital occlusion of anus with fistula
204723001,Congenital stricture of anus
204724007,Congenital stricture of anus with fistula
204728005,Congenital stricture of rectum with fistula
204736001,Imperforate large intestine
204739008,Congenital aganglionic megacolon
204740005,Long segment Hirschsprung's disease
204741009,Short segment Hirschsprung's disease
204745000,Total intestinal aganglionosis
204748003,Congenital intestinal adhesions
204750006,Malrotation of colon and caecum
204762005,Transposition of caecum
204764006,Megaloduodenum
204765007,Congenital anal fistula
204766008,Enterogenous cyst
204769001,Congenital faecal fistula
204781002,Congenital absence of hepatic ducts
204782009,Atresia of hepatic ducts
204787003,Congenital absence of liver and/or gallbladder
204788008,Congenital atrophy of left lobe of liver
204790009,Liver and/or biliary duplication
204795004,Congenital floating liver
204797007,Congenital dilation of bile duct
204798002,Congenital diverticulum of bile duct
204799005,Liver hyperplasia
204805004,Anomalies of pancreas
204808002,Congenital pancreatic cyst
204938007,Renal agenesis and dysgenesis
204941003,Congenital renal atrophy
204942005,Renal agenesis
204948009,Unilateral renal hypoplasia
204949001,Renal dysplasia
204950001,Bilateral renal dysplasia
204951002,Unilateral renal dysplasia
204957003,Medullary cystic disease of the kidney
204958008,Nephronophthisis
204960005,Medullary cystic disease OS
204962002,Multicystic kidney
204967008,Renal pelvis and ureter obstructive defects
204973009,Simple ureterocele
204974003,Impervious ureter
204980006,Congenital displaced kidney
204984002,Congenital fusion of kidneys
204985001,Hyperplasia of kidney
204991004,Deviation of ureter
204998005,Urethra and bladder neck atresia and stenosis
204999002,Atresia of bladder neck
205000002,Stenosis of bladder neck
205003000,Atresia of anterior urethra
205004006,Stenosis of anterior urethra
205011005,Imperforate urinary meatus
205012003,Impervious urethra
205016000,Malformation of urachus
205022009,Congenital hernia of bladder
205023004,Congenital prolapse of bladder mucosa
205024005,Congenital hourglass bladder
205026007,Female epispadias
205027003,Female hypospadias
205181003,Ulnar and humeroulnar synostosis
205276002,Lunate-triquetrum synostosis
205277006,Capitate-hamate synostosis
205278001,Scaphoid-lunate synostosis
205329008,Humeroradial synostosis
205330003,Humeroulnar synostosis
205366002,Failure of differentiation of bones of lower limb
205367006,Congenital synostosis of lower limb bones
205418005,Goldenhar syndrome
205425003,Sacral agenesis
205427006,Cervical hemivertebra- balanced
205428001,Cervical hemivertebra - unbalanced
205429009,Thoracic hemivertebra- balanced
205430004,Thoracic hemivertebra - unbalanced
205431000,Lumbar hemivertebra - balanced
205432007,Lumbar hemivertebra - unbalanced
205435009,Congenital complete fusion of spine
205436005,Congenital partial fusion of spine - balanced
205437001,Congenital partial fusion of spine - unbalanced
205438006,Congenital partial fusion of spine with hemivertebra - balanced
205439003,Congenital partial fusion of spine with hemivertebra - unbalanced
205455005,Defect of vertebral segmentation
205456006,Hypoplasia of spine
205460009,Accessory rib
205461008,Mis-shapen sternum
205465004,Chondrodysplasia
205468002,Hypochondroplasia
205473008,Mesomelic dysplasia
205480005,Dysplasia epiphysealis hemimelica
205481009,Metachondromatosis
205482002,Lethal retarded ossification syndromes
205483007,Hypochondrogenesis
205484001,Short rib polydactyly syndrome
205488003,Chondrodysplasia OS
205490002,Osteodysplasia
205496008,"Osteogenesis imperfecta, perinatal lethal"
205497004,"Osteogenesis imperfecta with normal sclerae, dominant form"
205501009,Osteopetrosis - unclassified
205503007,Osteopetrosis - delayed type
205506004,Craniodiaphyseal dysplasia
205530002,Hypoplasia of muscle
205532005,Aplasia of muscle
205615000,Trisomy 21- meiotic nondisjunction
205616004,Trisomy 21- mitotic nondisjunction mosaicism
205619006,"Trisomy 13, meiotic nondisjunction"
205620000,Trisomy 13 - mitotic nondisjunction mosaicism
205623003,Trisomy 18 - meiotic nondisjunction
205624009,Trisomy 18 - mitotic nondisjunction mosaicism
205627002,Monosomy and deletion from autosome
205630009,Deletion of long arm of chromosome 13
205634000,Deletion seen only at prometaphase
205636003,Whole chromosome monosomy - meiotic nondisjunction
205638002,"Monosomy 21, mosaicism"
205644003,Balanced autosomal translocation
205646001,Whole chromosome trisomy syndrome
205647005,Trisomy 6
205648000,Trisomy 7
205649008,Trisomy 8
205650008,Trisomy 9
205651007,Trisomy 10
205652000,Trisomy 11
205653005,Trisomy 12
205655003,Trisomy 22
205656002,"Whole chromosome trisomy, meiotic nondisjunction"
205657006,"Whole chromosome trisomy, mosaicism"
205660004,Partial trisomy syndromes
205661000,Major partial trisomy
205662007,Minor partial trisomy
205665009,Duplication seen only at prometaphase
205666005,Duplication with other complex rearrangement
205672005,Chromosome inversion in normal individual
205673000,Balanced autosomal rearrangement in abnormal individual
205674006,Balanced sex/autosomal rearrangement in abnormal individual
205675007,Individual with marker heterochromatin
205676008,Individual with autosomal fragile site
205681004,Gonadal dysgenesis
205683001,Ovarian dysgenesis
205684007,"Turner's phenotype, karyotype normal"
205686009,"Karyotype 46, X iso (Xq)"
205687000,"Karyotype 46, X with abnormal sex chromosome except iso (Xq)"
205688005,"Turner's phenotype, mosaicism 45, X; 46, XX or 45, X; 46, XY"
205689002,"Mosaicism 45, X / other cell line with abnormal sex chromosome"
205693008,"XY, female phenotype"
205698004,"Klinefelter syndrome, male with 46,XX karyotype"
205699007,"Klinefelter's syndrome, XXYY"
205700008,"Klinefelter's syndrome, XY/XXY mosaic"
205705003,Additional sex chromosome
205706002,Sex chromosome mosaicism
205707006,Mosaic XO/XY
205708001,Mosaic XO/XX
205709009,Mosaic XY/XXY
205710004,Mosaic including XXXXY
205718006,"Chimera 46, XX; 46, XY"
205719003,"46, XX true hermaphrodite"
205720009,Fragile X chromosome
205728002,Duplication of chromosome
205769006,Situs inversus with laevocardia
205796009,"Single monster, specified type"
205797000,Congenital malformation syndromes affecting facial appearance
205798005,Cyclops
205800003,Gorlin-Chaudhry-Moss syndrome
205801004,Marchesani syndrome
205802006,Oculo-palato-digital syndrome
205808005,Congenital malformation syndromes associated with short stature
205812004,Congenital malformation syndromes involving limbs
205813009,Carpenter's syndrome
205817005,Aglossia-adactyly syndrome
205819008,Multiple pterygium syndrome
205821003,Congenital contractural arachnodactyly
205824006,Noonan's syndrome
205826008,Congenital malformation syndromes with metabolic disturbances
205828009,Biemond's syndrome
205834002,Acardia
205835001,Acephalobrachius
205836000,Acephalogaster
205837009,Acephalothorax
205838004,Congenital hemihypertrophy
206188000,Subdural and cerebral haemorrhage due to birth trauma
206191000,Local subdural haematoma due to birth trauma
206192007,Tentorial tear due to birth trauma
206194008,Cerebral haematoma in foetus or newborn
206195009,Extradural haemorrhage in foetus or newborn
206196005,Cerebral haemorrhage due to birth injury
206220004,Spine or spinal cord injury due to birth trauma
206221000,Dislocation of spine due to birth trauma
206223002,Spinal cord laceration due to birth trauma
206224008,Spinal cord rupture due to birth trauma
206417009,Intracranial nontraumatic haemorrhage of foetus and newborn
206454000,Neonatal jaundice with Crigler-Najjar syndrome
206455004,Neonatal jaundice with Dubin-Johnson syndrome
206456003,Neonatal jaundice with Gilbert's syndrome
206459005,Neonatal jaundice with Rotor's syndrome
206470003,Perinatal jaundice due to galactosaemia
206478005,Kernicterus not due to isoimmunisation
206519009,Congenital anaemia from foetal blood loss
206538000,Idiopathic hydrops fetalis
206578007,Neonatal cerebral leucomalacia
207036003,Angiofollicular lymph node hyperplasia
213088004,Rejection of bone allograft
213148006,Transplanted organ rejection
213150003,Kidney transplant failure and rejection
213151004,Heart transplant failure and rejection
213152006,Heart-lung transplant failure and rejection
213153001,Liver transplant failure and rejection
213191001,Soft tissue graft or flap or repair failure
213192008,Skin graft failure
213193003,Flap failure
213195005,Bone graft failure
218728005,Interrupted aortic arch
223176004,Cerebellar disorder
225194008,Stoma care
230226000,System disorder of the nervous system
230229007,Early onset cerebellar ataxia with hypogonadism
230253001,Bulbospinal neuronopathy
230270009,Frontotemporal dementia
230273006,Frontotemporal degeneration
230292008,Secondary parkinsonism
230297002,Multiple system atrophy
230298007,Disorder presenting primarily with chorea
230304003,Drug-induced chorea
230310003,Paroxysmal dystonia
230312006,Aicardi Goutieres syndrome
230313001,Autosomal dominant late onset basal ganglia degeneration
230315008,Drug-induced dystonia
230318005,Idiopathic familial dystonia
230332007,Diurnal dystonia
230379007,Subacute necrotising myelitis
230380005,Balo concentric sclerosis
230381009,Focal epilepsy
230387008,Benign occipital epilepsy of childhood - early onset variant
230403005,Parietal lobe epilepsy
230413002,Juvenile absence epilepsy
230418006,Lennox-Gastaut syndrome
230429005,Early infantile epileptic encephalopathy with suppression bursts
230437002,Severe myoclonic epilepsy in infancy
230438007,Acquired epileptic aphasia
230441003,Drug-induced epilepsy
230444006,Menstrual epilepsy
230456007,Status epilepticus
230460005,Complex partial status epilepticus
230542008,Congenital facial nerve palsy
230566002,Neuropathies and neuromyelopathies associated with systemic disorder
230672006,Congenital myasthenic syndrome
230690007,Stroke
230699008,Pure motor lacunar infarction
230700009,Pure sensory lacunar infarction
230724001,Cerebral amyloid angiopathy
230729006,Carotid artery dissection
230730001,Dissection of vertebral artery
230740003,Anterior spinal artery thrombosis
230745008,Hydrocephalus
230751003,Hydrocephalus following traumatic injury
230769007,Periventricular leucomalacia
230773005,Spastic cerebral palsy
230780007,Dyskinetic cerebral palsy
231829006,Malignant tumour of eyelid
231834005,Malignant melanoma of eyelid
232461002,Congenital cleft larynx
232613003,Attention to tracheostomy
233646003,Congenital chylothorax
233848004,Disorder of endocardium and heart valve
233880002,Chronic myocardial disorder due to chemical or external agent
233916004,Heart block
233917008,Atrioventricular block
233947005,Chronic thromboembolic pulmonary hypertension
234119001,Arterial malformation
234132006,Congenital abnormality of great veins and coronary sinus
234138005,Bannayan syndrome
234347009,Anaemia of chronic disease
234370001,"Pure red cell aplasia, acquired"
234376007,Acquired red cell aplasia
234422006,Acute intermittent porphyria
234437005,Haemophagocytic lymphohistiocytosis
234519006,Bone marrow transplant rejection
234532001,Immunodeficiency disorder
234535004,Selective immunoglobulin dysfunction
234549008,Immunoglobulin G4 deficiency
234579001,Mannan-binding protein deficiency
234619000,Hereditary C1 esterase inhibitor deficiency - deficient factor
234631003,Immunodeficiency with major anomalies
235222001,Attention to gastrostomy
235641005,Broncho-oesophageal fistula
235699006,Megaduodenum
235714007,Ulcerative enterocolitis
235856003,Disease of liver
235858002,Nonspecific reactive hepatitis
235862008,Hepatitis due to infection
235896001,Infectious cirrhosis
235899008,Hepatic sclerosis
235901004,Hepatic fibrosis with hepatic sclerosis
235913009,Congenital disorder of gallbladder and biliary tract
235977001,Congenital malformation of pancreas
236005001,Malignant ascites
236053002,Sliding hiatus hernia
236439005,Cystic disease of kidney
236441006,Acquired renal cyst with neoplastic change
236443009,Medullary sponge kidney
236464008,Hyporeninaemic hypoaldosteronism
236465009,Bartter's syndrome with hypercalciuria and nephrocalcinosis
236466005,Congenital Fanconi syndrome
236467001,Acquired Fanconi syndrome
236468006,Adult Fanconi syndrome
236475007,Dibasic aminoaciduria
236495001,Urate nephropathy
236496000,Acute urate nephropathy
236506009,Goodpasture's disease
236531005,Renal dysplasia and retinal aplasia
236570004,Renal transplant rejection
236572007,Accelerated rejection of renal transplant
236573002,Very mild acute rejection of renal transplant
236574008,Acute rejection of renal transplant
236575009,Acute rejection of renal transplant - grade I
236576005,Acute rejection of renal transplant - grade II
236577001,Acute rejection of renal transplant - grade III
236578006,Chronic rejection of renal transplant
236579003,Chronic rejection of renal transplant - grade I
236580000,Chronic rejection of renal transplant - grade II
236581001,Chronic rejection of renal transplant - grade III
236582008,Acute-on-chronic rejection of renal transplant
236585005,De novo transplant disease
236586006,De novo glomerulonephritis
237249000,Complete hydatidiform mole
237662005,Hyperprolactinaemia
237701005,Pituitary apoplexy
237722004,Empty sella syndrome
237733001,Diencephalic syndrome
237738005,Alcohol-induced pseudo-Cushing's syndrome
237744009,Adrenal hyperfunction
237748007,"Pseudohermaphrodite, male with adrenocortical disorder"
237751000,Congenital adrenal hyperplasia
237753002,Salt-losing congenital adrenal hyperplasia
237785004,Hypoadrenalism
237836003,Short stature disorder
237875007,Localised non-hereditary amyloidosis
237877004,Wild type ATTR amyloidosis
237889002,Autosomal dominant hypophosphataemic rickets
237902005,Acquired hypophosphataemia
237904006,Renal failure-associated hyperphosphataemia
237911005,Disorder of amino acid and organic acid metabolism
237959005,Trimethylaminuria
238006008,Disorder of purine and pyrimidine metabolism
238028008,Sphingolipidosis
238037008,Disorder of lipoprotein storage and metabolism
238040008,Familial combined hyperlipidaemia
238043005,Disorder of glycosaminoglycan metabolism
238045003,Disorder of glycoprotein metabolism
238077000,Polygenic hypercholesterolaemia
238081000,Familial defective apolipoprotein B-100
238902007,Multiple symmetrical lipomatosis
239047003,Triphalangeal thumbs with onychodystrophy
239887007,Systemic lupus erythematosus with organ/system involvement
240046001,Muscular dystrophy with predominantly proximal limb girdle distribution
240072005,Benign scapuloperoneal muscular dystrophy with cardiomyopathy
240101000,Drug-induced myopathy
240190009,Osteochondrodysplasia
240312009,Cerebral injury due to birth trauma
241955009,Acquired C1 esterase inhibitor deficiency
243796009,Situation with explicit context
246545002,Generalised onset epileptic seizure
246551007,Absence seizure with automatisms
248802009,Absence of breast
249582007,Absent kidney
250978003,Aortic valve calcification
250989005,Mitral cusp prolapse
251164006,Junctional premature complex
251175005,Ventricular premature complex
251176006,Multiple premature ventricular complexes
251859005,Dialysis finding
253006001,Somatostatinoma
253071005,Mixed oligoastrocytoma
253088003,Melanotic schwannoma
253103006,Frontal encephalocele
253106003,Nasofrontal encephalocele
253124001,Myelodysplasia of spinal cord
253146009,Disorder of neuronal migration and differentiation
253153000,Cortical dysplasia
253159001,Schizencephaly
253170008,Hemimegalencephaly
253171007,Dysgenesis of the cerebellum
253172000,Agenesis of cerebellum
253175003,Familial aplasia of the vermis
253176002,Gillespie syndrome
253184003,Chiari malformation
253185002,Chiari malformation type I
253186001,Chiari malformation type III
253187005,Chiari malformation type IV
253276007,Common atrium
253522006,Right cardiac ventricular dilatation
253528005,Arrhythmogenic right ventricular dysplasia
253530007,Right ventricular outflow tract obstruction
253736003,Laryngeal hypoplasia
253737007,Congenital laryngomalacia
253740007,Congenital malformation of trachea and bronchus
253760004,Congenital stenosis of oesophagus
253764008,"Congenital absence, atresia and stenosis of small intestine"
253774006,Congenital fistula of anus
253778009,Congenital functional disorders of the colon
253818009,Congenital malformation of anterior abdominal wall
253859003,Congenital malformation of the urinary system
253863005,Unilateral renal agenesis with contralateral hypoplasia or dysplasia
253867006,Thoracic kidney
253869009,Cake kidney
253872002,Bifid kidney
253881008,Cortical cystic disease
253882001,Nephronophthisis - medullary cystic disease
253900005,Congenital posterior urethral valves
253978002,Dysmorphic features
254038003,Congenital absence of spine
254040008,Congenital sacrococcygeal anomaly
254041007,Congenital malformation of sternum
254044004,Multiple congenital exostosis
254264002,Partial trisomy 21 in Down's syndrome
254266000,Partial trisomy 18 in Edward's syndrome
254268004,Partial trisomy 13 in Patau's syndrome
254269007,Whole chromosome trisomy meiotic nondisjunction
254274004,Deletion of part of autosome
254275003,Balanced rearrangement and structural marker
254276002,Balanced translocation and insertion in normal individual
254277006,Sex chromosome abnormality - female phenotype
254282004,Female with more than three X chromosomes
254283009,Mosaicism - lines with various numbers of X chromosomes
254284003,Sex chromosome abnormality - male phenotype
254285002,Male with structurally abnormal sex chromosome
254290004,Lymphoproliferative disorder following transplantation
254459004,Malignant tumour of anterior pillar of fauces
254484001,Malignant tumour of posterior margin of nasal septum and choanae
254582000,Adenocarcinoma of rectum
254645002,Malignant mesothelioma of pleura
254651007,Squamous cell carcinoma of skin
254750001,Fibrous histiocytoma of skin
254832003,Benign symmetric lipomatosis
254837009,Malignant neoplasm of breast
254901000,Prostatic intraepithelial neoplasia
254980001,Malignant tumour of acoustic vestibular nerve
255048006,"Tumour of lymphoid, haemopoietic and related tissue"
255052006,Malignant tumour of unknown origin
255056009,Malignant tumour of head and neck
255077007,Malignant tumour of digestive organ
255083005,Malignant tumour of anus and anal canal
255102004,Angioendotheliomatosis
255108000,Carcinoma of bladder
255117000,Metastasis to respiratory AND/OR intrathoracic organ
255144005,Carcinoma in situ of ear
255150000,Carcinoma in situ of urinary tract proper
256321009,Disorder of neuromuscular transmission
257277002,Myoneural disorder
266242007,Obscure African cardiomyopathy
266249003,Ventricular hypertrophy
266253001,Precerebral arterial occlusion
266254007,Carotid artery occlusion
266468003,Cirrhosis - non-alcoholic
266469006,Multilobular portal cirrhosis
266470007,Cardiac portal cirrhosis
266471006,Juvenile portal cirrhosis
267386008,Gigantism and acromegaly
267395000,Adrenogenital disorder
267424007,Generalised glycogenosis
267430007,Renal glycosuria
267431006,Disorder of lipid metabolism
267432004,Pure hypercholesterolaemia
267433009,Pure hyperglyceridaemia
267434003,Mixed hyperlipidaemia
267435002,Familial hyperchylomicronaemia
267436001,Lipoprotein deficiency disorder
267437005,Lipidosis
267439008,Liposynovitis prepatellaris
267440005,Monoclonal paraproteinaemia
267454002,Acatalasaemia
267459007,Deficiencies of humoral immunity
267460002,Congenital hypogammaglobulinaemia
267534000,Primary thrombocytopenia
267535004,Congenital thrombocytopenic purpura
267581004,Progressive myoclonic epilepsy
267590006,Cauda equina syndrome with cord bladder
267592003,Primary motor cortex frontal lobe epilepsy
267604001,Myasthenic syndrome due to diabetic amyotrophy
267607008,Familial periodic paralysis
268143001,Spina bifida with hydrocephalus - open
268146009,Spina bifida without hydrocephalus - open
268150002,Meningocele - cerebral
268180007,Right hypoplastic heart syndrome
268184003,Hypoplasia of aorta
268185002,Supravalvar aortic stenosis
268194008,Single lung cyst
268195009,Ectopic tissue in lung
268201001,"Oesophageal atresia, stenosis and fistula"
268205005,"Atresia and stenosis of large intestine, rectum and anal canal"
268208007,Hirschsprung's disease and allied congenital conditions
268209004,Idiopathic congenital megacolon
268213006,Congenital abnormality of liver and/or biliary tract
268232000,Bilateral renal hypoplasia
268234004,Fibrocystic kidney disease
268236002,Congenital bladder neck stenosis
268237006,Congenital urethral valvular stricture
268239009,Congenital abnormality of skull and face bones
268267000,Oculomandibular dysostosis
268274005,Enchondromatosis
268276007,Congenital exostosis
268294001,Chromosome replaced with ring or dicentric
268300003,Klinefelter's syndrome
268817004,Very premature - less than 1000g or less than 28 weeks
268829008,Severe birth asphyxia - Apgar score less than 4 at 1 minute
269175006,Beta thalassaemia trait
269295009,Transplanted organ failure
269456006,Malignant neoplasm of digestive organs and peritoneum
269459004,Malignant tumour of lesser curve of stomach
269460009,Malignant tumour of greater curve of stomach
269462001,Malignant tumour of respiratory AND/OR intrathoracic organ
269463006,Malignant tumour of middle ear and mastoid
269464000,"Malignant neoplasm of upper lobe, bronchus or lung"
269467007,Malignant neoplasm of hand bones
269468002,Malignant neoplasm of short bones of leg
269469005,Malignant neoplasm of soft tissue
269473008,Metastatic malignant neoplasm to respiratory and digestive systems
269475001,Malignant tumour of lymphoid haemopoietic and related tissue
269476000,Nodular lymphoma
269496008,Neoplasm of uncertain behaviour of endocrine glands and nervous system
269497004,Neoplasm of uncertain behaviour of breast
269578002,Malignant melanoma of head and neck
269579005,Malignant melanoma of trunk
269580008,Malignant melanoma of upper limb
270492004,First degree atrioventricular block
270510008,Anomalous communication of coronary artery
270512000,Pulmonary arteriovenous aneurysm
270517006,Triple kidney with triple pelvis
270519009,Localised congenital skull defect
270520003,Whole chromosome monosomy - mitotic nondisjunction mosaicism
270521004,Trisomy and partial trisomy of autosome
270881008,Fatty metamorphosis of viscera
270889005,Deletion of long arm of chromosome 18
270890001,Deletion of short arm of chromosome 18
270910001,"Medullary cystic disease, adult type"
271018002,Congenital absence of tendon
271323007,"Malignant neoplasm of lip, oral cavity and pharynx"
271325000,"Carcinoma in situ of lip, oral cavity and pharynx"
271326004,"Neoplasm of uncertain behaviour of lip, oral cavity and pharynx"
271386001,Post-infective hypopituitarism
271387005,Congenital enlarged kidney
271440004,Cirrhosis secondary to cholestasis
271441000,Dextraposition of aorta
271467005,"Malignant neoplasm of bone, connective tissue, skin and breast"
271468000,Malignant neoplasm of genitourinary organ
271482000,Neoplasm of uncertain behaviour of liver and/or biliary passages
271525004,Carcinoma in situ of liver and/or biliary system
271547004,Stokes-Adams attack
271568003,Malignant tumour of lower labial mucosa
271573009,Congenital abnormality of thoracic aorta and pulmonary arteries
271700006,Chorea
271737000,Anaemia
271944004,Clear cell sarcoma
274087000,Malignant melanoma of eye
274088005,Metastatic malignant neoplasm to unknown site
274096000,Pulmonary heart disease
274098004,Rupture of chordae tendineae
274100004,Cerebral haemorrhage
274904007,Carcinoid tumour - argentaffin
274908005,Deletion with complex rearrangement
274945004,AA amyloidosis
275260000,Congenital malformation of the respiratory system
275262008,Congenital malformation of upper alimentary tract
275399006,Malignant tumour of lipstick area of lip
275407001,Double kidney with double pelvis
275466008,Congenital cerebral palsy
275468009,Congenital quadriplegia
275469001,Congenital diplegia
275524009,Immunoproliferative neoplasm
276426004,Ornithine aminotransferase deficiency
276509008,Non-immune hydrops fetalis
276612004,Extremely low birth weight infant
276640009,Intrapartum fetal hypoxia
276647007,Perinatal intracranial haemorrhage
276654001,Congenital malformation
276658003,Extreme immaturity
276799004,Dermatofibrosarcoma protuberans
276871002,Vaginal intraepithelial neoplasia grade 1
276872009,Vaginal intraepithelial neoplasia grade 2
276873004,Vulval intraepithelial neoplasia grade 1
276874005,Vulval intraepithelial neoplasia grade 2
276875006,Vulval intraepithelial neoplasia grade 3
277010001,Unexplained episode of renal transplant dysfunction
277156006,Malignant tumour of external ear
277473004,B-cell chronic lymphocytic leukaemia
277567002,T-cell prolymphocytic leukaemia
277571004,B-cell acute lymphoblastic leukaemia
277577000,Monoclonal gammopathy of uncertain significance
277589003,Myelodysplastic/myeloproliferative neoplasm with neutrophilia
277597005,Myelodysplastic syndrome with isolated del(5q)
277601005,Acute monoblastic leukaemia
277602003,Acute megakaryoblastic leukaemia
277605001,Tumour lysis syndrome
277606000,Lymphoreticular tumour
277613000,Cutaneous/peripheral T-cell lymphoma
277615007,Low grade B-cell lymphoma
277619001,B-cell prolymphocytic leukaemia
277622004,Mucosa-associated lymphoma
277625002,Follicular malignant lymphoma - small cleaved cell
277641001,Follicular malignant lymphoma - large cell
277654008,Enteropathy-associated T-cell lymphoma
277942005,Trichoblastoma
278284007,Right hemiplegia
278285008,Left hemiplegia
278286009,Right hemiparesis
278287000,Left hemiparesis
278309003,Duplex ureter structure
278503003,Congenital hypothyroidism with diffuse goitre
278509004,Congenital non-progressive ataxia
278512001,Ataxic cerebral palsy
278532000,Transverse deficiency lower limb - knee level
278536002,Post-pericardiotomy syndrome
278615005,Denture present
278713008,Spondyloepiphyseal dysplasia congenita
278715001,Chondrodysplasia punctata
278849000,Cerebral atrophy
279082008,Acromesomelic dysplasia syndrome
280959007,Malignant tumour of lacrimal drainage structure
281034005,Secondary amyloidosis
281170005,Arrhythmogenic right ventricular cardiomyopathy
282036005,Congenital arterial aneurysm
285055002,Does use hearing aid
285636001,Cervical intraepithelial neoplasia
287057009,Atrial premature complex
295046003,Ulcerative proctocolitis
298382003,Scoliosis deformity of spine
300444006,Large kidney
301811001,Bacterial infection by site
302108003,Tracheostomy present
302109006,Gastrostomy present
302111002,Ileostomy present
302112009,Colostomy present
302113004,Urostomy present
302213007,Carotid cavernous fistula
302215000,Thrombocytopenic disorder
302815008,Malignant tumour of fraenum of lip
302816009,"Malignant tumour of soft tissue of head, face and neck"
302817000,Malignant tumour of unknown origin or ill-defined site
302822000,Insulinoma
302836005,Lentigo maligna
302840001,Giant cell sarcoma
302842009,Diffuse malignant lymphoma - centroblastic
302843004,Histiocytoma
302849000,Nephroblastoma
302855005,Subacute leukaemia
302858007,Osteoma
302859004,Osteoid osteoma
302870006,Hypertriglyceridaemia
302873008,Thrombocytopenic purpura
302909007,Diffuse cerebrovascular disease
302919001,Epstein-Barr virus hepatitis
302960008,"Mosaicism 45, X; 46, XX"
303097007,Disorder of serine metabolism
303194003,Metastasis to head and neck lymph node
303201005,Metastatic malignant neoplasm to multiple lymph nodes
303852004,Lysinuric protein intolerance
305719002,Neuromyotonia
306058006,Aplastic anaemia
307091009,Factor V Leiden mutation
307115002,Homozygous Factor V Leiden mutation
307116001,Heterozygous Factor V Leiden mutation
307357004,"Jacksonian, focal or motor epilepsy"
307576001,Osteosarcoma of bone
307651005,Primary myelofibrosis
307726001,Anaemia in ovarian carcinoma
307756005,"Cerebral palsy, not congenital or infantile, acute"
307766002,Left sided cerebral infarction
307767006,Right sided cerebral infarction
308121000,Follicular non-Hodgkin's lymphoma
308870004,Dysplasia of colon
309248004,Bladder polyp
309518001,Right ventricular thrombus
309519009,Left ventricular thrombus
309754004,Simple hiatus hernia
309762007,Systemic lupus erythematosus with pericarditis
309775007,Postprocedural respiratory failure
309776008,Costello syndrome
310498001,Malignant melanoma of back
310504009,Primary malignant neoplasm of unknown site
310526005,Malignant tumour of soft tissue of back
310599006,Malignant neoplasm of canthus
310607007,Sarcoidosis of inferior turbinates
310660006,Birth weight 999 g or less
311779007,Malignant neoplasm of skin of scapular region
312214005,Floating-Harbour syndrome
312991009,Senile dementia of the Lewy body type
313248004,Malignant melanoma of chest wall
313249007,Malignant neoplasm of upper eyelid
313250007,Malignant neoplasm of lower eyelid
313426007,Kabuki make-up syndrome
313427003,Lambda light chain myeloma
313428008,Seminoma of undescended testis
313429000,Seminoma of descended testis
314955001,Local recurrence of malignant tumour of breast
314968009,Local recurrence of malignant tumour of urinary bladder
315036008,Melanoma in situ of back of hand
315058005,HNPCC - hereditary nonpolyposis colon cancer
315230006,Melanoma in situ of back
315608004,Cardiomyopathy in Duchenne muscular dystrophy
328383001,Chronic liver disease
359634001,Infantile posthaemorrhagic hydrocephalus
359789008,Takayasu's arteritis
359824007,Incomplete anencephaly
360378009,"Homogentisate 1,2-dioxygenase deficiency"
360416003,Glutaryl-CoA dehydrogenase deficiency
360481003,Common atrioventricular canal
360491009,Congenital atresia of jejunum
361123003,Psychomotor epilepsy
361197009,Sarcoid arthropathy
361200005,Familial febrile urticaria
361268000,Alcohol-induced epilepsy
361273006,Alcoholic cerebellar degeneration
362993009,Autosomal recessive SCID (severe combined immunodeficiency disease)
363039000,Congenital connective tissue disorder
363090004,Disorder of protein metabolism
363203000,Metabolic complication of procedures
363225006,Neonatal respiratory system disorder
363302008,Sequelae of neurological disorders
363346000,Malignant neoplastic disease
363348004,Malignant tumour of lip
363349007,Malignant tumour of stomach
363350007,Malignant tumour of caecum
363351006,Malignant tumour of rectum
363352004,Malignant tumour of anal canal
363353009,Malignant tumour of gallbladder
363354003,Malignant tumour of cervix
363355002,Malignant tumour of adrenal gland
363358000,Malignant tumour of lung
363360003,Malignant tumour of anterior two-thirds of tongue
363363001,Malignant tumour of soft tissue of shoulder
363364007,Malignant tumour of soft tissue of hip
363365008,Malignant tumour of soft tissue of thorax
363366009,Malignant tumour of soft tissue of pelvis
363367000,Malignant tumour of vulva
363370001,Malignant neoplasm of mesentery
363372009,Malignant tumour of vermilion border of upper lip
363373004,Malignant tumour of vermilion border of lower lip
363374005,Malignant tumour of commissure of lip
363375006,Malignant tumour of tongue
363376007,Malignant tumour of base of tongue
363377003,Malignant tumour of lingual tonsil
363378008,Malignant tumour of major salivary gland
363379000,Malignant tumour of parotid gland
363380002,Malignant tumour of submandibular gland
363381003,Malignant tumour of sublingual gland
363382005,Malignant tumour of gum
363383000,Malignant tumour of upper gingiva
363384006,Malignant tumour of lower gingiva
363385007,Malignant tumour of floor of mouth
363386008,Malignant tumour of buccal mucosa
363387004,Malignant tumour of hard palate
363388009,Malignant tumour of soft palate
363389001,Malignant tumour of uvula
363390005,Malignant tumour of palate
363391009,Malignant tumour of retromolar area
363392002,Malignant tumour of oropharynx
363393007,Malignant tumour of tonsil
363394001,Malignant tumour of tonsillar fossa
363395000,Malignant tumour of vallecula
363396004,Malignant tumour of branchial cleft
363397008,Malignant tumour of roof of nasopharynx
363398003,Malignant tumour of lateral wall of nasopharynx
363399006,Malignant tumour of hypopharynx
363400004,Malignant tumour of postcricoid region
363401000,Malignant tumour of pyriform fossa
363402007,Malignant tumour of oesophagus
363403002,Malignant tumour of duodenum
363404008,Malignant tumour of jejunum
363405009,Malignant tumour of ileum
363406005,Malignant tumour of colon
363407001,Malignant tumour of hepatic flexure
363408006,Malignant tumour of transverse colon
363409003,Malignant tumour of descending colon
363410008,Malignant tumour of sigmoid colon
363411007,Malignant neoplasm of appendix
363412000,Malignant tumour of ascending colon
363413005,Malignant tumour of splenic flexure
363414004,Malignant tumour of rectosigmoid junction
363415003,Malignant tumour of biliary tract
363416002,Malignant tumour of extrahepatic bile duct
363417006,Malignant tumour of ampulla of Vater
363418001,Malignant tumour of pancreas
363419009,Malignant tumour of head of pancreas
363420003,Malignant retroperitoneal tumour
363421004,Malignant neoplasm of omentum
363422006,Malignant tumour of nasal cavity
363423001,Malignant tumour of nasal septum
363424007,Malignant tumour of mastoid air cells
363425008,Malignant tumour of maxillary sinus
363426009,Malignant tumour of ethmoid sinus
363427000,Malignant tumour of frontal sinus
363428005,Malignant tumour of sphenoid sinus
363429002,Malignant tumour of larynx
363430007,Malignant tumour of subglottis
363431006,Malignant tumour of laryngeal cartilage
363432004,Malignant tumour of trachea
363433009,Malignant tumour of pleura
363434003,Malignant tumour of thymus
363435002,Malignant tumour of heart
363436001,Malignant tumour of endocardium
363437005,Malignant tumour of myocardium
363438000,Malignant neoplasm of vertebral column
363439008,Malignant tumour of soft tissue of head
363440005,Malignant tumour of soft tissue of face
363441009,Malignant tumour of soft tissue of neck
363443007,Malignant tumour of ovary
363444001,Malignant tumour of fallopian tube
363445000,Malignant tumour of vagina
363446004,Malignant neoplasm of labia majora
363447008,Malignant neoplasm of labia minora
363449006,Malignant tumour of testis
363450006,Malignant tumour of foreskin
363451005,Malignant tumour of glans penis
363452003,Malignant tumour of epididymis
363453008,Malignant tumour of spermatic cord
363454002,Malignant tumour of scrotum
363456000,Malignant tumour of urachus
363457009,Malignant tumour of renal pelvis
363458004,Malignant tumour of ureter
363459007,Malignant tumour of urethra
363460002,Malignant tumour of paraurethral gland
363461003,Malignant neoplasm of eye
363462005,Malignant tumour of orbit
363463000,Malignant tumour of conjunctiva
363464006,Malignant tumour of cornea
363465007,Malignant tumour of retina
363466008,Malignant tumour of choroid
363467004,Malignant neoplasm of frontal lobe
363468009,Malignant neoplasm of temporal lobe
363469001,Malignant neoplasm of parietal lobe
363470000,Malignant neoplasm of occipital lobe
363471001,Malignant neoplasm of cerebral ventricles
363473003,Malignant neoplasm of brainstem
363474009,Malignant neoplasm of cerebral meninges
363475005,Malignant tumour of spinal cord
363476006,Malignant neoplasm of spinal meninges
363477002,Malignant neoplasm of cauda equina
363478007,Malignant tumour of thyroid gland
363481002,Malignant tumour of parathyroid gland
363482009,Malignant tumour of pituitary gland
363483004,Malignant tumour of pineal gland
363484005,Malignant tumour of pelvis
363489000,Malignant tumour of neck
363490009,Malignant tumour of anus
363491008,Malignant tumour of cloacogenic zone
363494000,Malignant tumour of mediastinum
363496003,Malignant tumour of soft tissue of abdomen
363497007,Malignant tumour of meninges
363498002,Malignant tumour of optic nerve
363499005,Malignant tumour of spleen
363501002,Malignant tumour of face
363502009,Malignant tumour of axilla
363503004,Malignant tumour of upper limb
363504005,Malignant tumour of lower limb
363505006,Malignant tumour of oral cavity
363506007,Malignant tumour of nasal sinuses
363507003,Malignant tumour of pharynx
363508008,Malignant tumour of intestine
363509000,Malignant tumour of small intestine
363514001,Malignant tumour of female genital organ
363515000,Malignant tumour of male genital organ
363516004,Malignant tumour of penis
363518003,Malignant tumour of kidney
363732003,Addison's disease
367036006,Cystathione gamma-lyase deficiency
367363000,Right ventricular failure
367368009,Sulphite oxidase deficiency
367406009,"Deficiency of alpha-dextrin endo-1,6-alpha-glucosidase"
367460001,Pituitary dwarfism
367489004,Infantile malignant osteopetrosis
367495003,Macrocolon
367651003,Malignant Neoplasm (Morphology)
369748008,Diffusely infiltrative (linitis plastica) tumour configuration
370992007,Dyslipidaemia
371964008,Malignant neoplasm of adrenal cortex
371965009,Malignant neoplasm of adrenal medulla
371972005,Malignant neoplasm of body of uterus
371973000,Malignant neoplasm of uterus
371979001,Malignant neoplasm of clitoris
371982006,Malignant neoplasm of endocrine gland
372011009,Malignant tumour of soft tissue of upper limb
372063002,Malignant neoplasm of nervous system
372064008,Malignant neoplasm of female breast
372065009,Malignant neoplasm of main bronchus
372094002,Malignant neoplasm of axillary tail of breast
372095001,Malignant neoplasm of male breast
372097009,Malignant neoplasm of endocervix
372099007,Malignant neoplasm of exocervix
372124007,Malignant neoplasm of skin of lower limb
372126009,Malignant neoplasm of skin of trunk
372128005,Malignant neoplasm of skin of upper limb
372130007,Malignant neoplasm of skin
372137005,Primary malignant neoplasm of breast
372151005,Sarcoma - category
373080008,Malignant neoplasm of lower inner quadrant of breast
373081007,Malignant neoplasm of lower outer quadrant of breast
373082000,Malignant neoplasm of upper inner quadrant of breast
373083005,Malignant neoplasm of upper outer quadrant of breast
373168002,Reticulosarcoma
373420004,Upshaw-Schulman syndrome
373587001,Chiari malformation type II
373637000,Congenital vesicoureterorenal reflux
373905003,Jervell and Lange-Nielsen syndrome
384682003,Multidisciplinary care conference
385482004,Osteogenesis imperfecta type I
385483009,Osteogenesis imperfecta type III
386584007,Adrenal cortical hypofunction
386766007,Marchiafava-Bignami disease
387732009,Becker muscular dystrophy
389098007,Anoxic encephalopathy
390936003,Cerebral autosomal dominant arteriopathy with subcortical infarcts and leucoencephalopathy
392446004,"Attention to device, anastomosis AND/OR stoma"
395692003,Benign paraproteinaemia
395704004,Left ventricular diastolic dysfunction
396230008,Dermatomyositis
396338004,Metachromatic leukodystrophy
397009000,Mast cell malignancy
397320006,Disorder of umbilicus
397809001,Nontraumatic extradural haemorrhage
397830005,Pericardial anomaly
398036000,Familial hypercholesterolaemia
398114001,Ehlers-Danlos syndrome
398197009,Congenital choledochal cyst
398229007,Amyloid polyneuropathy type I
398250003,Familial haemophagocytic lymphohistiocytosis
398293003,Cellular immune defect
398316009,Patent urachus
398320008,Fistula of urachus
398565003,Infection caused by Clostridium botulinum
398623004,Myelodysplastic syndrome with excess blasts
398664009,Deficiency of UTP-hexose-1-phosphate uridylyltransferase
398680004,Citrullinaemia
398719004,"Chondrodysplasia punctata, Conradi-Hünermann type"
398754006,Restrictive cardiomyopathy with endomyocardial fibrosis
399020009,Dilated cardiomyopathy
399068003,Malignant tumour of prostate
399091004,Facioscapulohumeral muscular dystrophy
399187006,Haemochromatosis
399244003,Disorder of pituitary gland
399261000,History of coronary artery bypass grafting
399326009,Malignant tumour of urinary bladder
399340005,Hereditary nephritis
399456004,Plasma cell myeloma/plasmacytoma
399585007,Pigmented basal cell carcinoma
399933001,Vulval intraepithelial neoplasia (VIN)
399950004,Leiomyomatous neoplasm - category
399967006,Neoplasm of uncertain behaviour of stomach
399975000,Rhabdomyomatous neoplasm - category
400001003,Primary cutaneous lymphoma
400007004,Fibrohistiocytic neoplasm - category
400011005,Leiomyosarcoma - category
400038003,Congenital malformation syndrome
400066006,Intraepithelial squamous cell carcinoma
400071004,"Basal cell carcinoma, micronodular"
400130008,Temporal arteritis
400155002,Squamous cell carcinoma - category
400207007,Benign epithelial neoplasm - category
401045008,Dysplasia of cerebral cortex
401046009,Nicolaides-Baraitser syndrome
401138005,Pena-Shokeir syndrome type I
401315004,Smith-Magenis syndrome
402355000,Acute graft-versus-host disease
402356004,Chronic graft-versus-host disease
402527000,Basal cell carcinoma - infiltrative
402693001,Lipomatosis
402790006,Hereditary periodic fever
402811003,Squamous neoplasm of surface epithelium
402913004,Bowenoid papulosis
403767009,Acrocephalopolysyndactyly type II
403770008,Cardio-facio-cutaneous syndrome
403833009,TNF receptor-associated periodic fever syndrome (TRAPS)
403914000,Superficial basal cell carcinoma
404037002,Malignant peripheral nerve sheath tumour
404133000,Subcutaneous panniculitis-like T-cell lymphoma
404143002,Primary cutaneous follicular centre B-cell lymphoma
405769009,"Klinefelter's syndrome, XXY"
405773007,Kyphoscoliosis deformity of spine
405843009,Widespread metastatic malignant neoplastic disease
407673002,O/E - stoma
407675009,Focal onset impaired awareness epileptic seizure
408335007,Autoimmune hepatitis
408537003,Barber-Say syndrome
409709004,Chromosomal disorder
409712001,Mitral valve prolapse
410063006,Disorder characterised by multiple exostoses
412787009,"Intellectual disability, congenital heart disease, blepharophimosis, blepharoptosis and hypoplastic teeth"
413100008,Akinetic rigid syndrome
413101007,Stress-induced epilepsy
413102000,Infarction of basal ganglia
413427002,Acquired fructose intolerance
413438002,Acute hepatic failure due to drugs
413440007,Acute lymphoblastic leukaemia - category
413441006,Acute monocytic leukaemia
413537009,Angioimmunoblastic T-cell lymphoma
413603009,Autoimmune haemolytic anaemia
413638006,Benign neonatal sleep myoclonus
413808003,Cerebral ventriculomegaly
413936007,Currarino triad
414029004,Disorder of immune function
414153008,Exacerbation of Crohn's disease of large intestine
414154002,Exacerbation of Crohn's disease of small intestine
414156000,Exacerbation of ulcerative colitis
414166008,"Extranodal NK/T-cell lymphoma, nasal type"
414341000,Giant cell arteritis
414628006,Lymphoid neoplasm
414629003,Lymphoproliferative disorder
414653009,Mast cell neoplasm
414655002,Mature (peripheral) T-cell neoplasm
414667000,Meningomyelocele
415112005,Plasmacytoma
415181008,Proliferation of haematopoietic cell type
415295002,Restrictive cardiomyopathy
415713009,Thoracic hydromeningocele
416158002,Right ventricular systolic dysfunction
416180004,Haemoglobin SS disease without crisis
416610007,Right ventricular diastolic dysfunction
416669000,Invasive hydatidiform mole
416676005,Macroamylasaemia
416780008,"Primary degenerative dementia of the Alzheimer type, presenile onset"
416792008,Vein of Galen malformation
416842003,Malignant sacral teratoma
416975007,"Primary degenerative dementia of the Alzheimer type, senile onset"
417271000,"Hydatidiform mole, benign"
417357006,Sickling disorder due to haemoglobin S
417417007,Malignant teratoma of undescended testis
417425009,Haemoglobin SS disease with crisis
417554000,Malignant teratoma of descended testis
417629008,Sex cord-stromal tumour category
418130002,Proctocolitis
418143002,Cerebral degeneration
418470004,Porphyria
419052002,Malignant tumour of urinary system
419503008,Hyperhomocysteinaemia
419728003,Portal cirrhosis
420120006,Gastrointestinal stromal tumour
420146005,Cerebral degeneration associated with generalised lipidosis
421249001,Malignant tumour of vermilion border of lip
422065006,Constitutional short stature
422437002,X-linked intellectual disability with marfanoid habitus
422474003,Partial absence of septum pellucidum
423095007,Moulded baby syndrome
423294001,Idiopathic hypereosinophilic syndrome
424045003,Myocardial bridge of coronary artery
424889004,Sinistrocardia
425333006,Myeloproliferative disorder
425500002,Secondary progressive multiple sclerosis
426202004,Immune reconstitution syndrome
426300009,Tachycardia-induced cardiomyopathy
426336007,Solitary osseous myeloma
426373005,Relapsing remitting multiple sclerosis
426611007,Congestive heart failure due to valvular disease
426655001,Disorder of aromatic amino acid metabolism
427022004,Liver disease due to cystic fibrosis
427817003,History of gastrectomy
428061005,Malignant neoplasm of brain
428100006,Malignant neoplasm of thoracic cavity structure
428322007,Malignant neoplasm of uterine adnexa
428367000,Phyllodes tumour - category
428375006,History of placement of stent for coronary artery disease
428700003,Primary progressive multiple sclerosis
428850001,Li-Fraumeni syndrome
429054002,Disorder related to transplantation
429200006,Congenital inguinal hernia
429490004,Disorder affecting transplanted structure
429589006,Left ventricular cardiac dysfunction
429753001,Congenital nonprogressive myopathy with Moebius and Robin sequences
430166008,Congenital anomaly of peripheral blood vessel
430478003,Macrophage activation syndrome
430621000,Malignant neoplasm of lower respiratory tract
431034009,Torsion dystonia
432504007,Cerebral infarction
438511000,Benign multiple sclerosis
438583008,Congenital bilateral perisylvian syndrome
439143004,Simpson-Golabi-Behmel syndrome
439567002,Malignant multiple sclerosis
439732004,Myoclonic dystonia
440350001,Fibroblast growth factor receptor 3-related craniosynostosis
441456002,Polyp
441509002,Cardiac pacemaker in situ
441541008,Takotsubo cardiomyopathy
442511009,"Progressive encephalopathy with oedema, hypsarrhythmia and optic atrophy syndrome"
442512002,Status epilepticus without prominent motor symptoms
442685003,Nonalcoholic steatohepatitis
443042003,Neoplasm of uncertain behaviour of skeletal system
443136000,Malignant neoplasm of skin of face
443354006,Ependymoma - category
443487006,Mantle cell lymphoma
443565000,Oligodendroglioma - category
443677002,Seminoma - category
443679004,Malignant neoplasm of skeletal system
443818003,Neuroma - category
443897009,Tubular adenoma - category
443929000,Small vessel cerebrovascular disease
444133002,Progressive systemic sclerosis
444197004,"Multiple system atrophy, Parkinson's variant"
444548001,Ulcerative pancolitis
444655009,Extra unidentified structurally abnormal chromosome
444910004,Primary mediastinal (thymic) large B-cell lymphoma
445030005,Blastic plasmacytoid dendritic cell neoplasm
445090007,Fibrosing colonopathy
445105005,Blastic plasmacytoid dendritic cell neoplasm
445227008,Juvenile myelomonocytic leukaemia
445252005,Glucose transporter protein type 1 deficiency syndrome
445269007,Extranodal marginal zone B-cell lymphoma of mucosa-associated lymphoid tissue (MALT-lymphoma)
445308004,Split cord malformation
445406001,Hepatosplenic T-cell lymphoma
445448008,Acute myeloid leukaemia with myelodysplasia-related changes
445738007,Myelodysplastic/myeloproliferative disease
445967004,Clinically isolated syndrome
446221000,Heart failure with normal ejection fraction
446263001,Loeys-Dietz syndrome
446643000,Sarcoma of dendritic cells (accessory cells)
446711009,High grade prostatic intraepithelial neoplasia
447351004,Vanishing white matter disease
447883002,Malignant neoplasm of carotid body
447949005,Carcinoma of cheek
448212009,"Anaplastic large cell lymphoma, ALK negative"
448668007,Malignant neoplasm of mandible
448670003,Malignant neoplasm of posterior mediastinum
448674007,Malignant neoplasm of parametrium
448742006,Abnormality of aortic arch
448834003,High density lipoprotein deficiency
448868009,Malignant neoplasm of lateral wall of oropharynx
448922007,Secondary malignant neoplasm of large intestine and rectum
449067008,Malignant neoplasm of parietal pleura
449096009,Malignant neoplasm of respiratory system
449108003,Philadelphia chromosome positive chronic myelogenous leukaemia
449220000,Diffuse follicle centre lymphoma
449224009,Malignant neoplasm of anterior mediastinum
449308006,Malignant neoplasm of visceral pleura
449377002,Malignant neoplasm of pelvic peritoneum
449386007,Philadelphia chromosome negative chronic myelogenous leukaemia
449420002,Malignant neoplasm of cerebellum
449627008,Malignant neoplasm of long bone of lower limb
449818005,22q11 deletion syndrome
449819002,3p partial monosomy syndrome
449821007,Branchiooculofacial syndrome
449824004,Marden Walker syndrome
450871008,Attention to colostomy
450958009,"Malignant lymphoma, diffuse large B-cell, immunoblastic"
461105005,Anomalous origin of coronary artery from aorta
609221008,Paroxysmal kinesigenic dyskinesia
609558009,Essential tremor
609559001,Hereditary essential tremor
698247007,Cardiac arrhythmia
698450007,History of bypass of stomach
698499006,Spine injury due to birth trauma
698551008,History of construction of external stoma of urinary system
699300009,Oculofaciocardiodental syndrome
700132008,Ventriculoperitoneal shunt in situ
700210008,Vagal nerve stimulator in situ
700211007,Ulnar mammary syndrome
700449008,Non-diabetic hyperglycaemia
700467001,Reversible cerebral vasoconstriction syndrome
702391001,Renal cell carcinoma
702431004,Feingold syndrome
702575003,Retinocochleocerebral vasculopathy
702816000,MECP2 duplication syndrome
703535000,Mowat-Wilson syndrome
703545003,Encapsulated papillary carcinoma
703549009,"Small cell carcinoma, hypercalcaemic type"
703609007,Myxofibrosarcoma
705066004,Dissection of internal carotid artery
707742001,Bartter syndrome
707747007,Pseudoprimary hyperaldosteronism
709031009,Malignant neoplasm of superior wall of nasopharynx
710008008,Monosomy X
710010005,Mosaic Turner syndrome
710019006,"Mosaicism 45, X or other cell line with abnormal sex chromosome"
712525007,Malignant neoplasm of short bone of lower limb
712750007,Malignant neoplasm of chest wall
713082007,Nonruptured cerebral aneurysm due to dissection of cerebral artery
713189001,Malignant insulinoma
715317001,Myotonic dystrophy type 2
716318002,Lynch syndrome
716335003,Worster Drought syndrome
717950007,Acquired absence of uterus
718485003,Congenital dilatation of ureter
718685006,Orthostatic hypotension co-occurrent and due to Parkinson's disease
719447009,Ectopic fallopian tube tissue
719800009,DOORS syndrome
721105004,Klippel Trenaunay syndrome
721290005,Adrenocortical hypofunction following procedure
721551005,Acquired absence of breast
721567004,Primary malignant neoplasm of placenta
722237009,"Comedocarcinoma, no International Classification of Diseases for Oncology subtype"
722866000,Metabolic dysfunction-associated steatotic liver
723973002,Sirenomelus
724207001,Kleefstra syndrome
725136003,Major histocompatibility complex class I deficiency
735929009,Acquired absence of genital organ
737280000,Audiological implant in situ
737281001,Artificial larynx in situ
737286006,Dental prosthetic device in situ
737290008,Intestinal anastomosis present
737294004,Transplant present
737297006,Transplanted liver present
737299009,Transplanted cornea present
737303004,Acquired absence of organ
737560000,Blood copper level above reference range
737562008,Multicystic renal dysplasia
738770003,Anaplastic lymphoma kinase positive anaplastic large cell lymphoma
739301006,Osteoporosis co-occurrent and due to multiple myeloma
765330003,Autosomal dominant polycystic kidney disease
767263007,22q11.2 deletion syndrome
768795009,Brenner tumour
778022009,Classical-like Ehlers-Danlos syndrome type 1
783707003,Cerebral aneurysm due to dissection of cerebral artery
788613004,Anti-glomerular basement membrane disease
817966005,Distal intestinal obstruction syndrome due to cystic fibrosis
817967001,Wolffian tumour of uncertain behaviour
818947007,Acinar cell tumour of uncertain behaviour
836276000,Hodgkin sarcoma
836277009,Hodgkin granuloma
860951008,Congenital anomaly of cauda equina
863957008,Chronic necrosis of liver
1010276004,Ring chromosome
1010712009,Autosomal dominant Emery-Dreifuss muscular dystrophy
1144805008,Microscopic polyangiitis
1148845007,Follicular lymphoma grade 3b
1148851002,Follicular lymphoma grade 3a
1155727009,Congenital dilatation of common bile duct
1155956002,Follicular lymphoma grade 3a
1155957006,Follicular lymphoma grade 3b
1156466008,Myeloproliferative neoplasm
1156495004,Dendritic cell sarcoma
1156545002,Leydig cell tumour of uncertain behaviour
1156641000,Benign choroid plexus papilloma
1156647001,Benign odontoma
1156654007,Benign tubular adenoma
1156661006,Benign adrenal cortical adenoma
1156873009,Benign fibroadenoma
1156874003,Benign osteoma
1156875002,Myoma
1156876001,Androblastoma of uncertain behaviour
1156902004,Benign thecoma
1156904003,Benign pituitary adenoma
1156923005,Medulloblastoma
1156930004,Benign neurofibroma
1156971005,Choriocarcinoma
1156974002,Oligodendroglioma
1157019008,Benign meningioma
1157043006,Astrocytoma
1157050005,Benign fibroma
1157073002,Benign papilloma
1157139005,Malignant carcinoid tumour
1157154004,Leiomyomatosis
1157157006,Acute myeloid leukaemia with 11q23 abnormality
1157162007,Intravascular large B-cell lymphoma
1157165009,Teratoma of uncertain behaviour
1157239001,Malignant teratoma
1157241000,Benign adenofibroma
1162463004,Partial duplication of long arm of chromosome 15
1162576007,Plasma cell myeloma
1162588009,Chronic myeloid leukaemia
1162662003,Ganglioglioma
1162765005,Malignant seminoma
1162767002,Squamous cell carcinoma
1162768007,Leukaemia
1162814007,Non-infiltrating intraductal carcinoma
1162815008,Liposarcoma
1162890002,Leiomyoma
1162928000,Acute myeloid leukaemia
1162973007,Cutaneous T-cell lymphoma
1163005009,Hodgkin lymphoma
1163016002,Chondrosarcoma
1163022006,Leiomyosarcoma
1163043007,Malignant lymphoma
1163375002,Glioblastoma
1163405004,Osteosarcoma
1163436007,Neuroma
1163439000,Myeloid leukaemia
1172592001,Non-Hodgkin lymphoma
1172695008,Diffuse large B cell lymphoma
1172709000,Lymphoid leukaemia
1179040000,Adult cellular rhabdomyoma
1179762006,Malignant neoplasm of middle lobe of right lung
1186902009,Fibrohistiocytic neoplasm
1186904005,Ependymoma
1187107005,Plasmacytoma
1187125003,Leiomyomatous neoplasm
1187138006,Carcinoma in situ
1187163006,Benign epithelial neoplasm
1187332001,Adenocarcinoma
1187358001,Congenital lordosis deformity of spine
1187396000,Sarcoma
1187423002,Thymoma of uncertain behaviour
1187469002,"Squamous cell carcinoma of primary, secondary, or uncertain origin"
1208991001,Myoclonic epileptic seizure
1217301006,Precursor cell lymphoblastic lymphoma
1222580004,Hepatitis caused by Toxoplasma gondii
1234906009,"46,XX ovotesticular disorder of sex development"
1236975007,Behavioural arrest epileptic seizure
1240414004,Malignant neoplasm
1255687003,"Hodgkin lymphoma, lymphocyte depletion of lymph nodes of head and neck"
1255739002,"Hodgkin disease, lymphocytic-histiocytic predominance of lymph nodes of head and neck"
1255790001,"Hodgkin disease, mixed cellularity of lymph nodes of head and neck"
1255795006,Malignant histiocytosis of lymph nodes of lower limb
1255796007,Burkitt lymphoma of lymph nodes of lower limb
1255797003,"Hodgkin disease, nodular sclerosis of lymph nodes of lower limb"
1255798008,Hodgkin granuloma of lymph nodes of upper limb
1255808008,Hodgkin sarcoma of lymph nodes of upper limb
1255809000,Malignant mast cell tumour of lymph nodes of upper limb
1255811009,"Hodgkin disease, mixed cellularity of lymph nodes of upper limb"
1255812002,"Hodgkin disease, nodular sclerosis of lymph nodes of upper limb"
1255813007,Letterer-Siwe disease of lymph nodes of upper limb
1255814001,"Hodgkin disease, lymphocytic-histiocytic predominance of lymph nodes of upper limb"
1255883001,Hodgkin sarcoma of lymph nodes of lower limb
1255885008,Letterer-Siwe disease of lymph nodes of lower limb
1255886009,Mycosis fungoides of lymph nodes of upper limb
1255887000,Hodgkin's paragranuloma of lymph nodes of lower limb
1255888005,Hodgkin paragranuloma of lymph nodes of upper limb
1255890006,"Hodgkin disease, lymphocytic depletion of lymph nodes of upper limb"
1255892003,"Hodgkin disease, lymphocytic depletion of lymph nodes of lower limb"
1255894002,Hodgkin granuloma of lymph nodes of lower limb
1255895001,Burkitt lymphoma of lymph nodes of upper limb
1255897009,"Hodgkin disease, lymphocytic-histiocytic predominance of lymph nodes of lower limb"
1255898004,"Hodgkin disease, mixed cellularity of lymph nodes of lower limb"
1255899007,Malignant mast cell tumour of lymph nodes of lower limb
1255902005,Hodgkin disease of lymph nodes of lower limb
1255905007,Hodgkin disease of lymph nodes of upper limb
1255906008,Malignant lymphoma of lymph nodes of upper limb
1255907004,Malignant lymphoma of lymph nodes of lower limb
1260268001,Myelodysplastic syndrome with low blasts
1263465002,Malignant neoplasm of soft tissue of finger
1263466001,Malignant neoplasm of soft tissue of toe
1263467005,Malignant neoplasm of soft tissue of hand
1263468000,Malignant neoplasm of soft tissue of foot
1263469008,Malignant neoplasm of soft tissue of thumb
1263474000,Malignant neoplasm of soft tissue of axilla
1263475004,Malignant neoplasm of soft tissue of buttock
1263476003,Malignant neoplasm soft tissue of lower limb
1263479005,Malignant neoplasm of perineum
1286768001,Well-differentiated neuroendocrine tumour
1287094005,Ehlers-Danlos syndrome classic type 2
1287820006,Chronic respiratory disease originating in perinatal period
1293107009,Sclerosing morphoeic basal cell carcinoma
1293166002,Malignant neoplasm of vestibulocochlear nerve structure
1295265008,Diffuse tenosynovial giant cell tumour
1296758008,Vasopressin-related polyuria
1306294005,Malignant neoplasm of ectopic site of breast
1306295006,Malignant neoplasm of nipple and areola
1306310004,Primary malignant neoplasm of areola
1306317001,Primary malignant neoplasm of nipple
1306548008,Malignant neoplasm of central portion of breast
1332419003,Sex cord-stromal tumour
1332422001,Disseminated Langerhans cell histiocytosis of lymph nodes of lower limb
1332423006,Disseminated Langerhans cell histiocytosis of lymph nodes of upper limb
1332427007,Disseminated Langerhans cell histiocytosis of spleen
1332428002,Disseminated Langerhans cell histiocytosis of lymph nodes of multiple sites
1332429005,Disseminated Langerhans cell histiocytosis of lymph nodes of thorax
1332430000,Disseminated Langerhans cell histiocytosis of pelvic lymph nodes
1332431001,Disseminated Langerhans cell histiocytosis of abdominal lymph nodes
1332476001,Disseminated Langerhans cell histiocytosis of bone
1335871007,Early neonatal jaundice due to galactosaemia
1340048006,Benign glomus tumour
1340060007,Malignant glomus jugulare tumour
1359852007,Malignant neoplasm of vermilion of upper lip
1359859003,Malignant neoplasm of vermilion of lip
69031000119105,Biventricular cardiac pacemaker present
79021000119104,Dependence on aspirator
79031000119101,Dependence on respirator
103991000000107,[M]Classical hydatidiform mole
104001000000102,[M]Complete hydatidiform mole
125081000119106,Cerebral infarction due to occlusion of precerebral artery
145501000119108,Metastatic malignant neoplasm to breast
146801000119103,Leiomyoma
166071000000101,Congenital dilated lateral ventricles of brain
176591000000103,[X]Townes-Brocks syndrome
199451000000106,Simple partial epileptic seizure
199671000000100,Lujan-Fryns syndrome
205321000000106,Paroxysmal dyskinesia
206421000000109,Paroxysmal non-kinesigenic dyskinesia
248881000000100,[M]Borderline mucinous cystadenoma of the ovary
278841000000109,[V]Biventricular pacemaker in situ
300751000000104,Care of ileostomy
307781000000109,Worster - Drought syndrome
307841000000108,Mowat - Wilson syndrome
339861000000106,Panayiotopoulos syndrome
341551000000108,Cerebral degeneration in Parkinson's disease
341751000000103,Congenital dextroposition of heart
342511000000104,Siewert type II adenocarcinoma
342561000000102,Siewert type III adenocarcinoma
342571000000109,Siewert type I adenocarcinoma
355881000000100,[V]Bone anchored hearing aid in situ
377191000000102,[V]Presence of gastric bypass
380941000000104,"PEHO (progressive encephalopathy with oedema, hypsarrhythmia and optic atrophy) syndrome"
389221000000108,[M]Miscellaneous tumour NOS
389231000000105,[M]Plasma cell tumours
389251000000103,[M]Tubular adenoma NOS
389271000000107,[M]Papillary mucinous cystadenoma NOS
389281000000109,[M]Fibromatous neoplasm NOS
389291000000106,[M]Struma ovarii NOS
389311000000107,[M]Transitional cell papilloma NOS
389321000000101,[M]Lymphangioma NOS
389331000000104,"[M]Malignant lymphoma, convoluted cell type NOS"
389371000000102,[M]Renal adenoma and carcinoma
389411000000103,[X]Other disorders of the nervous system
389431000000106,[M]Squamous cell carcinoma NOS
389441000000102,[M]Mixed cell adenoma and adenocarcinoma
389491000000107,"[M]Adenocarcinoma, metastatic, NOS"
389551000000100,[M]Basal cell neoplasms
389601000000102,[X]Anaemia in other chronic diseases classified elsewhere
389661000000103,[X]Other deletions of part of a chromosome
389701000000109,[M]Haemangiopericytic meningioma
389711000000106,[M]Neoplasm morphology NOS
389731000000103,[M]Miscellaneous leukaemias
389771000000101,"[M]Carcinoid tumour, malignant"
389801000000103,[M]Apocrine adenoma and adenocarcinomas
389811000000101,[M]Fibroadenoma NOS
389821000000107,[M]Specialised gonadal neoplasm NOS
389841000000100,[M]Soft tissue tumour or sarcoma NOS
389851000000102,[M]Strumal neoplasms
389861000000104,[M]Medulloblastoma NOS
389871000000106,[M]Burkitt's tumours
389881000000108,[M]Mesothelial neoplasm NOS
389891000000105,[M]Mastocytoma NOS
389901000000106,[M]Mucoepidermoid neoplasm NOS
390111000000102,[X]Other congenital malformations of larynx
390141000000101,[X]Secondary parkinsonism due to other external agents
390151000000103,[X]Other chronic respiratory diseases originating in the perinatal period
390261000000107,[M]Eosinophilic leukaemia NOS
390371000000105,[X]Other specified diseases of spinal cord
390441000000105,[X]Other hyperlipidaemia
390451000000108,[X]Congenital malformations of the circulatory system
390481000000102,[X]Other atresia and stenosis of urethra and bladder neck
390491000000100,"[X]Other specified sex chromosome abnormalities, male phenotype"
390501000000106,[X]Other specified congenital malformations of respiratory system
390571000000103,[X]Congenital malformations of the nervous system
390581000000101,"[M]Hepatocholangioma, benign"
390591000000104,[M]Granulosa cell tumour NOS
390661000000109,[X]Other congenital malformations of great veins
390671000000102,[X]Other cystic kidney diseases
390681000000100,[X]Other obstructive defects of renal pelvis and ureter
390731000000109,[X]Hydrocephalus in infectious and parasitic diseases classified elsewhere
390781000000108,[M]Oxyphilic adenoma or adenocarcinoma NOS
390931000000107,[M]Fibroepithelial neoplasm NOS
390971000000109,[X]Other conditions related to interstitial emphysema originating in the perinatal period
391091000000100,[X]Other congenital malformations of oesophagus
391381000000100,[M]Histiocytic medullary reticulosis
391691000000109,[M]Prolymphocytic lymphosarcoma
392061000000102,[M] Clear cell sarcoma of kidney
395671000000107,[M] Alpha heavy chain disease
396121000000105,[M]Adenomatoid tumour NOS
396171000000109,[M]Granular cell tumour or alveolar soft part sarcoma NOS
396191000000108,[M]Rhabdomyomatous neoplasms
396201000000105,"[M]Malignant lymphoma, undifferentiated cell type NOS"
396241000000108,[M]Pituitary adenomas and carcinomas
396251000000106,[M]Serous surface papilloma NOS
396261000000109,"[M]Serous surface papilloma, borderline malignancy"
396291000000103,[X]Aplastic and other anaemias
396341000000101,[M]Leiomyomatous neoplasms
396351000000103,[M]Leiomyoma NOS
396421000000100,[M]Adenoma NOS
396431000000103,[M]Adenocarcinoma NOS
396441000000107,[M]Complex epithelial neoplasm NOS
396451000000105,[M]Myomatous neoplasm NOS
396491000000102,[M]Follicular adenocarcinoma NOS
396501000000108,[M]Thyroid adenoma or adenocarcinoma NOS
396511000000105,[X]Other drug-induced secondary parkinsonism
396561000000107,"[X]Congenital malformation of great arteries, unspecified"
396631000000101,[X]Other gangliosidosis
396641000000105,[X]Other balanced rearrangements and structural markers
396651000000108,[M]Angiomyoliposarcoma
396661000000106,[M]Meningiomatosis NOS
396681000000102,[M]Cellular intracanalicular fibroadenoma
396691000000100,[M]Cystosarcoma phyllodes NOS
396701000000100,[M]Hodgkin's paragranuloma
396711000000103,"[M]Malignant lymphoma, lymphocytic, poorly differentiated, nodular"
396731000000106,[M]Lobular carcinoma NOS
396741000000102,[M]Paragangliomas and glomus tumours
396751000000104,[M]Paraganglioma or glomus tumour NOS
396761000000101,[M]Tubular adenomas and adenocarcinomas
396781000000105,[M]Villous adenomas and adenocarcinomas
396791000000107,"[M]Papillary cystadenocarcinoma, NOS"
396801000000106,[M]Sarcoma NOS
396811000000108,[M]Seminomas
396841000000109,[M]Bronchial adenoma NOS
396851000000107,"[M]Cystic, mucinous and serous neoplasms"
397121000000107,[M]Eosinophilic leukaemias
397131000000109,[M]No microscopic confirmation of tumour
397241000000105,"[X]Chromosomal abnormalities, not elsewhere classified"
397321000000105,[X]Other specified chromosome abnormalities
397401000000106,"[X]Congenital malformation of intestine, unspecified"
397411000000108,[M]Germ cell neoplasm NOS
397421000000102,[M]Ganglioneuromatous neoplasm NOS
397431000000100,[M]Neuroepithelioma NOS
397511000000107,[X]Other hydrocephalus
397591000000103,[X]Other specified cerebrovascular diseases
397621000000100,[M]Large cell carcinoma NOS
397641000000107,[X]Malignant neoplasm of respiratory and intrathoracic organs
397681000000104,[X]Other specified kernicterus
397801000000108,"[M]Carcinoid tumour, nonargentaffin, NOS"
397901000000100,[X]Other specified congenital malformations of spinal cord
397911000000103,[V]Has ileostomy
397951000000104,[X]Other specified congenital malformations of upper alimentary tract
398151000000101,[X]Other congenital malformations of liver
398221000000102,[M]Thecal cell neoplasms
398231000000100,[M]Cementoma NOS
398411000000107,[X]Other specified congenital malformations of urinary system
398561000000108,[X]Other congenital malformations of aortic and mitral valves
398591000000102,[M]Miscellaneous myeloproliferative or lymphoproliferative disorders NOS
398651000000109,[V]Other post-surgical states
398691000000101,"[M]Malignant lymphoma, lymphocytic, poorly differentiated NOS"
398701000000101,[M]Basophilic leukaemias
398741000000103,[V]Presence of spectacles and contact lenses
399081000000101,"[M]Malignant lymphoma, mixed lymphocytic-histiocytic NOS"
399211000000101,"[X]Non-Hodgkin's lymphoma, unspecified type"
399241000000100,[V]Kidney transplanted
399371000000101,[X]Attention to other artificial openings of digestive tract
399491000000106,[M] Myxoid chondrosarcoma
399631000000107,[V]Heart valve transplanted
399731000000102,[X]Fitting and adjustment of other specified devices
400171000000101,[V]Acquired absence of kidney
400521000000106,[V]Intrauterine contraceptive device present
400821000000108,[X]Other specified anaemias
400851000000103,[M]Osteomas and osteosarcomas
401221000000100,[M]Malignant histiocytosis
401241000000107,"[M]Malignant lymphoma, small cleaved cell, diffuse"
401431000000102,[M]Osteochondromatosis NOS
401831000000104,[V]Other machine dependence
401961000000103,[X]Cerebral arteritis in other diseases classified elsewhere
402151000000109,[V]Acquired absence of breast(s)
402641000000104,[X]Other bilirubin metabolism disorders
402671000000105,[V]Fitting or adjustment of wheelchair
402991000000104,[X]Other adrenogenital disorders
403451000000108,"[M]Hodgkin's disease, lymphocytic predominance"
403911000000104,"[M]Hodgkin's disease, nodular sclerosis, mixed cellularity"
403961000000102,[M]Neutrophilic leukaemia
404031000000109,[M]Aleukaemic myeloid leukaemia
407781000000101,[M]Adenomatous polyp NOS
407791000000104,"[M]Cystic, mucinous or serous neoplasm NOS"
408261000000103,[M]Fibroma NOS
408271000000105,[M]Granular cell tumour NOS
408291000000109,[M]Basal cell neoplasm NOS
408301000000108,[M]Acinar cell neoplasm NOS
408311000000105,[M]Angiomyomatous neoplasm NOS
408321000000104,[M]Myoma and myosarcoma
408331000000102,"[M]Malignant lymphoma, diffuse NOS"
408351000000109,[M]Oxyphilic adenomas and adenocarcinomas
408361000000107,[M]Papilloma NOS (excluding papilloma of urinary bladder)
408381000000103,[M]Carcinoid tumours NOS
408391000000101,[M]Neoplasms NOS
408401000000103,[M]Medullary carcinoma NOS
408411000000101,[M]Lipomatous neoplasms NOS
408481000000108,[M]Endometrioid adenofibroma NOS
408491000000105,[M]Endometrioid adenoma or carcinoma NOS
408501000000104,[M] Smooth muscle tumour NOS
408511000000102,[M]Rhabdomyomatous neoplasm NOS
408521000000108,[M]Lymphatic vessel tumour NOS
408581000000109,[X]Extrapyramidal and movement disorders
408621000000109,[M]Villous adenoma or adenocarcinoma NOS
408631000000106,"[X]Other congenital anaemias, not elsewhere classified"
408641000000102,[X]Congenital malformations of the respiratory system
408721000000103,[X]Other sphingolipidosis
408731000000101,[X]Other specified trisomies and partial trisomies of autosomes
408741000000105,[X]Other deletions from the autosomes
408761000000106,[M]Mesonephroma NOS
408771000000104,[M]Compound leukaemia
408791000000100,[M]Leiomyosarcoma NOS
408801000000101,[M]Apocrine adenoma or adenocarcinoma NOS
408811000000104,[M]Adenomatous or adenocarcinomatous polyp NOS
408821000000105,[M]Tubular androblastoma NOS
408831000000107,[M]Monocytic leukaemias
408841000000103,[M]Papillary serous cystadenoma NOS
408851000000100,[M]Adenocarcinoma in villous adenoma
408861000000102,[M]Papillary adenocarcinoma NOS
408871000000109,[M]Cystadenoma and carcinoma
408881000000106,[M]Cystadenocarcinoma NOS
408891000000108,[M]Ependymoma NOS
408901000000109,"[M]No microscopic confirmation of tumour, clinically NOS"
409151000000100,[M]Carcinosarcoma NOS
409161000000102,[M]Chondroblastoma NOS
409281000000100,[X]Other disorders of purine and pyrimidine metabolism
409301000000104,[X]Other congenital malformations of cardiac septa
409471000000101,[M]Hepatobiliary tract adenomas and carcinomas
409561000000107,[M]Microglioma
409651000000108,"[M]Carcinoma, anaplastic type, NOS"
409661000000106,[M]Trophoblastic neoplasm NOS
409671000000104,[M]Mesonephric tumour
409681000000102,[M]Meningiomas
409691000000100,[M]Aleukaemic leukaemia NOS
409831000000100,[M]Ceruminous adenoma and adenocarcinoma
409951000000102,"[X]Other disorders of the nervous system, not elsewhere classified"
409981000000108,[V]Has colostomy
410271000000106,[M]Thecoma NOS
410281000000108,[M]Miscellaneous bone tumour NOS
410431000000105,[X]Other primary thrombocytopenia
410571000000108,[M]Miscellaneous leukaemia NOS
410581000000105,[M]Miscellaneous myeloproliferative and lymphoproliferative disorders
410671000000109,"[M]Malignant lymphoma, lymphocytic, intermediate differentiation NOS"
410741000000106,[V]Attention to artificial vagina
410751000000109,[V]Cornea transplanted
410761000000107,[V]Presence of external hearing-aid
411181000000108,[X]Acquired absence of other parts of digestive tract
411191000000105,[V]Dependence on wheelchair
411211000000109,[V]Bone transplanted
411221000000103,[V]Presence of artificial limb (complete)(partial)
411241000000105,[X]Systemic atrophy affecting the central nervous system in other diseases classified elsewhere
411261000000106,[V]Presence of tooth-root and mandibular implants
411411000000108,[X]Immunodeficiency associated with other specified major defects
411421000000102,"[X]Immunodeficiency associated with major defect, unspecified"
411431000000100,[X]Other common variable immunodeficiencies
411441000000109,[X]Other autoimmune haemolytic anaemias
411481000000101,[V]Status following coronary angioplasty NOS
411531000000104,[X]Other ill-defined heart diseases
411701000000102,[X]Other hyperaldosteronism
411861000000107,[X]Essential thrombocytopenia NOS
411911000000103,[X]Other intracerebral haemorrhage
412211000000100,[V]Acquired absence of other parts of digestive tract
412291000000109,[X]Other spinal muscular atrophies and related syndromes
412911000000106,[X]Other glycoprotein metabolism disorders
412931000000103,"[X]Moderate mental retardation, significant impairment of behaviour requiring attention or treatment"
413341000000102,[M]Glucagonoma NOS
413441000000108,[M]Complex mixed and stromal neoplasms
413641000000106,[V]Other specified post-surgical state
413701000000101,[V]Aspirator dependence
413751000000100,"[X]Sequelae of stroke, not specified as haemorrhage or infarction"
413801000000107,[M]Adrenal cortical tumours NOS
414511000000109,[V]Has intestinal bypass or anastomosis
414521000000103,[V]Fitting or adjustment of other specified device
414741000000101,"[X]Severe mental retardation, other impairments of behaviour"
415061000000103,"[X]Heredofamilial amyloidosis, unspecified"
415461000000108,[M]Malignant lymphomatous polyposis
416011000000106,[X]Acquired absence of other organs of urinary tract
416021000000100,[V]Other specified enabling machine dependence
416071000000101,[X]Other hyperphenylalaninaemias
416091000000102,[V]Heart transplanted
416311000000109,[X]Other combined immunodeficiency disorders
416471000000105,[X]Other specified cardiac arrhythmias
416501000000103,"[M]Malignant lymphoma, lymphocytic, well differentiated NOS"
416901000000108,"[M]Malignant lymphoma, nodular NOS"
417051000000108,[X]Failure and rejection of other transplanted organ and tissue
417251000000103,[V]Acquired absence of part of stomach
417741000000107,[M]Myxomatous neoplasm NOS
417921000000102,[X]Other mucopolysaccharidoses
417931000000100,[X]Other disorders of glucosaminoglycan metabolism
418331000000100,[M]Gastrinoma NOS
418611000000101,[M]Unspecified tumour cell NOS
418701000000105,[M]Papillary hydradenoma
418711000000107,[M]Syringoma NOS
419121000000108,[X]Toxic liver disease with other disorders of liver
419211000000105,[X]Haemolytic anaemias
419251000000109,"[X]Acquired pure red cell aplasia, unspecified"
419661000000109,[X]Other porphyria
419691000000103,[X]Cerebral infarction due to unspecified occlusion or stenosis of cerebral arteries
419701000000103,[X]Other cerebral infarction
419711000000101,[X]Occlusion and stenosis of other precerebral arteries
419921000000105,"[X]Dermatopolymyositis, unspecified"
420061000000100,"[X]Postprocedural endocrine and metabolic disorder, unspecified"
420071000000107,[X]Other specified degenerative diseases of the basal ganglia
420081000000109,[X]Other chorea
420111000000101,"[X]Disorder of glucosaminoglycan metabolism, unspecified"
420121000000107,"[X]Disorder of glycoprotein metabolism, unspecified"
420441000000109,[M]Acute myelofibrosis
420631000000103,[M]Acute lymphoid leukaemia
424631000000105,[M]Adenomatous or adenocarcinomatous polyps of the colon NOS
424641000000101,[M]Fibrous histiocytoma NOS
424651000000103,[M]Fibroxanthoma NOS
424661000000100,[M]Adrenal cortical adenoma NOS
424671000000107,[M]Endometrioid adenomas and carcinomas
424711000000108,[M]Spheroidal cell carcinoma
424721000000102,[M]Renal adenoma or carcinoma NOS
424771000000103,[M]Comedocarcinoma NOS
424891000000107,[X]Other specified congenital malformations of brain
424981000000103,[M]Carcinoma NOS
425001000000108,[M]Neurofibroma NOS
425131000000103,[M]Acute megakaryoblastic leukaemia
425151000000105,"[M]Ductal, lobular or medullary neoplasm NOS"
425161000000108,[M]Sebaceous adenoma or adenocarcinoma NOS
425171000000101,[M]Fibroepithelial neoplasms
425181000000104,[M]Giant cell tumour of soft parts NOS
425191000000102,[M]Other monocytic leukaemia NOS
425201000000100,[M]Teratomas
425211000000103,[M]Neuroepitheliomatous neoplasms
425221000000109,[M]Burkitt's tumour NOS
425231000000106,[M]Villous adenoma NOS
425241000000102,[M]Papillary cystadenoma NOS
425251000000104,"[M]Choroid plexus papilloma, malignant"
425261000000101,[M]Plasma cell tumour NOS
425281000000105,[M]Mucoepidermoid neoplasms
425431000000107,[X]Other congenital malformations of trachea
425451000000100,"[X]Dystonia, unspecified"
425491000000108,"[X]Granulomatous hepatitis, not elsewhere classified"
425511000000100,[M]Chondromatous neoplasm NOS
425521000000106,"[M]Malignant lymphoma, follicular centre cell, non-cleaved NOS"
425541000000104,[M] Large cell lymphoma
425631000000109,[X]Other reaction to spinal and lumbar puncture
425701000000105,[X]Other disorders of lipoprotein metabolism
425781000000100,[X]Other congenital malformations of bronchus
425891000000106,"[X]Disorder of central nervous system, unspecified"
425961000000106,[X]Other congenital malformations of pulmonary artery
425991000000100,[X]Other specified pulmonary heart diseases
426031000000107,[M]Clear cell adenomas and adenocarcinomas
426061000000102,[X]Other specified congenital malformations of circulatory system
426071000000109,[X]Other specified congenital malformations of kidney
426181000000105,[M]Synovial neoplasms
426191000000107,[M]Clear cell sarcoma of tendons and aponeuroses
426201000000109,[M]Ameloblastoma NOS
426431000000102,[X]Other specified congenital malformations of stomach
426571000000104,[X]Other congenital malformations of pancreas and pancreatic duct
426661000000105,[X]Cerebral infarction due to unspecified occlusion or stenosis of precerebral arteries
426711000000102,[M]Pancreatic adenomas and carcinomas
426721000000108,[M]Pancreatic adenoma or carcinoma NOS
426731000000105,[M]Gastrinoma and carcinomas
426741000000101,[M]Skin appendage adenoma and carcinoma
426751000000103,[M]Epithelial nephroblastoma
426881000000100,[V]Unspecified artificial opening status
427021000000107,[X]Other specified congenital malformations of nervous system
427031000000109,"[X]Congenital absence, atresia and stenosis of other specified parts of small intestine"
427121000000106,[V]Cardiac pacemaker in situ
427141000000104,[M]Chondromatous neoplasms
427151000000101,[M]Chondrosarcoma NOS
427271000000103,[X]Myelopathy in diseases classified elsewhere
427281000000101,"[X]Post-traumatic hydrocephalus, unspecified"
427761000000102,[V]Skin transplanted
427911000000102,[V]Fitting and adjustment of ileostomy and other intestinal appliances
427981000000109,[V]Acquired absence of organs
428031000000108,"[M]Mixed tumour, malignant, NOS"
428051000000101,[M]Odontoma NOS
428191000000108,"[X]Congenital malformation of tricuspid valve, unspecified"
428261000000109,[V]Attention to other artificial openings of digestive tract
428281000000100,[X]Hydrocephalus in other diseases classified elsewhere
428341000000101,[X]Other postprocedural endocrine and metabolic disorders
428651000000108,[X]Other specified disorders of the nervous system in diseases classified elsewhere
429021000000101,[V]Persons with a condition influencing their health status
429061000000109,[V]Presence of dental prosthetic device (complete)(partial)
429101000000106,"[X]Other specified disorders involving the immune mechanism, not elsewhere classified"
429151000000107,[X]Other postprocedural respiratory disorders
429221000000106,[M]Hodgkin's disease NOS
429521000000108,[X]Certain disorders involving the immune mechanism
429541000000101,[X]Other haemoglobinopathies
429681000000105,[V]Transplanted organ or tissue
429841000000103,[V]Acquired absence of other organs of urinary tract
429881000000106,[V]Attention to colostomy
430031000000107,[X]Other inherited spinal muscular atrophy
430041000000103,[X]Paraneoplastic neuromyopathy and neuropathy
430231000000103,[V]Arthrodesis present
430571000000104,[X]Other sideroblastic anaemias
430601000000106,"[M]Ovarian cystic, mucinous and serous neoplasms"
430921000000106,"[X]Profound mental retardation, other impairments of behaviour"
430951000000101,[M]Insulinoma NOS
430991000000109,[M]Rhabdomyosarcoma NOS
431301000000106,[V]Other specified transplanted organ or tissue
431411000000104,[V]Respirator dependence
431501000000102,[X]Other cerebrovascular disorders in diseases classified elsewhere
431511000000100,[X]Sequelae of other and unspecified cerebrovascular diseases
431611000000101,[X]Cerebral arteritis in infectious and parasitic diseases
431751000000106,[X]Other anaemias due to enzyme disorders
431951000000108,[X]Other hereditary ataxias
431981000000102,[X]Other subarachnoid haemorrhage
432071000000105,[V]Has cerebrospinal fluid drainage device in situ
432191000000108,[X]Moderate mental retardation without mention of impairment of behaviour
433141000000108,"[M]Malignant lymphoma, centrocytic"
433531000000109,"[M]Malignant lymphoma, centroblastic-centrocytic, diffuse"
437231000000102,[M]Adenomatous and adenocarcinomatous polyps
437751000000102,[M]Mucinous cystadenocarcinoma NOS
437771000000106,[M]Transitional cell carcinoma NOS
437781000000108,[M]Pituitary adenoma or carcinoma NOS
437801000000109,[M]Erythroleukaemia NOS
437821000000100,[M]Small cell carcinoma NOS
437831000000103,[M]Parathyroid adenomas and adenocarcinomas
437871000000101,[M]Papillary carcinoma NOS
437881000000104,[M]Parathyroid adenoma or adenocarcinoma NOS
437951000000100,[X]Other congenital cauda equina malformations
437961000000102,[M]Transitional cell papilloma or carcinoma NOS
438001000000104,[M]Papillary or squamous cell neoplasm NOS
438011000000102,[M]Thyroid adenoma and adenocarcinoma
438171000000106,"[M]Intraductal carcinoma, non-infiltrating NOS"
438181000000108,[M]Meningioma NOS
438211000000109,[M]Giant cell tumour NOS
438221000000103,[M]Miscellaneous bone tumours
438251000000108,"[M]Leukaemia unspecified, NOS"
438281000000102,[M]Intravascular leiomyomatosis
438291000000100,[M]Sebaceous adenoma and adenocarcinoma
438301000000101,[M]Paraganglioma NOS
438321000000105,[M]Papillary adenoma or adenocarcinoma NOS
438331000000107,"[M]Serous cystadenocarcinoma, NOS"
438351000000100,[M]Cystadenoma or carcinoma NOS
438361000000102,[M]Serous cystadenoma NOS
438371000000109,"[M]Soft tissue tumour, benign"
438391000000108,[M]Respiratory tract adenomas and adenocarcinomas
438651000000105,[M]Mixed or stromal renal neoplasm NOS
438661000000108,[M]Complex mixed or stromal neoplasm NOS
438671000000101,"[M]Malignant lymphoma, centroblastic type NOS"
438681000000104,"[M]Malignant lymphoma, large cell, cleaved, diffuse"
438691000000102,[M]Monocytoid B-cell lymphoma
438801000000108,[X]Other specified disorders of the central nervous system
438811000000105,[X]Other postprocedural disorders of the nervous system
438871000000100,[X]Other congenital malformations of cardiac chambers and connections
438981000000105,"[X]Sex chromosome abnormality, male phenotype, unspecified"
438991000000107,"[X]Congenital malformation of larynx, unspecified"
439051000000108,[M]Androblastoma NOS
439131000000102,[M]Strumal neoplasm NOS
439141000000106,[M]Ganglioneuromatous neoplasms
439211000000102,[X]Other congenital malformations of great arteries
439221000000108,[X]Other specified disorders of brain
439271000000107,[M]Mucinous adenoma and adenocarcinoma
439281000000109,[M]Hydatidiform mole NOS
439291000000106,[M]Neuroepitheliomatous neoplasm NOS
439371000000102,[X]Other malformations of precerebral vessels
439391000000103,[M]Papillary and squamous cell neoplasms
439441000000102,[M]Synovial neoplasm NOS
439451000000104,[M]Odontogenic fibroma NOS
439481000000105,[V]Has tracheostomy
439551000000100,[V]Has other artificial opening of gastrointestinal tract
439731000000103,[V]Unspecified attention to artificial opening
439841000000100,[M]Adnexal and skin appendage neoplasm
439851000000102,[M]Theca cell carcinoma
439941000000109,[V]Has cystostomy
439951000000107,[V]Has other artificial opening of urinary tract
440021000000106,[V]Has artificial vagina
440141000000103,[V]Attention to other artificial opening of urinary tract
440161000000102,"[X]Balanced rearrangement and structural marker, unspecified"
440171000000109,[X]Other variants of Turner's syndrome
440201000000105,"[X]Congenital absence, atresia and stenosis of other parts of large intestine"
440211000000107,[X]Other congenital malformations of tricuspid valve
440321000000108,[M]Osteoma or osteosarcoma NOS
440781000000105,[M]Glioblastoma NOS
440791000000107,[M]Neuroblastoma NOS
440871000000103,[V]Unspecified enabling machine dependence
440921000000107,[V]Attention to other artificial opening of digestive tract
440931000000109,[X]Other systemic atrophy affecting the central nervous system in neoplastic disease classified elsewhere
441161000000109,"[M]Malignant lymphoma, follicular centre cell NOS"
441371000000104,[X]Persons with potential health hazards related to family and personal history and certain conditions influencing the health status
441891000000107,[V]Attention to gastrostomy
442261000000105,"[X]Profound mental retardation, significant impairment of behaviour requiring attention or treatment"
442411000000107,[M] Myofibromatosis
442581000000104,"[X]Moderate mental retardation with the statement of no, or minimal, impairment of behaviour"
442741000000103,[X]Diseases of the liver
442921000000108,[M]Adenomatous and adenocarcinomatous polyps of colon
444231000000105,[X]Other amyloidosis
444531000000107,"[X]Intracerebral haemorrhage in hemisphere, unspecified"
444721000000100,[X]Other dystonia
445671000000109,[M]Miscellaneous tumour
445681000000106,[M]Lymphosarcoma cell leukaemia
445691000000108,[M]Myeloid leukaemias
449261000000101,"[M]Ductal, lobular and medullary neoplasms"
449741000000108,"[M]Mesothelioma, unspecified"
449751000000106,[M]Angioendotheliomatosis
449761000000109,[M]Angiomyomatous neoplasms
449791000000103,[M]Basal cell carcinoma NOS
449801000000104,[M]Acinar cell tumour
449881000000109,[M]Verrucous carcinoma NOS
449891000000106,[M]Mixed cell adenoma or adenocarcinoma NOS
449911000000109,"[X]Bradycardia, unspecified"
449921000000103,[M]Specialised gonadal neoplasms
449971000000104,"[M]Squamous cell carcinoma, metastatic NOS"
449991000000100,[M]Epithelial neoplasms NOS
450001000000100,[M]Neuroma NOS
450011000000103,[X]Other specified aplastic anaemias
450091000000107,[X]Other specified disorders of carbohydrate metabolism
450131000000105,[M]Intracanalicular fibroadenoma NOS
450161000000100,[M]Sweat gland tumour NOS
450171000000107,[M]Sweat gland adenoma or adenocarcinoma NOS
450191000000106,[M]Sarcomatosis NOS
450201000000108,[M]Cerebellar sarcoma NOS
450211000000105,[M]Soft tissue tumours and sarcomas NOS
450801000000109,[X]Other congenital malformations of bladder and urethra
450821000000100,[X]Encephalocele of other sites
450841000000107,[M]Bile duct adenoma
450851000000105,[M]Sweat gland adenoma and adenocarcinomas
450861000000108,[M]Mesenchymal nephroblastoma
450961000000102,[M]Odontogenic tumour NOS
450971000000109,[M]Leukaemias unspecified
450981000000106,[M]Leukaemia NOS
451001000000107,[X]Other congenital malformations of ureter
451011000000109,"[X]Other specified sex chromosome abnormalities, female phenotype"
451021000000103,[X]Other congenital malformations of aorta
451051000000108,[X]Other disorders of the autonomic nervous system
451111000000105,"[M]Carcinoma, undifferentiated type, NOS"
451121000000104,[M]Mucinous adenoma or adenocarcinoma NOS
451131000000102,[M]Liposarcoma NOS
451241000000101,[X]Hydrocephalus in neoplastic disease classified elsewhere
451371000000102,[V]Has gastrostomy
451441000000102,[X]Autonomic neuropathy in endocrine and metabolic diseases classified elsewhere
451731000000103,[M]Adenoma or adenocarcinoma NOS
451741000000107,[M]Thecal cell neoplasm NOS
451751000000105,[M]Mixed and stromal renal neoplasms
451911000000108,[X]Congenital malformation of aortic and mitral valves unspecified
452001000000101,"[X]Congenital absence, atresia and stenosis of large intestine, part unspecified"
452011000000104,[V]Acquired absence of other organs
452051000000100,[X]Other specified disorders of metabolism
452181000000105,[V]Presence of prosthetic heart valve
452631000000100,[V]Presence of other bone and tendon implants
452671000000103,[X]Other specified immunodeficiency disorders
452681000000101,[X]Sarcoidosis of other and combined sites
452711000000102,[V]Presence of endocrine implants
453011000000105,[M]Lymphosarcoma cell leukaemia NOS
453081000000103,[X]Other generalised epilepsy and epileptic syndromes
453161000000108,[X]Other thalassaemias
453241000000102,[X]Other acquired haemolytic anaemias
453291000000107,[V]Presence of coronary angioplasty implant and graft
453681000000108,[V]Acquired absence of part of lung
453911000000109,[X]Other transplanted organ and tissue status
454781000000102,[M] Immunoproliferative small intestinal disease
455341000000105,[X]Other epilepsy
455481000000107,[X]Other specified diseases of liver
455531000000109,[X]Other specified extrapyramidal and movement disorders
455541000000100,[X]Extrapyramidal and movement disorders in diseases classified elsewhere
455551000000102,[M]Dermatofibrosarcoma NOS
456401000000109,"[X]Disorder of bilirubin metabolism, unspecified"
456631000000101,[X]Systemic atrophies primarily affecting the central nervous system
457051000000103,"[M]Hodgkin's disease, lymphocytic predominance, diffuse"
457421000000102,"[M]Malignant lymphoma, lymphocytic, well differentiated, nodular"
457571000000102,[M]Subacute myeloid leukaemia
461431000000101,[M]Signet ring carcinoma NOS
461841000000107,"[M]No microscopic confirmation of tumour, clinically malignant"
461861000000108,[M]Leiomyomatous neoplasm NOS
461871000000101,"[M]Lymphomas, NOS or diffuse"
461881000000104,[M]Plasma cell leukaemias
461891000000102,[M]Plasma cell leukaemia NOS
461921000000105,[M]Complex epithelial neoplasms
461931000000107,[M]Myoma or myosarcoma NOS
462031000000100,[M]Papillomatosis NOS
462041000000109,[M]Intraductal carcinoma and lobular carcinoma in situ
462151000000108,[M]Bowen's disease
462201000000103,"[M]Epithelial tumour, benign"
462221000000107,"[X]Congenital malformation of circulatory system, unspecified"
462241000000100,[M]Nerve sheath tumour NOS
462331000000103,"[M]Angiolipoma, infiltrating"
462381000000104,[M]Carcinoid tumour NOS
462411000000102,[M]Acinar cell neoplasms
462451000000103,[M]Sweat gland adenocarcinoma
462471000000107,[M]Respiratory tract adenoma or adenocarcinoma NOS
462491000000106,[M]Oligodendroglioma NOS
462681000000106,"[X]Toxic liver disease, unspecified"
462901000000105,[X]Other congenital malformations of lung
462921000000101,[X]Other congenital hydrocephalus
462931000000104,[X]Other reduction deformities of brain
462951000000106,[M]Hepatobiliary adenoma or carcinoma NOS
462961000000109,[M]Skin appendage carcinoma
462971000000102,[M]Skin appendage adenoma or carcinoma NOS
462981000000100,[M]Luteoma NOS
463091000000106,[M] Peripheral T-cell lymphoma NOS
463101000000103,[M]Trophoblastic neoplasms
463111000000101,[X]Other congenital malformations of renal artery
463121000000107,[X]Congenital malformations of the urinary system
463141000000100,[X]Other specified congenital malformations of the heart
463191000000105,"[M]Carcinoma, metastatic, NOS"
463201000000107,[M]Myxomatous neoplasms
463211000000109,[M]Lipoma NOS
463221000000103,[M]Retinoblastoma NOS
463341000000103,[M]Basophilic leukaemia NOS
463351000000100,[X]Other congenital functional disorders of colon
463361000000102,[X]Other congenital malformations of gallbladder
463371000000109,"[M]Carcinoid tumour, nonargentaffin, malignant"
463381000000106,[M]Ceruminous adenoma or adenocarcinoma NOS
463751000000101,[X]Other specified congenital malformations of digestive system
463931000000106,[M]Gastrinoma or carcinoma NOS
464031000000108,"[M]Lymphoma, nodular or follicular NOS"
464111000000104,[V]Other specified artificial opening status
464231000000104,[X]Other congenital malformations of pulmonary valve
464261000000109,[M]Mycosis fungoides NOS
464371000000107,[V]Lung transplanted
464381000000109,[V]Liver transplanted
464531000000102,[V]Presence of otological and audiological implants
464691000000100,[X]Other specified hereditary haemolytic anaemias
465001000000103,[X]Other nonautoimmune haemolytic anaemias
465291000000104,[X]Other artificial openings of gastrointestinal tract status
465671000000100,"[X]Profound mental retardation with the statement of no, or minimal, impairment of behaviour"
466461000000104,[X]Profound mental retardation without mention of impairment of behaviour
466481000000108,"[M]Hodgkin's disease, nodular sclerosis NOS"
466491000000105,[M] Monoclonal gammopathy
466521000000108,"[M]Hodgkin's disease, lymphocytic depletion NOS"
466671000000108,[M]Osteoma NOS
466831000000107,[V]Unspecified transplanted organ or tissue
466841000000103,[V]Presence of artificial larynx
466971000000101,"[X]Severe mental retardation with the statement of no, or minimal, impairment of behaviour"
467141000000107,[X]Other specified inflammatory liver diseases
467161000000108,"[X]Disorder involving the immune mechanism, unspecified"
467311000000108,[V]Acquired absence of part of head and neck
467391000000104,[X]Other acquired pure red cell aplasias
467401000000101,"[X]Subarachnoid haemorrhage from intracranial artery, unspecified"
467661000000104,[X]Other idiopathic scoliosis
467721000000101,[X]Other histiocytosis syndromes
467951000000108,[X]Occlusion and stenosis of other cerebral arteries
468051000000105,[X]Severe mental retardation without mention of impairment of behaviour
468081000000104,[X]Fitting and adjustment of ileostomy and other intestinal appliances
468241000000103,[X]Other Cushing's syndrome
468251000000100,[X]Nutritional and metabolic disorders in diseases classified elsewhere
468401000000102,"Tumour cells, uncertain whether benign or malignant"
468681000000109,[M] Small cell osteosarcoma
468691000000106,[M]Other myeloid leukaemia NOS
468821000000109,[X]Other immunodeficiencies with predominantly antibody defects
469021000000105,[V]State following eye or adnexa surgery
469031000000107,[V]Presence of aortocoronary bypass graft
469231000000103,[V]Acquired absence of genital organ(s)
469271000000101,[V]Attention to ileostomy
469611000000108,[V]Presence of coronary artery bypass graft
469811000000107,[X]Other paralytic strabismus
470351000000104,[M]Polycythaemia vera
470371000000108,[M]Rhabdomyoma NOS
470821000000103,[X]Other congenital malformations of nose
470851000000108,"[X]Severe mental retardation, significant impairment of behaviour requiring attention or treatment"
470971000000107,[X]Other and unspecified cirrhosis of liver
471011000000107,"[X]Secondary parkinsonism, unspecified"
471031000000104,[X]Other disorders of intestinal carbohydrate absorption
471041000000108,[X]Subarachnoid haemorrhage from other intracranial arteries
471161000000105,[V]Attention to artificial opening
471171000000103,[V]Attention to tracheostomy
471271000000105,[V]Fitting or adjustment of ileostomy or other intestinal device
471661000000101,[X]Other disorders of mineral metabolism
471721000000103,"[X]Hypothalamic dysfunction, not elsewhere classified"
472121000000107,[X]Other specified forms of tremor
472871000000100,[M] Gamma heavy chain disease
472951000000104,[M]Subacute lymphoid leukaemia
472961000000101,[M]Aleukaemic lymphoid leukaemia
473031000000100,"[M]Malignant lymphoma, centroblastic-centrocytic, follicular"
473041000000109,"[M]Malignant lymphoma, lymphocytic, intermediate differentiation, nodular"
477471000000101,[M]Mesothelial neoplasms
477481000000104,"[M]No microscopic confirmation of tumour, clinically benign"
477491000000102,[M]Tubular adenoma or adenocarcinoma NOS
477501000000108,[M]Solid carcinoma NOS
477561000000107,[M]Unspecified epithelial neoplasm
477571000000100,[M]Clear cell adenoma or adenocarcinoma NOS
477631000000101,[M]Intraductal papillomatosis NOS
477641000000105,[M]Myomatous neoplasms
477731000000106,[X]Unspecified spina bifida with hydrocephalus
477741000000102,[M]Thymoma NOS
477761000000101,[X]Other secondary parkinsonism
477771000000108,[X]Parkinsonism in diseases classified elsewhere
477841000000109,[M]Compound leukaemia NOS
477851000000107,[M]Lymphoid leukaemias
477911000000101,[X]Other lipid storage disorders
477981000000108,[M]Angiolipoma NOS
477991000000105,[M]Angiolipomatous neoplasm NOS
478001000000101,[M]Endosalpingioma
478021000000105,"[M]Malignant lymphoma, follicular centre cell, cleaved, follicular"
478071000000109,[M]Leydig cell tumour NOS
478081000000106,[M]Brenner tumours
478091000000108,[M]Brenner tumour NOS
478101000000100,[M]Giant cell tumour of bone NOS
478141000000102,[M]Fibromatous neoplasms
478151000000104,[M]Embryonal carcinoma NOS
478161000000101,[M]Teratoma NOS
478171000000108,[M]Papillary adenomas and adenocarcinomas
478181000000105,[M]Papillary adenoma NOS
478191000000107,[M]Germ cell neoplasms
478201000000109,[M]Seminoma NOS
478211000000106,[M]Spongioblastoma NOS
478221000000100,[M]Mast cell tumour NOS
478231000000103,"[M]No microscopic confirmation of tumour, clinically metastatic"
478241000000107,[M]Adnexal and skin appendage neoplasm NOS
478471000000100,[X]Liver disorders in infectious and parasitic diseases classified elsewhere
478481000000103,[X]Liver disorders in other diseases classified elsewhere
478511000000109,[M]Giant cell tumours
478721000000108,"[X]Other male with 46,XX karyotype"
478741000000101,[X]Other giant cell arteritis
478871000000102,[M]Medulloepithelioma NOS
478891000000103,[X]Other specified congenital malformations of peripheral vascular system
478941000000104,[X]Other intracranial (nontraumatic) haemorrhages of fetus and newborn
478981000000107,[M]Clear cell adenocarcinoma NOS
478991000000109,"[M]Ovarian cystic, mucinous or serous neoplasm NOS"
479001000000109,[M]Angiolipomatous neoplasms
479011000000106,[M]Retinoblastomas
479021000000100,[M]Subacute leukaemia NOS
479071000000101,[X]Other malformations of cerebral vessels
479171000000102,[X]Other specified congenital malformations of intestine
479181000000100,[X]Other congenital malformations of bile ducts
479261000000102,[X]Other forms of scoliosis
479291000000108,[X]Other disorders of the autonomic nervous system in other diseases classified elsewhere
479491000000109,[V]Artificial opening status
479511000000101,[V]Other specified attention to artificial opening
479701000000106,[M]Skin appendage adenoma
479891000000107,[X]Congenital malformations of cardiac chambers and connections
479941000000106,[X]Other specified disorders of brain in diseases classified elsewhere
479981000000103,"[X]Other electrolyte and fluid disorders, not elsewhere classified"
480011000000106,[V]Renal dialysis status
480061000000108,[M]Chondroma NOS
480071000000101,"[M]Malignant lymphoma, follicular centre cell, cleaved NOS"
480581000000108,[V]Attention to cystostomy
480591000000105,[X]Systemic atrophy affecting the central nervous system in myxoedema
502771000000107,[D]Sinus bradycardia
508171000000105,Severe learning disability
509341000000107,Petit-mal epilepsy
509351000000105,Pure motor lacunar syndrome
509371000000101,Pure sensory lacunar syndrome
522531000000108,Acquired absence of uterus
526071000000104,Arthropathy in cystic fibrosis
526091000000100,Cystic fibrosis with distal intestinal obstruction syndrome
528711000000105,Thoracic spina bifida without mention of hydrocephalus
529311000000103,Congenital stricture of anus without mention of fistula
530041000000105,Lumbar spina bifida without mention of hydrocephalus
754351000000100,Grade 1 (Stage pTa) papillary urothelial/transitional cell carcinoma
754361000000102,Grade 2 (Stage pTa) papillary urothelial/transitional cell carcinoma
754371000000109,Grade 3 (Stage pTa) papillary urothelial/transitional cell carcinoma
755571000000103,Structural central nervous system abnormality
756341000000108,Fundoplication status
761591000000105,Wears bone anchored hearing aid
776981000000103,Cirrhosis associated with cystic fibrosis
805261000000101,Bronchiolitis obliterans syndrome after lung transplantation
810491000000101,Lambdoid synostosis
810501000000107,Kleefstra syndrome
813671000000107,Secondary malignant neoplasm of liver and intrahepatic bile duct
813921000000104,Spastic hemiplegic cerebral palsy
815011000000107,Anaplastic lymphoma kinase positive anaplastic large cell lymphoma
815121000000102,Follicular lymphoma grade 3a
815131000000100,Follicular lymphoma grade 3b
815361000000107,Acute myeloid leukaemia with 11q23 abnormality
820601000000103,Refractory anaemia with multilineage dysplasia
829821000000102,Microscopic polyangiitis
843691000000100,Urological complication of renal transplant
844661000000109,Vascular complication of renal transplant
847041000000109,Amyloid cardiomyopathy
847481000000109,Follicular lymphoma grade 1
847631000000107,Follicular lymphoma grade 2
847651000000100,Follicular lymphoma grade 3
847691000000108,Follicular lymphoma grade 3a
847701000000108,Follicular lymphoma grade 3b
847741000000106,Diffuse large B-cell lymphoma
847791000000101,Rupture of artery of transplanted kidney
847811000000100,Rupture of vein of transplanted kidney
847881000000107,Stenosis of vein of transplanted kidney
849091000000106,High grade dysplasia of colon
849631000000103,Congenital absence of digestive system
852781000000103,Adult cystinosis
852981000000100,Aneurysm of vein of transplanted kidney
853021000000108,Aneurysm of artery of transplanted kidney
859041000000103,Exacerbation of cystic fibrosis
859331000000109,Modification of wheelchair
859681000000101,Pansynostosis
861431000000106,Duplication of chromosome 17p11.2
863741000000108,Clinical stage A chronic lymphocytic leukaemia
863761000000109,Clinical stage B chronic lymphocytic leukaemia
863781000000100,Clinical stage C chronic lymphocytic leukaemia
864271000000105,Thrombosis of artery of transplanted kidney
864311000000105,Thrombosis of vein of transplanted kidney
864331000000102,Metal-on-metal hip prosthesis in situ
876441000000102,Reversible cerebral vasoconstriction syndrome
877111000000108,Methyl-CpG (cytosine-phosphate-guanine)-binding protein-2 duplication syndrome
878601000000101,Ventriculoperitoneal shunt catheter in situ
878911000000107,Retinocochleocerebral vasculopathy
883861000000103,Ulnar mammary syndrome
885821000000107,Vagal nerve stimulator in situ
885831000000109,Choreoathetoid cerebral palsy
886701000000103,Non-diabetic hyperglycaemia
904531000000100,Bilateral spastic cerebral palsy
935481000000105,Congenital anomaly of cauda equina
935491000000107,Congenital anomaly of cardiac chambers and connections
936271000000100,Congenital anomaly of precerebral vessel
943181000000103,Degenerative disease of basal ganglia
943291000000106,Necrotising vasculopathy
955451000000103,Deep brain stimulator in situ
956331000000107,Malignant melanoma stage IA
956351000000100,Malignant melanoma stage IB
956371000000109,Malignant melanoma stage IIA
956391000000108,Malignant melanoma stage IIB
956411000000108,Malignant melanoma stage IIC
956431000000100,Malignant melanoma stage IIIA
956451000000107,Malignant melanoma stage IIIB
956471000000103,Malignant melanoma stage IIIC
956511000000107,Malignant melanoma stage IV M1a
956531000000104,Malignant melanoma stage IV M1b
956551000000106,Malignant melanoma stage IV M1c
975231000000107,Congenital umbilical hernia
984671000000103,Moderate learning disability
984681000000101,Profound learning disability
1033241000000108,ICED (implantable cardiac electronic device) in situ
1046891000000105,Proximal myotonic myopathy
1082721000000105,History of artificial vagina
1090081000000106,Secondary malignant neoplasm of paratracheal lymph nodes
1090091000000108,Secondary malignant neoplasm of internal mammary lymph nodes
1090101000000100,Secondary malignant neoplasm of supratrochlear lymph nodes
1090121000000109,Secondary malignant neoplasm of deep cervical lymph nodes
1090131000000106,Secondary malignant neoplasm of anterior cervical lymph nodes
1090141000000102,Secondary malignant neoplasm of superficial cervical lymph nodes
1090151000000104,Secondary malignant neoplasm of mastoid lymph nodes
1090161000000101,Secondary malignant neoplasm of diaphragmatic lymph nodes
1090171000000108,Secondary malignant neoplasm of sacral lymph nodes
1090181000000105,Secondary malignant neoplasm of inferior epigastric lymph nodes
1090191000000107,Secondary malignant neoplasm of coeliac lymph nodes
1090201000000109,Secondary malignant neoplasm of deep inguinal lymph nodes
1090211000000106,Secondary malignant neoplasm of circumflex iliac lymph nodes
1090221000000100,Secondary malignant neoplasm of internal iliac lymph nodes
1090241000000107,Angioimmunoblastic T-cell lymphoma with dysproteinaemia
1090251000000105,Malignant neoplasm of nose
1090261000000108,Malignant neoplasm of descended testis
1090271000000101,Malignant neoplasm of ventral surface of tongue
1090291000000102,Malignant neoplasm of prepylorus of stomach
1090301000000103,Malignant neoplasm of flank
1090311000000101,Malignant neoplasm of trunk
1090321000000107,Malignant neoplasm of back
1090821000000101,Malignant neoplasm of bone and articular cartilage
1090871000000102,Malignant neoplasm of bone and articular cartilage of limb
1090891000000103,Malignant neoplasm of connective and soft tissues of trunk
1090901000000102,Malignant neoplasm of peripheral nerves of trunk
1090921000000106,Malignant neoplasm of jaw
1090931000000108,Malignant neoplasm of multiple endocrine glands
1090941000000104,Malignant neoplasm of inguinal region
1090951000000101,Malignant neoplasm of supraclavicular fossa
1090971000000105,Malignant neoplasm of posterior wall of stomach
1090981000000107,Malignant neoplasm of anterior wall of stomach
1091861000000100,"Follicular lymphoma, cutaneous follicle centre"
1091921000000103,B-cell non-Hodgkin's lymphoma
1092831000000100,Overlapping malignant neoplasm of mouth
