occupation_code,occupation_code_name,main_staff_group,broad_staff_group,detailed_staff_group,occupation_level,care_setting_or_specialty,is_currently_valid
001,HCHS doctors in General (internal) medicine,Professionally qualified clinical staff,HCHS doctors,HCHS doctors,HCHS doctors,General (internal) medicine,True
002,HCHS doctors in Paediatrics,Professionally qualified clinical staff,HCHS doctors,HCHS doctors,HCHS doctors,Paediatrics,True
003,HCHS doctors in Infectious diseases,Professionally qualified clinical staff,HCHS doctors,HCHS doctors,HCHS doctors,Infectious diseases,True
004,HCHS doctors in Respiratory medicine,Professionally qualified clinical staff,HCHS doctors,HCHS doctors,HCHS doctors,Respiratory medicine,True
005,HCHS doctors in Dermatology,Professionally qualified clinical staff,HCHS doctors,HCHS doctors,HCHS doctors,Dermatology,True
006,HCHS doctors in Neurology,Professionally qualified clinical staff,HCHS doctors,HCHS doctors,HCHS doctors,Neurology,True
007,HCHS doctors in Cardiology,Professionally qualified clinical staff,HCHS doctors,HCHS doctors,HCHS doctors,Cardiology,True
008,HCHS doctors in Rheumatology,Professionally qualified clinical staff,HCHS doctors,HCHS doctors,HCHS doctors,Rheumatology,True
009,HCHS doctors in Genito-urinary medicine,Professionally qualified clinical staff,HCHS doctors,HCHS doctors,HCHS doctors,Genito-urinary medicine,True
010,HCHS doctors in Clinical pharmacology and therapeutics,Professionally qualified clinical staff,HCHS doctors,HCHS doctors,HCHS doctors,Clinical pharmacology and therapeutics,True
011,HCHS doctors in Geriatric medicine,Professionally qualified clinical staff,HCHS doctors,HCHS doctors,HCHS doctors,Geriatric medicine,True
012,HCHS doctors in Medical oncology,Professionally qualified clinical staff,HCHS doctors,HCHS doctors,HCHS doctors,Medical oncology,True
013,HCHS doctors in Clinical physiology,Professionally qualified clinical staff,HCHS doctors,HCHS doctors,HCHS doctors,Clinical physiology,False
014,HCHS doctors in Clinical neurophysiology,Professionally qualified clinical staff,HCHS doctors,HCHS doctors,HCHS doctors,Clinical neurophysiology,True
015,HCHS doctors in Renal medicine,Professionally qualified clinical staff,HCHS doctors,HCHS doctors,HCHS doctors,Renal medicine,True
016,HCHS doctors in Nuclear medicine,Professionally qualified clinical staff,HCHS doctors,HCHS doctors,HCHS doctors,Nuclear medicine,True
017,HCHS doctors in Endocrinology and diabetes mellitus,Professionally qualified clinical staff,HCHS doctors,HCHS doctors,HCHS doctors,Endocrinology and diabetes mellitus,True
018,HCHS doctors in Gastro-enterology,Professionally qualified clinical staff,HCHS doctors,HCHS doctors,HCHS doctors,Gastro-enterology,True
019,HCHS doctors in Audio vestibular medicine,Professionally qualified clinical staff,HCHS doctors,HCHS doctors,HCHS doctors,Audio vestibular medicine,True
020,HCHS doctors in Clinical genetics,Professionally qualified clinical staff,HCHS doctors,HCHS doctors,HCHS doctors,Clinical genetics,True
021,HCHS doctors in General surgery,Professionally qualified clinical staff,HCHS doctors,HCHS doctors,HCHS doctors,General surgery,True
022,HCHS doctors in Paediatric surgery,Professionally qualified clinical staff,HCHS doctors,HCHS doctors,HCHS doctors,Paediatric surgery,True
023,HCHS doctors in Otolaryngology,Professionally qualified clinical staff,HCHS doctors,HCHS doctors,HCHS doctors,Otolaryngology,True
024,HCHS doctors in Trauma and orthopaedic surgery,Professionally qualified clinical staff,HCHS doctors,HCHS doctors,HCHS doctors,Trauma and orthopaedic surgery,True
025,HCHS doctors in Ophthalmology,Professionally qualified clinical staff,HCHS doctors,HCHS doctors,HCHS doctors,Ophthalmology,True
026,HCHS doctors in Clinical oncology,Professionally qualified clinical staff,HCHS doctors,HCHS doctors,HCHS doctors,Clinical oncology,True
027,HCHS doctors in Urology,Professionally qualified clinical staff,HCHS doctors,HCHS doctors,HCHS doctors,Urology,True
028,HCHS doctors in Plastic surgery,Professionally qualified clinical staff,HCHS doctors,HCHS doctors,HCHS doctors,Plastic surgery,True
029,HCHS doctors in Cardio-thoracic surgery,Professionally qualified clinical staff,HCHS doctors,HCHS doctors,HCHS doctors,Cardio-thoracic surgery,True
030,HCHS doctors in Emergency medicine,Professionally qualified clinical staff,HCHS doctors,HCHS doctors,HCHS doctors,Emergency medicine,True
031,HCHS doctors in Neurosurgery,Professionally qualified clinical staff,HCHS doctors,HCHS doctors,HCHS doctors,Neurosurgery,True
032,HCHS doctors in Tropical medicine,Professionally qualified clinical staff,HCHS doctors,HCHS doctors,HCHS doctors,Tropical medicine,True
033,HCHS doctors in Allergy,Professionally qualified clinical staff,HCHS doctors,HCHS doctors,HCHS doctors,Allergy,True
034,HCHS doctors in Intensive care medicine,Professionally qualified clinical staff,HCHS doctors,HCHS doctors,HCHS doctors,Intensive care medicine,True
035,HCHS doctors in Acute internal medicine,Professionally qualified clinical staff,HCHS doctors,HCHS doctors,HCHS doctors,Acute internal medicine,True
036,HCHS doctors in Vascular surgery,Professionally qualified clinical staff,HCHS doctors,HCHS doctors,HCHS doctors,Vascular surgery,True
037,HCHS doctors in Aviation and space medicine,Professionally qualified clinical staff,HCHS doctors,HCHS doctors,HCHS doctors,Aviation and space medicine,True
040,HCHS doctors in Obstetrics and gynaecology,Professionally qualified clinical staff,HCHS doctors,HCHS doctors,HCHS doctors,Obstetrics and gynaecology,True
041,HCHS doctors in Community sexual and reproductive health,Professionally qualified clinical staff,HCHS doctors,HCHS doctors,HCHS doctors,Community sexual and reproductive health,True
042,HCHS doctors in Family planning sessional - surgery,Professionally qualified clinical staff,HCHS doctors,HCHS doctors,HCHS doctors,Family planning sessional - surgery,False
043,HCHS doctors in Obstetrics,Professionally qualified clinical staff,HCHS doctors,HCHS doctors,HCHS doctors,Obstetrics,False
044,HCHS doctors in Gynaecology,Professionally qualified clinical staff,HCHS doctors,HCHS doctors,HCHS doctors,Gynaecology,False
045,HCHS doctors in Dental and maxillo-facial radiology,Professionally qualified clinical staff,HCHS doctors,HCHS doctors,HCHS doctors,Dental and maxillo-facial radiology,True
046,HCHS doctors in Oral and maxillo-facial pathology,Professionally qualified clinical staff,HCHS doctors,HCHS doctors,HCHS doctors,Oral and maxillo-facial pathology,True
047,HCHS doctors in Oral microbiology,Professionally qualified clinical staff,HCHS doctors,HCHS doctors,HCHS doctors,Oral microbiology,True
048,HCHS doctors in Oral medicine,Professionally qualified clinical staff,HCHS doctors,HCHS doctors,HCHS doctors,Oral medicine,True
049,HCHS doctors in Paediatric neurology,Professionally qualified clinical staff,HCHS doctors,HCHS doctors,HCHS doctors,Paediatric neurology,False
051,HCHS doctors in Psychiatry of learning disability,Professionally qualified clinical staff,HCHS doctors,HCHS doctors,HCHS doctors,Psychiatry of learning disability,True
052,HCHS doctors in General psychiatry,Professionally qualified clinical staff,HCHS doctors,HCHS doctors,HCHS doctors,General psychiatry,True
053,HCHS doctors in Child and adolescent psychiatry,Professionally qualified clinical staff,HCHS doctors,HCHS doctors,HCHS doctors,Child and adolescent psychiatry,True
054,HCHS doctors in Forensic psychiatry,Professionally qualified clinical staff,HCHS doctors,HCHS doctors,HCHS doctors,Forensic psychiatry,True
055,HCHS doctors in Medical psychotherapy,Professionally qualified clinical staff,HCHS doctors,HCHS doctors,HCHS doctors,Medical psychotherapy,True
056,HCHS doctors in Old age psychiatry,Professionally qualified clinical staff,HCHS doctors,HCHS doctors,HCHS doctors,Old age psychiatry,True
060,HCHS doctors in Surgical dentistry,Professionally qualified clinical staff,HCHS doctors,HCHS doctors,HCHS doctors,Surgical dentistry,False
061,HCHS doctors in Oral and maxillo-facial surgery,Professionally qualified clinical staff,HCHS doctors,HCHS doctors,HCHS doctors,Oral and maxillo-facial surgery,True
062,HCHS doctors in Orthodontics,Professionally qualified clinical staff,HCHS doctors,HCHS doctors,HCHS doctors,Orthodontics,True
063,HCHS doctors in Restorative dentistry,Professionally qualified clinical staff,HCHS doctors,HCHS doctors,HCHS doctors,Restorative dentistry,True
064,HCHS doctors in Paediatric dentistry,Professionally qualified clinical staff,HCHS doctors,HCHS doctors,HCHS doctors,Paediatric dentistry,True
065,HCHS doctors in Additional dental specialties,Professionally qualified clinical staff,HCHS doctors,HCHS doctors,HCHS doctors,Additional dental specialties,False
066,HCHS doctors in Oral surgery,Professionally qualified clinical staff,HCHS doctors,HCHS doctors,HCHS doctors,Oral surgery,True
067,HCHS doctors in Endodontics,Professionally qualified clinical staff,HCHS doctors,HCHS doctors,HCHS doctors,Endodontics,True
068,HCHS doctors in Periodontics,Professionally qualified clinical staff,HCHS doctors,HCHS doctors,HCHS doctors,Periodontics,True
069,HCHS doctors in Prosthodontics,Professionally qualified clinical staff,HCHS doctors,HCHS doctors,HCHS doctors,Prosthodontics,True
070,HCHS doctors in Special care dentistry,Professionally qualified clinical staff,HCHS doctors,HCHS doctors,HCHS doctors,Special care dentistry,True
071,HCHS doctors in General pathology,Professionally qualified clinical staff,HCHS doctors,HCHS doctors,HCHS doctors,General pathology,False
072,HCHS doctors in Chemical pathology,Professionally qualified clinical staff,HCHS doctors,HCHS doctors,HCHS doctors,Chemical pathology,True
073,HCHS doctors in Haematology,Professionally qualified clinical staff,HCHS doctors,HCHS doctors,HCHS doctors,Haematology,True
074,HCHS doctors in Histopathology,Professionally qualified clinical staff,HCHS doctors,HCHS doctors,HCHS doctors,Histopathology,True
075,HCHS doctors in Medical microbiology,Professionally qualified clinical staff,HCHS doctors,HCHS doctors,HCHS doctors,Medical microbiology,True
076,HCHS doctors in Neuropathology,Professionally qualified clinical staff,HCHS doctors,HCHS doctors,HCHS doctors,Neuropathology,False
077,HCHS doctors in Immunology,Professionally qualified clinical staff,HCHS doctors,HCHS doctors,HCHS doctors,Immunology,True
078,HCHS doctors in Medical virology,Professionally qualified clinical staff,HCHS doctors,HCHS doctors,HCHS doctors,Medical virology,True
079,HCHS doctors in Clinical cytogenetics and molecular genetics,Professionally qualified clinical staff,HCHS doctors,HCHS doctors,HCHS doctors,Clinical cytogenetics and molecular genetics,False
080,HCHS doctors in Clinical radiology,Professionally qualified clinical staff,HCHS doctors,HCHS doctors,HCHS doctors,Clinical radiology,True
082,HCHS doctors in General (internal) medicine (082),Professionally qualified clinical staff,HCHS doctors,HCHS doctors,HCHS doctors,General (internal) medicine,False
083,HCHS doctors in Immunology (with allergy),Professionally qualified clinical staff,HCHS doctors,HCHS doctors,HCHS doctors,Immunology (with allergy),False
084,HCHS doctors in Rehabilitation medicine,Professionally qualified clinical staff,HCHS doctors,HCHS doctors,HCHS doctors,Rehabilitation medicine,True
085,HCHS doctors in Sport and exercise medicine,Professionally qualified clinical staff,HCHS doctors,HCHS doctors,HCHS doctors,Sport and exercise medicine,True
086,HCHS doctors in Diagnostic neuropathology,Professionally qualified clinical staff,HCHS doctors,HCHS doctors,HCHS doctors,Diagnostic neuropathology,True
087,HCHS doctors in Paediatric and perinatal pathology,Professionally qualified clinical staff,HCHS doctors,HCHS doctors,HCHS doctors,Paediatric and perinatal pathology,True
088,HCHS doctors in Forensic histopathology,Professionally qualified clinical staff,HCHS doctors,HCHS doctors,HCHS doctors,Forensic histopathology,True
090,HCHS doctors in Public health medicine (090),Professionally qualified clinical staff,HCHS doctors,HCHS doctors,HCHS doctors,Public health medicine,False
091,HCHS doctors in Anaesthetics,Professionally qualified clinical staff,HCHS doctors,HCHS doctors,HCHS doctors,Anaesthetics,True
092,HCHS doctors in Blood transfusion,Professionally qualified clinical staff,HCHS doctors,HCHS doctors,HCHS doctors,Blood transfusion,False
093,HCHS doctors in Occupational medicine,Professionally qualified clinical staff,HCHS doctors,HCHS doctors,HCHS doctors,Occupational medicine,True
094,HCHS doctors in Palliative medicine,Professionally qualified clinical staff,HCHS doctors,HCHS doctors,HCHS doctors,Palliative medicine,True
095,HCHS doctors in Intensive therapy,Professionally qualified clinical staff,HCHS doctors,HCHS doctors,HCHS doctors,Intensive therapy,False
096,HCHS doctors in Medical ophthalmology,Professionally qualified clinical staff,HCHS doctors,HCHS doctors,HCHS doctors,Medical ophthalmology,True
097,HCHS doctors in Paediatric cardiology,Professionally qualified clinical staff,HCHS doctors,HCHS doctors,HCHS doctors,Paediatric cardiology,True
099,HCHS doctors in Other specialties,Professionally qualified clinical staff,HCHS doctors,HCHS doctors,HCHS doctors,Other specialties,True
101,HCHS doctors in General (internal) medicine,Professionally qualified clinical staff,HCHS doctors,HCHS doctors,HCHS doctors,General (internal) medicine,True
102,HCHS doctors in Paediatrics,Professionally qualified clinical staff,HCHS doctors,HCHS doctors,HCHS doctors,Paediatrics,True
103,HCHS doctors in Infectious diseases,Professionally qualified clinical staff,HCHS doctors,HCHS doctors,HCHS doctors,Infectious diseases,True
104,HCHS doctors in Respiratory medicine,Professionally qualified clinical staff,HCHS doctors,HCHS doctors,HCHS doctors,Respiratory medicine,True
105,HCHS doctors in Dermatology,Professionally qualified clinical staff,HCHS doctors,HCHS doctors,HCHS doctors,Dermatology,True
106,HCHS doctors in Neurology,Professionally qualified clinical staff,HCHS doctors,HCHS doctors,HCHS doctors,Neurology,True
107,HCHS doctors in Cardiology,Professionally qualified clinical staff,HCHS doctors,HCHS doctors,HCHS doctors,Cardiology,True
108,HCHS doctors in Rheumatology,Professionally qualified clinical staff,HCHS doctors,HCHS doctors,HCHS doctors,Rheumatology,True
109,HCHS doctors in Genito-urinary medicine,Professionally qualified clinical staff,HCHS doctors,HCHS doctors,HCHS doctors,Genito-urinary medicine,True
110,HCHS doctors in Clinical pharmacology and therapeutics,Professionally qualified clinical staff,HCHS doctors,HCHS doctors,HCHS doctors,Clinical pharmacology and therapeutics,True
111,HCHS doctors in Geriatric medicine,Professionally qualified clinical staff,HCHS doctors,HCHS doctors,HCHS doctors,Geriatric medicine,True
112,HCHS doctors in Medical oncology,Professionally qualified clinical staff,HCHS doctors,HCHS doctors,HCHS doctors,Medical oncology,True
113,HCHS doctors in Clinical physiology,Professionally qualified clinical staff,HCHS doctors,HCHS doctors,HCHS doctors,Clinical physiology,False
114,HCHS doctors in Clinical neurophysiology,Professionally qualified clinical staff,HCHS doctors,HCHS doctors,HCHS doctors,Clinical neurophysiology,True
115,HCHS doctors in Renal medicine,Professionally qualified clinical staff,HCHS doctors,HCHS doctors,HCHS doctors,Renal medicine,True
116,HCHS doctors in Nuclear medicine,Professionally qualified clinical staff,HCHS doctors,HCHS doctors,HCHS doctors,Nuclear medicine,True
117,HCHS doctors in Endocrinology and diabetes mellitus,Professionally qualified clinical staff,HCHS doctors,HCHS doctors,HCHS doctors,Endocrinology and diabetes mellitus,True
118,HCHS doctors in Gastro-enterology,Professionally qualified clinical staff,HCHS doctors,HCHS doctors,HCHS doctors,Gastro-enterology,True
119,HCHS doctors in Audio vestibular medicine,Professionally qualified clinical staff,HCHS doctors,HCHS doctors,HCHS doctors,Audio vestibular medicine,True
120,HCHS doctors in Clinical genetics,Professionally qualified clinical staff,HCHS doctors,HCHS doctors,HCHS doctors,Clinical genetics,True
121,HCHS doctors in General surgery,Professionally qualified clinical staff,HCHS doctors,HCHS doctors,HCHS doctors,General surgery,True
122,HCHS doctors in Paediatric surgery,Professionally qualified clinical staff,HCHS doctors,HCHS doctors,HCHS doctors,Paediatric surgery,True
123,HCHS doctors in Otolaryngology,Professionally qualified clinical staff,HCHS doctors,HCHS doctors,HCHS doctors,Otolaryngology,True
124,HCHS doctors in Trauma and orthopaedic surgery,Professionally qualified clinical staff,HCHS doctors,HCHS doctors,HCHS doctors,Trauma and orthopaedic surgery,True
125,HCHS doctors in Ophthalmology,Professionally qualified clinical staff,HCHS doctors,HCHS doctors,HCHS doctors,Ophthalmology,True
126,HCHS doctors in Clinical oncology,Professionally qualified clinical staff,HCHS doctors,HCHS doctors,HCHS doctors,Clinical oncology,True
127,HCHS doctors in Urology,Professionally qualified clinical staff,HCHS doctors,HCHS doctors,HCHS doctors,Urology,True
128,HCHS doctors in Plastic surgery,Professionally qualified clinical staff,HCHS doctors,HCHS doctors,HCHS doctors,Plastic surgery,True
129,HCHS doctors in Cardio-thoracic surgery,Professionally qualified clinical staff,HCHS doctors,HCHS doctors,HCHS doctors,Cardio-thoracic surgery,True
130,HCHS doctors in Emergency medicine,Professionally qualified clinical staff,HCHS doctors,HCHS doctors,HCHS doctors,Emergency medicine,True
131,HCHS doctors in Neurosurgery,Professionally qualified clinical staff,HCHS doctors,HCHS doctors,HCHS doctors,Neurosurgery,True
132,HCHS doctors in Tropical medicine,Professionally qualified clinical staff,HCHS doctors,HCHS doctors,HCHS doctors,Tropical medicine,True
133,HCHS doctors in Allergy,Professionally qualified clinical staff,HCHS doctors,HCHS doctors,HCHS doctors,Allergy,True
134,HCHS doctors in Intensive care medicine,Professionally qualified clinical staff,HCHS doctors,HCHS doctors,HCHS doctors,Intensive care medicine,True
135,HCHS doctors in Acute internal medicine,Professionally qualified clinical staff,HCHS doctors,HCHS doctors,HCHS doctors,Acute internal medicine,True
136,HCHS doctors in Vascular surgery,Professionally qualified clinical staff,HCHS doctors,HCHS doctors,HCHS doctors,Vascular surgery,True
137,HCHS doctors in Aviation and space medicine,Professionally qualified clinical staff,HCHS doctors,HCHS doctors,HCHS doctors,Aviation and space medicine,True
140,HCHS doctors in Obstetrics and gynaecology,Professionally qualified clinical staff,HCHS doctors,HCHS doctors,HCHS doctors,Obstetrics and gynaecology,True
141,HCHS doctors in Community sexual and reproductive health,Professionally qualified clinical staff,HCHS doctors,HCHS doctors,HCHS doctors,Community sexual and reproductive health,True
142,HCHS doctors in Family planning sessional - surgery,Professionally qualified clinical staff,HCHS doctors,HCHS doctors,HCHS doctors,Family planning sessional - surgery,False
143,HCHS doctors in Obstetrics,Professionally qualified clinical staff,HCHS doctors,HCHS doctors,HCHS doctors,Obstetrics,False
144,HCHS doctors in Gynaecology,Professionally qualified clinical staff,HCHS doctors,HCHS doctors,HCHS doctors,Gynaecology,False
145,HCHS doctors in Dental and maxillo-facial radiology,Professionally qualified clinical staff,HCHS doctors,HCHS doctors,HCHS doctors,Dental and maxillo-facial radiology,True
146,HCHS doctors in Oral and maxillo-facial pathology,Professionally qualified clinical staff,HCHS doctors,HCHS doctors,HCHS doctors,Oral and maxillo-facial pathology,True
147,HCHS doctors in Oral microbiology,Professionally qualified clinical staff,HCHS doctors,HCHS doctors,HCHS doctors,Oral microbiology,True
148,HCHS doctors in Oral medicine,Professionally qualified clinical staff,HCHS doctors,HCHS doctors,HCHS doctors,Oral medicine,True
149,HCHS doctors in Paediatric neurology,Professionally qualified clinical staff,HCHS doctors,HCHS doctors,HCHS doctors,Paediatric neurology,False
151,HCHS doctors in Psychiatry of learning disability,Professionally qualified clinical staff,HCHS doctors,HCHS doctors,HCHS doctors,Psychiatry of learning disability,True
152,HCHS doctors in General psychiatry,Professionally qualified clinical staff,HCHS doctors,HCHS doctors,HCHS doctors,General psychiatry,True
153,HCHS doctors in Child and adolescent psychiatry,Professionally qualified clinical staff,HCHS doctors,HCHS doctors,HCHS doctors,Child and adolescent psychiatry,True
154,HCHS doctors in Forensic psychiatry,Professionally qualified clinical staff,HCHS doctors,HCHS doctors,HCHS doctors,Forensic psychiatry,True
155,HCHS doctors in Medical psychotherapy,Professionally qualified clinical staff,HCHS doctors,HCHS doctors,HCHS doctors,Medical psychotherapy,True
156,HCHS doctors in Old age psychiatry,Professionally qualified clinical staff,HCHS doctors,HCHS doctors,HCHS doctors,Old age psychiatry,True
160,HCHS doctors in Surgical dentistry,Professionally qualified clinical staff,HCHS doctors,HCHS doctors,HCHS doctors,Surgical dentistry,False
161,HCHS doctors in Oral and maxillo-facial surgery,Professionally qualified clinical staff,HCHS doctors,HCHS doctors,HCHS doctors,Oral and maxillo-facial surgery,True
162,HCHS doctors in Orthodontics,Professionally qualified clinical staff,HCHS doctors,HCHS doctors,HCHS doctors,Orthodontics,True
163,HCHS doctors in Restorative dentistry,Professionally qualified clinical staff,HCHS doctors,HCHS doctors,HCHS doctors,Restorative dentistry,True
164,HCHS doctors in Paediatric dentistry,Professionally qualified clinical staff,HCHS doctors,HCHS doctors,HCHS doctors,Paediatric dentistry,True
165,HCHS doctors in Additional dental specialties,Professionally qualified clinical staff,HCHS doctors,HCHS doctors,HCHS doctors,Additional dental specialties,False
166,HCHS doctors in Oral surgery,Professionally qualified clinical staff,HCHS doctors,HCHS doctors,HCHS doctors,Oral surgery,True
167,HCHS doctors in Endodontics,Professionally qualified clinical staff,HCHS doctors,HCHS doctors,HCHS doctors,Endodontics,True
168,HCHS doctors in Periodontics,Professionally qualified clinical staff,HCHS doctors,HCHS doctors,HCHS doctors,Periodontics,True
169,HCHS doctors in Prosthodontics,Professionally qualified clinical staff,HCHS doctors,HCHS doctors,HCHS doctors,Prosthodontics,True
170,HCHS doctors in Special care dentistry,Professionally qualified clinical staff,HCHS doctors,HCHS doctors,HCHS doctors,Special care dentistry,True
171,HCHS doctors in General pathology,Professionally qualified clinical staff,HCHS doctors,HCHS doctors,HCHS doctors,General pathology,False
172,HCHS doctors in Chemical pathology,Professionally qualified clinical staff,HCHS doctors,HCHS doctors,HCHS doctors,Chemical pathology,True
173,HCHS doctors in Haematology,Professionally qualified clinical staff,HCHS doctors,HCHS doctors,HCHS doctors,Haematology,True
174,HCHS doctors in Histopathology,Professionally qualified clinical staff,HCHS doctors,HCHS doctors,HCHS doctors,Histopathology,True
175,HCHS doctors in Medical microbiology,Professionally qualified clinical staff,HCHS doctors,HCHS doctors,HCHS doctors,Medical microbiology,True
176,HCHS doctors in Neuropathology,Professionally qualified clinical staff,HCHS doctors,HCHS doctors,HCHS doctors,Neuropathology,False
177,HCHS doctors in Immunology,Professionally qualified clinical staff,HCHS doctors,HCHS doctors,HCHS doctors,Immunology,True
178,HCHS doctors in Medical virology,Professionally qualified clinical staff,HCHS doctors,HCHS doctors,HCHS doctors,Medical virology,True
179,HCHS doctors in Clinical cytogenetics and molecular genetics,Professionally qualified clinical staff,HCHS doctors,HCHS doctors,HCHS doctors,Clinical cytogenetics and molecular genetics,False
180,HCHS doctors in Clinical radiology,Professionally qualified clinical staff,HCHS doctors,HCHS doctors,HCHS doctors,Clinical radiology,True
182,HCHS doctors in General (internal) medicine (082),Professionally qualified clinical staff,HCHS doctors,HCHS doctors,HCHS doctors,General (internal) medicine,False
183,HCHS doctors in Immunology (with allergy),Professionally qualified clinical staff,HCHS doctors,HCHS doctors,HCHS doctors,Immunology (with allergy),False
184,HCHS doctors in Rehabilitation medicine,Professionally qualified clinical staff,HCHS doctors,HCHS doctors,HCHS doctors,Rehabilitation medicine,True
185,HCHS doctors in Sport and exercise medicine,Professionally qualified clinical staff,HCHS doctors,HCHS doctors,HCHS doctors,Sport and exercise medicine,True
186,HCHS doctors in Diagnostic neuropathology,Professionally qualified clinical staff,HCHS doctors,HCHS doctors,HCHS doctors,Diagnostic neuropathology,True
187,HCHS doctors in Paediatric and perinatal pathology,Professionally qualified clinical staff,HCHS doctors,HCHS doctors,HCHS doctors,Paediatric and perinatal pathology,True
188,HCHS doctors in Forensic histopathology,Professionally qualified clinical staff,HCHS doctors,HCHS doctors,HCHS doctors,Forensic histopathology,True
190,HCHS doctors in Public health medicine (090),Professionally qualified clinical staff,HCHS doctors,HCHS doctors,HCHS doctors,Public health medicine,False
191,HCHS doctors in Anaesthetics,Professionally qualified clinical staff,HCHS doctors,HCHS doctors,HCHS doctors,Anaesthetics,True
192,HCHS doctors in Blood transfusion,Professionally qualified clinical staff,HCHS doctors,HCHS doctors,HCHS doctors,Blood transfusion,False
193,HCHS doctors in Occupational medicine,Professionally qualified clinical staff,HCHS doctors,HCHS doctors,HCHS doctors,Occupational medicine,True
194,HCHS doctors in Palliative medicine,Professionally qualified clinical staff,HCHS doctors,HCHS doctors,HCHS doctors,Palliative medicine,True
195,HCHS doctors in Intensive therapy,Professionally qualified clinical staff,HCHS doctors,HCHS doctors,HCHS doctors,Intensive therapy,False
196,HCHS doctors in Medical ophthalmology,Professionally qualified clinical staff,HCHS doctors,HCHS doctors,HCHS doctors,Medical ophthalmology,True
197,HCHS doctors in Paediatric cardiology,Professionally qualified clinical staff,HCHS doctors,HCHS doctors,HCHS doctors,Paediatric cardiology,True
199,HCHS doctors in Other specialties,Professionally qualified clinical staff,HCHS doctors,HCHS doctors,HCHS doctors,Other specialties,True
200,HCHS doctors in Community medicine,Professionally qualified clinical staff,HCHS doctors,HCHS doctors,HCHS doctors,Community medicine,False
201,HCHS doctors in Capital building,Professionally qualified clinical staff,HCHS doctors,HCHS doctors,HCHS doctors,Capital building,False
202,HCHS doctors in Information services,Professionally qualified clinical staff,HCHS doctors,HCHS doctors,HCHS doctors,Information services,False
203,HCHS doctors in Personnel,Professionally qualified clinical staff,HCHS doctors,HCHS doctors,HCHS doctors,Personnel,False
204,HCHS doctors in Health care planning,Professionally qualified clinical staff,HCHS doctors,HCHS doctors,HCHS doctors,Health care planning,False
205,HCHS doctors in Child care,Professionally qualified clinical staff,HCHS doctors,HCHS doctors,HCHS doctors,Child care,False
207,HCHS doctors in Environmental health,Professionally qualified clinical staff,HCHS doctors,HCHS doctors,HCHS doctors,Environmental health,False
210,HCHS doctors in Family planning,Professionally qualified clinical staff,HCHS doctors,HCHS doctors,HCHS doctors,Family planning,False
211,HCHS doctors in Family planning,Professionally qualified clinical staff,HCHS doctors,HCHS doctors,HCHS doctors,Family planning,False
220,HCHS doctors in Community health service medical,Professionally qualified clinical staff,HCHS doctors,HCHS doctors,HCHS doctors,Community health service medical,False
221,HCHS doctors in General medical practitioner,Professionally qualified clinical staff,HCHS doctors,HCHS doctors,HCHS doctors,General medical practitioner,True
230,HCHS doctors in Public health medicine,Professionally qualified clinical staff,HCHS doctors,HCHS doctors,HCHS doctors,Public health medicine,True
240,HCHS doctors in Community dentistry admin,Professionally qualified clinical staff,HCHS doctors,HCHS doctors,HCHS doctors,Community dentistry admin,False
241,HCHS doctors in Community dentistry (clinical),Professionally qualified clinical staff,HCHS doctors,HCHS doctors,HCHS doctors,Community dentistry (clinical),False
242,HCHS doctors in Dental health education,Professionally qualified clinical staff,HCHS doctors,HCHS doctors,HCHS doctors,Dental health education,False
244,HCHS doctors in General dental practice,Professionally qualified clinical staff,HCHS doctors,HCHS doctors,HCHS doctors,General dental practice,False
245,HCHS doctors in Orthodontics (945),Professionally qualified clinical staff,HCHS doctors,HCHS doctors,HCHS doctors,Orthodontics,False
246,HCHS doctors in Restorative dentistry (946),Professionally qualified clinical staff,HCHS doctors,HCHS doctors,HCHS doctors,Restorative dentistry,False
260,HCHS doctors in School health,Professionally qualified clinical staff,HCHS doctors,HCHS doctors,HCHS doctors,School health,False
261,HCHS doctors in School health,Professionally qualified clinical staff,HCHS doctors,HCHS doctors,HCHS doctors,School health,False
265,HCHS doctors in Other medical,Professionally qualified clinical staff,HCHS doctors,HCHS doctors,HCHS doctors,Other medical,False
266,HCHS doctors in Other dental,Professionally qualified clinical staff,HCHS doctors,HCHS doctors,HCHS doctors,Other dental,False
270,HCHS doctors in Community health service dental,Professionally qualified clinical staff,HCHS doctors,HCHS doctors,HCHS doctors,Community health service dental,False
271,HCHS doctors in General dental practitioner,Professionally qualified clinical staff,HCHS doctors,HCHS doctors,HCHS doctors,General dental practitioner,True
280,HCHS doctors in Dental public health,Professionally qualified clinical staff,HCHS doctors,HCHS doctors,HCHS doctors,Dental public health,True
800,HCHS doctors in General practice (GP) 6 month training,Professionally qualified clinical staff,HCHS doctors,HCHS doctors,HCHS doctors,General practice (GP) 6 month training,True
900,HCHS doctors in Community medicine,Professionally qualified clinical staff,HCHS doctors,HCHS doctors,HCHS doctors,Community medicine,False
901,HCHS doctors in Capital building,Professionally qualified clinical staff,HCHS doctors,HCHS doctors,HCHS doctors,Capital building,False
902,HCHS doctors in Information services,Professionally qualified clinical staff,HCHS doctors,HCHS doctors,HCHS doctors,Information services,False
903,HCHS doctors in Personnel,Professionally qualified clinical staff,HCHS doctors,HCHS doctors,HCHS doctors,Personnel,False
904,HCHS doctors in Health care planning,Professionally qualified clinical staff,HCHS doctors,HCHS doctors,HCHS doctors,Health care planning,False
905,HCHS doctors in Child care,Professionally qualified clinical staff,HCHS doctors,HCHS doctors,HCHS doctors,Child care,False
907,HCHS doctors in Environmental health,Professionally qualified clinical staff,HCHS doctors,HCHS doctors,HCHS doctors,Environmental health,False
910,HCHS doctors in Family planning,Professionally qualified clinical staff,HCHS doctors,HCHS doctors,HCHS doctors,Family planning,False
911,HCHS doctors in Family planning,Professionally qualified clinical staff,HCHS doctors,HCHS doctors,HCHS doctors,Family planning,False
920,HCHS doctors in Community health service medical,Professionally qualified clinical staff,HCHS doctors,HCHS doctors,HCHS doctors,Community health service medical,False
921,HCHS doctors in General medical practitioner,Professionally qualified clinical staff,HCHS doctors,HCHS doctors,HCHS doctors,General medical practitioner,True
930,HCHS doctors in Public health medicine,Professionally qualified clinical staff,HCHS doctors,HCHS doctors,HCHS doctors,Public health medicine,True
940,HCHS doctors in Community dentistry admin,Professionally qualified clinical staff,HCHS doctors,HCHS doctors,HCHS doctors,Community dentistry admin,False
941,HCHS doctors in Community dentistry (clinical),Professionally qualified clinical staff,HCHS doctors,HCHS doctors,HCHS doctors,Community dentistry (clinical),False
942,HCHS doctors in Dental health education,Professionally qualified clinical staff,HCHS doctors,HCHS doctors,HCHS doctors,Dental health education,False
944,HCHS doctors in General dental practice,Professionally qualified clinical staff,HCHS doctors,HCHS doctors,HCHS doctors,General dental practice,False
945,HCHS doctors in Orthodontics (945),Professionally qualified clinical staff,HCHS doctors,HCHS doctors,HCHS doctors,Orthodontics,False
946,HCHS doctors in Restorative dentistry (946),Professionally qualified clinical staff,HCHS doctors,HCHS doctors,HCHS doctors,Restorative dentistry,False
960,HCHS doctors in School health,Professionally qualified clinical staff,HCHS doctors,HCHS doctors,HCHS doctors,School health,False
961,HCHS doctors in School health,Professionally qualified clinical staff,HCHS doctors,HCHS doctors,HCHS doctors,School health,False
965,HCHS doctors in Other medical,Professionally qualified clinical staff,HCHS doctors,HCHS doctors,HCHS doctors,Other medical,False
966,HCHS doctors in Other dental,Professionally qualified clinical staff,HCHS doctors,HCHS doctors,HCHS doctors,Other dental,False
970,HCHS doctors in Community health service dental,Professionally qualified clinical staff,HCHS doctors,HCHS doctors,HCHS doctors,Community health service dental,False
971,HCHS doctors in General dental practitioner,Professionally qualified clinical staff,HCHS doctors,HCHS doctors,HCHS doctors,General dental practitioner,True
976,HCHS doctors in M&D retainer scheme,Professionally qualified clinical staff,HCHS doctors,HCHS doctors,HCHS doctors,M&D retainer scheme,False
977,HCHS doctors in Medical fees LA services,Professionally qualified clinical staff,HCHS doctors,HCHS doctors,HCHS doctors,Medical fees LA services,False
978,HCHS doctors in GP bed/casualty fund,Professionally qualified clinical staff,HCHS doctors,HCHS doctors,HCHS doctors,GP bed/casualty fund,False
979,HCHS doctors in Payment to clinical member of management team,Professionally qualified clinical staff,HCHS doctors,HCHS doctors,HCHS doctors,Payment to clinical member of management team,False
980,HCHS doctors in Dental public health,Professionally qualified clinical staff,HCHS doctors,HCHS doctors,HCHS doctors,Dental public health,True
996,HCHS doctors in Medical research council,Professionally qualified clinical staff,HCHS doctors,HCHS doctors,HCHS doctors,Medical research council,False
A0A,Ambulance Manager in Emergency Care,Professionally qualified clinical staff,Ambulance staff,Ambulance staff,Ambulance Manager,Emergency Care,True
A0B,Ambulance Manager in Hazardous Area Response Team,Professionally qualified clinical staff,Ambulance staff,Ambulance staff,Ambulance Manager,Hazardous Area Response Team,True
A0D,Ambulance Manager in Education,Professionally qualified clinical staff,Ambulance staff,Ambulance staff,Ambulance Manager,Education,True
A0E,Ambulance Manager in Call Handling,Professionally qualified clinical staff,Ambulance staff,Ambulance staff,Ambulance Manager,Call Handling,True
A1A,Ambulance Paramedic in Ambulance Service,Professionally qualified clinical staff,Ambulance staff,Ambulance staff,Ambulance Paramedic,Ambulance Service,False
A2A,Ambulance Personnel in Ambulance Service,Support to clinical staff,Support to ambulance staff,Ambulance personnel & trainees,Ambulance Personnel,Ambulance Service,False
A3A,Trainee Ambulance Personnel in Ambulance Service,Support to clinical staff,Support to ambulance staff,Ambulance personnel & trainees,Trainee Ambulance Personnel,Ambulance Service,False
A4A,Consultant Paramedic in Emergency Care,Professionally qualified clinical staff,Ambulance staff,Ambulance staff,Consultant Paramedic,Emergency Care,True
A4B,Consultant Paramedic in Hazardous Area Response Team,Professionally qualified clinical staff,Ambulance staff,Ambulance staff,Consultant Paramedic,Hazardous Area Response Team,True
A4C,Consultant Paramedic in Patient Transport Service,Professionally qualified clinical staff,Ambulance staff,Ambulance staff,Consultant Paramedic,Patient Transport Service,True
A4D,Consultant Paramedic in Education,Professionally qualified clinical staff,Ambulance staff,Ambulance staff,Consultant Paramedic,Education,True
A5A,Advanced Paramedic in Emergency Care,Professionally qualified clinical staff,Ambulance staff,Ambulance staff,Advanced Paramedic,Emergency Care,True
A5B,Advanced Paramedic in Hazardous Area Response Team,Professionally qualified clinical staff,Ambulance staff,Ambulance staff,Advanced Paramedic,Hazardous Area Response Team,True
A5C,Advanced Paramedic in Patient Transport Service,Professionally qualified clinical staff,Ambulance staff,Ambulance staff,Advanced Paramedic,Patient Transport Service,True
A5D,Advanced Paramedic in Education,Professionally qualified clinical staff,Ambulance staff,Ambulance staff,Advanced Paramedic,Education,True
A5E,Advanced Paramedic in Call Handling,Professionally qualified clinical staff,Ambulance staff,Ambulance staff,Advanced Paramedic,Call Handling,True
A6A,Specialist Practitioner in Emergency Care,Professionally qualified clinical staff,Ambulance staff,Ambulance staff,Specialist Practitioner,Emergency Care,True
A6B,Specialist Practitioner in Hazardous Area Response Team,Professionally qualified clinical staff,Ambulance staff,Ambulance staff,Specialist Practitioner,Hazardous Area Response Team,True
A6C,Specialist Practitioner in Patient Transport Service,Professionally qualified clinical staff,Ambulance staff,Ambulance staff,Specialist Practitioner,Patient Transport Service,True
A6D,Specialist Practitioner in Education,Professionally qualified clinical staff,Ambulance staff,Ambulance staff,Specialist Practitioner,Education,True
A6E,Specialist Practitioner in Call Handling,Professionally qualified clinical staff,Ambulance staff,Ambulance staff,Specialist Practitioner,Call Handling,True
A7A,Assistant Practitioner in Emergency Care,Support to clinical staff,Support to ambulance staff,Ambulance personnel & trainees,Assistant Practitioner,Emergency Care,True
A7B,Assistant Practitioner in Hazardous Area Response Team,Support to clinical staff,Support to ambulance staff,Ambulance personnel & trainees,Assistant Practitioner,Hazardous Area Response Team,True
A7C,Assistant Practitioner in Patient Transport Service,Support to clinical staff,Support to ambulance staff,Ambulance personnel & trainees,Assistant Practitioner,Patient Transport Service,True
A8A,Emergency/Urgent Care Support Worker in Emergency Care,Support to clinical staff,Support to ambulance staff,Ambulance personnel & trainees,Emergency/Urgent Care Support Worker,Emergency Care,True
A8B,Emergency/Urgent Care Support Worker in Hazardous Area Response Team,Support to clinical staff,Support to ambulance staff,Ambulance personnel & trainees,Emergency/Urgent Care Support Worker,Hazardous Area Response Team,True
A8C,Emergency/Urgent Care Support Worker in Patient Transport Service,Support to clinical staff,Support to ambulance staff,Ambulance personnel & trainees,Emergency/Urgent Care Support Worker,Patient Transport Service,True
A8E,Emergency/Urgent Care Support Worker in Call Handling,Support to clinical staff,Support to ambulance staff,Ambulance personnel & trainees,Emergency/Urgent Care Support Worker,Call Handling,True
A9C,Ambulance Care Assistant in Patient Transport Service,Support to clinical staff,Support to ambulance staff,Ambulance personnel & trainees,Ambulance Care Assistant,Patient Transport Service,True
AAA,Emergency Care Practitioner in Ambulance Service,Professionally qualified clinical staff,Ambulance staff,Ambulance staff,Emergency Care Practitioner,Ambulance Service,False
ABA,Paramedic in Emergency Care,Professionally qualified clinical staff,Ambulance staff,Ambulance staff,Paramedic,Emergency Care,True
ABB,Paramedic in Hazardous Area Response Team,Professionally qualified clinical staff,Ambulance staff,Ambulance staff,Paramedic,Hazardous Area Response Team,True
ABC,Paramedic in Patient Transport Service,Professionally qualified clinical staff,Ambulance staff,Ambulance staff,Paramedic,Patient Transport Service,True
ABD,Paramedic in Education,Professionally qualified clinical staff,Ambulance staff,Ambulance staff,Paramedic,Education,True
ABE,Paramedic in Call Handling,Professionally qualified clinical staff,Ambulance staff,Ambulance staff,Paramedic,Call Handling,True
AEA,Ambulance Technician/Associate Practitioner in Emergency Care,Support to clinical staff,Support to ambulance staff,Ambulance personnel & trainees,Ambulance Technician/Associate Practitioner,Emergency Care,True
AEB,Ambulance Technician/Associate Practitioner in Hazardous Area Response Team,Support to clinical staff,Support to ambulance staff,Ambulance personnel & trainees,Ambulance Technician/Associate Practitioner,Hazardous Area Response Team,True
AEC,Ambulance Technician/Associate Practitioner in Patient Transport Service,Support to clinical staff,Support to ambulance staff,Ambulance personnel & trainees,Ambulance Technician/Associate Practitioner,Patient Transport Service,True
AED,Ambulance Technician/Associate Practitioner in Education,Support to clinical staff,Support to ambulance staff,Ambulance personnel & trainees,Ambulance Technician/Associate Practitioner,Education,True
AEE,Ambulance Technician/Associate Practitioner in Call Handling,Support to clinical staff,Support to ambulance staff,Ambulance personnel & trainees,Ambulance Technician/Associate Practitioner,Call Handling,True
AGA,Trainee Ambulance Technician in Ambulance Service,Support to clinical staff,Support to ambulance staff,Ambulance personnel & trainees,Trainee Ambulance Technician,Ambulance Service,False
G0A,Senior Manager in Central Functions,NHS infrastructure support,Senior managers,Senior managers,Senior Manager,Central Functions,True
G0B,"Senior Manager in Hotel, Property & Estates",NHS infrastructure support,Senior managers,Senior managers,Senior Manager,"Hotel, Property & Estates",True
G0C,"Senior Manager in Scientific, Therapeutic & Technical Support",NHS infrastructure support,Senior managers,Senior managers,Senior Manager,"Scientific, Therapeutic & Technical Support",True
G0D,Senior Manager in Clinical Support,NHS infrastructure support,Senior managers,Senior managers,Senior Manager,Clinical Support,True
G0E,Senior Manager in Ambulance Service Support,NHS infrastructure support,Senior managers,Senior managers,Senior Manager,Ambulance Service Support,True
G1A,Manager in Central Functions,NHS infrastructure support,Managers,Managers,Manager,Central Functions,True
G1B,"Manager in Hotel, Property & Estates",NHS infrastructure support,Managers,Managers,Manager,"Hotel, Property & Estates",True
G1C,"Manager in Scientific, Therapeutic & Technical Support",NHS infrastructure support,Managers,Managers,Manager,"Scientific, Therapeutic & Technical Support",True
G1D,Manager in Clinical Support,NHS infrastructure support,Managers,Managers,Manager,Clinical Support,True
G1E,Manager in Ambulance Service Support,NHS infrastructure support,Managers,Managers,Manager,Ambulance Service Support,True
G2A,Clerical & Administrative in Central Functions,NHS infrastructure support,Central functions,Clerical & administrative,Clerical & Administrative,Central Functions,True
G2B,"Clerical & Administrative in Hotel, Property & Estates",NHS infrastructure support,"Hotel, property & estates",Clerical & administrative,Clerical & Administrative,"Hotel, Property & Estates",True
G2C,"Clerical & Administrative in Scientific, Therapeutic & Technical Support",Support to clinical staff,Support to ST&T staff,Clerical & administrative,Clerical & Administrative,"Scientific, Therapeutic & Technical Support",True
G2D,Clerical & Administrative in Clinical Support,Support to clinical staff,"Support to doctors, nurses & midwives",Clerical & administrative,Clerical & Administrative,Clinical Support,True
G2E,Clerical & Administrative in Ambulance Service Support,Support to clinical staff,Support to ambulance staff,Clerical & administrative,Clerical & Administrative,Ambulance Service Support,True
G3B,"Estates (Maintenance & Works) in Hotel, Property & Estates",NHS infrastructure support,"Hotel, property & estates",Estates (maintenance & works),Estates (Maintenance & Works),"Hotel, Property & Estates",True
G3C,"Estates (Maintenance & Works) in Scientific, Therapeutic & Technical Support",Support to clinical staff,Support to ST&T staff,Estates (maintenance & works),Estates (Maintenance & Works),"Scientific, Therapeutic & Technical Support",True
G3D,Estates (Maintenance & Works) in Clinical Support,Support to clinical staff,"Support to doctors, nurses & midwives",Estates (maintenance & works),Estates (Maintenance & Works),Clinical Support,True
G3E,Estates (Maintenance & Works) in Ambulance Service Support,Support to clinical staff,Support to ambulance staff,Estates (maintenance & works),Estates (Maintenance & Works),Ambulance Service Support,True
H1A,Healthcare Assistant in Adult and General,Support to clinical staff,"Support to doctors, nurses & midwives",Nursing support staff,Healthcare Assistant,Adult and General,True
H1B,Healthcare Assistant in Children and Young People,Support to clinical staff,"Support to doctors, nurses & midwives",Nursing support staff,Healthcare Assistant,Children and Young People,True
H1C,Healthcare Assistant in Maternity Services,Support to clinical staff,"Support to doctors, nurses & midwives",Nursing support staff,Healthcare Assistant,Maternity Services,True
H1D,Healthcare Assistant in Other Mental Health,Support to clinical staff,"Support to doctors, nurses & midwives",Nursing support staff,Healthcare Assistant,Other Mental Health,True
H1E,Healthcare Assistant in Other Learning Disabilities,Support to clinical staff,"Support to doctors, nurses & midwives",Nursing support staff,Healthcare Assistant,Other Learning Disabilities,True
H1F,Healthcare Assistant in Community Services,Support to clinical staff,"Support to doctors, nurses & midwives",Nursing support staff,Healthcare Assistant,Community Services,True
H1G,Healthcare Assistant in Chiropody/Podiatry,Support to clinical staff,Support to ST&T staff,Support to AHPs,Healthcare Assistant,Chiropody/Podiatry,True
H1H,Healthcare Assistant in Occupational Therapy,Support to clinical staff,Support to ST&T staff,Support to AHPs,Healthcare Assistant,Occupational Therapy,True
H1J,Healthcare Assistant in Physiotherapy,Support to clinical staff,Support to ST&T staff,Support to AHPs,Healthcare Assistant,Physiotherapy,True
H1K,Healthcare Assistant in Radiography (diagnostic),Support to clinical staff,Support to ST&T staff,Support to AHPs,Healthcare Assistant,Radiography (diagnostic),True
H1L,Healthcare Assistant in Speech & Language Therapy,Support to clinical staff,Support to ST&T staff,Support to AHPs,Healthcare Assistant,Speech & Language Therapy,True
H1M,Healthcare Assistant in Other Life Sciences,Support to clinical staff,Support to ST&T staff,Support to healthcare scientists,Healthcare Assistant,Other Life Sciences,True
H1N,Healthcare Assistant in Other ST&T Staff,Support to clinical staff,Support to ST&T staff,Support to other ST&T staff,Healthcare Assistant,Other ST&T Staff,True
H1P,Healthcare Assistant in Central functions,Support to clinical staff,"Support to doctors, nurses & midwives",Nursing support staff,Healthcare Assistant,Central functions,True
H1R,"Healthcare Assistant in Hotel, Property & Estates",NHS infrastructure support,"Hotel, property & estates",Healthcare assistants & support workers,Healthcare Assistant,"Hotel, Property & Estates",True
H1S,Healthcare Assistant in Ambulance Service,Support to clinical staff,Support to ambulance staff,Healthcare assistants & support workers,Healthcare Assistant,Ambulance Service,False
H2A,Support Worker in Adult and General,Support to clinical staff,"Support to doctors, nurses & midwives",Nursing support staff,Support Worker,Adult and General,True
H2B,Support Worker in Children and Young People,Support to clinical staff,"Support to doctors, nurses & midwives",Nursing support staff,Support Worker,Children and Young People,True
H2C,Support Worker in Maternity Services,Support to clinical staff,"Support to doctors, nurses & midwives",Nursing support staff,Support Worker,Maternity Services,True
H2D,Support Worker in Other Mental Health,Support to clinical staff,"Support to doctors, nurses & midwives",Nursing support staff,Support Worker,Other Mental Health,True
H2E,Support Worker in Other Learning Disabilities,Support to clinical staff,"Support to doctors, nurses & midwives",Nursing support staff,Support Worker,Other Learning Disabilities,True
H2F,Support Worker in Community Services,Support to clinical staff,"Support to doctors, nurses & midwives",Nursing support staff,Support Worker,Community Services,True
H2G,Support Worker in Chiropody/Podiatry,Support to clinical staff,Support to ST&T staff,Support to AHPs,Support Worker,Chiropody/Podiatry,True
H2H,Support Worker in Occupational Therapy,Support to clinical staff,Support to ST&T staff,Support to AHPs,Support Worker,Occupational Therapy,True
H2J,Support Worker in Physiotherapy,Support to clinical staff,Support to ST&T staff,Support to AHPs,Support Worker,Physiotherapy,True
H2K,Support Worker in Radiography (diagnostic),Support to clinical staff,Support to ST&T staff,Support to AHPs,Support Worker,Radiography (diagnostic),True
H2L,Support Worker in Speech & Language Therapy,Support to clinical staff,Support to ST&T staff,Support to AHPs,Support Worker,Speech & Language Therapy,True
H2M,Support Worker in Other Life Sciences,Support to clinical staff,Support to ST&T staff,Support to healthcare scientists,Support Worker,Other Life Sciences,True
H2N,Support Worker in Other ST&T Staff,Support to clinical staff,Support to ST&T staff,Support to other ST&T staff,Support Worker,Other ST&T Staff,True
H2P,Support Worker in Central functions,Support to clinical staff,"Support to doctors, nurses & midwives",Nursing support staff,Support Worker,Central functions,True
H2R,"Support Worker in Hotel, Property & Estates",NHS infrastructure support,"Hotel, property & estates",Healthcare assistants & support workers,Support Worker,"Hotel, Property & Estates",True
H2S,Support Worker in Ambulance Service,Support to clinical staff,Support to ambulance staff,Healthcare assistants & support workers,Support Worker,Ambulance Service,False
N0A,Nurse Manager in Adult and General,Professionally qualified clinical staff,Nurses & health visitors,Nurses - adult,Nurse Manager,Adult and General,True
N0B,Nurse Manager in Children and Young People,Professionally qualified clinical staff,Nurses & health visitors,Nurses - children's,Nurse Manager,Children and Young People,True
N0C,Nurse Manager in Maternity Services,Professionally qualified clinical staff,Nurses & health visitors,Nurses - adult,Nurse Manager,Maternity Services,True
N0D,Nurse Manager in Community Mental Health,Professionally qualified clinical staff,Nurses & health visitors,Nurses - mental health,Nurse Manager,Community Mental Health,True
N0E,Nurse Manager in Other Mental Health,Professionally qualified clinical staff,Nurses & health visitors,Nurses - mental health,Nurse Manager,Other Mental Health,True
N0F,Nurse Manager in Community Learning Disabilities,Professionally qualified clinical staff,Nurses & health visitors,Nurses - learning disabilities / difficulties,Nurse Manager,Community Learning Disabilities,True
N0G,Nurse Manager in Other Learning Disabilities,Professionally qualified clinical staff,Nurses & health visitors,Nurses - learning disabilities / difficulties,Nurse Manager,Other Learning Disabilities,True
N0H,Nurse Manager in Community Services,Professionally qualified clinical staff,Nurses & health visitors,Nurses - community health,Nurse Manager,Community Services,True
N0J,Nurse Manager in Education Staff,Professionally qualified clinical staff,Nurses & health visitors,Nurses - adult,Nurse Manager,Education Staff,True
N0K,Nurse Manager in School Nursing,Professionally qualified clinical staff,Nurses & health visitors,Nurses - community health,Nurse Manager,School Nursing,True
N0L,Nurse Manager in Neonatal Nursing (including SCBUs),Professionally qualified clinical staff,Nurses & health visitors,Nurses - children's,Nurse Manager,Neonatal Nursing (including SCBUs),True
N1A,Children's Nurse in Adult and General,Professionally qualified clinical staff,Nurses & health visitors,Nurses - adult,Children's Nurse,Adult and General,False
N1B,Children's Nurse in Children and Young People,Professionally qualified clinical staff,Nurses & health visitors,Nurses - children's,Children's Nurse,Children and Young People,True
N1C,Children's Nurse in Maternity Services,Professionally qualified clinical staff,Nurses & health visitors,Nurses - adult,Children's Nurse,Maternity Services,True
N1H,Children's Nurse in Community Services,Professionally qualified clinical staff,Nurses & health visitors,Nurses - community health,Children's Nurse,Community Services,True
N1J,Children's Nurse in Education Staff,Professionally qualified clinical staff,Nurses & health visitors,Nurses - adult,Children's Nurse,Education Staff,True
N1L,Children's Nurse in Neonatal Nursing (including SCBUs),Professionally qualified clinical staff,Nurses & health visitors,Nurses - children's,Children's Nurse,Neonatal Nursing (including SCBUs),True
N2C,Midwives in Maternity Services,Professionally qualified clinical staff,Midwives,Midwives,Midwives,Maternity Services,True
N2J,Midwives in Education Staff,Professionally qualified clinical staff,Midwives,Midwives,Midwives,Education Staff,True
N2L,Midwives in Neonatal Nursing (including SCBUs),Professionally qualified clinical staff,Midwives,Midwives,Midwives,Neonatal Nursing (including SCBUs),True
N3H,Health Visitor in Community Services,Professionally qualified clinical staff,Nurses & health visitors,Health visitors - community health,Health Visitor,Community Services,True
N4D,Community Mental Health Nurse - 1st Level in Community Mental Health,Professionally qualified clinical staff,Nurses & health visitors,Nurses - mental health,Community Mental Health Nurse - 1st Level,Community Mental Health,True
N4F,Community Learning Disabilities Nurse - 1st Level in Community Learning Disabilities,Professionally qualified clinical staff,Nurses & health visitors,Nurses - learning disabilities / difficulties,Community Learning Disabilities Nurse - 1st Level,Community Learning Disabilities,True
N4H,District Nurse - 1st Level in Community Services,Professionally qualified clinical staff,Nurses & health visitors,Nurses - community health,District Nurse - 1st Level,Community Services,True
N5D,Community Mental Health Nurse - 2nd Level in Community Mental Health,Professionally qualified clinical staff,Nurses & health visitors,Nurses - mental health,Community Mental Health Nurse - 2nd Level,Community Mental Health,True
N5F,Community Learning Disabilities Nurse - 2nd Level in Community Learning Disabilities,Professionally qualified clinical staff,Nurses & health visitors,Nurses - learning disabilities / difficulties,Community Learning Disabilities Nurse - 2nd Level,Community Learning Disabilities,True
N5H,District Nurse - 2nd Level in Community Services,Professionally qualified clinical staff,Nurses & health visitors,Nurses - community health,District Nurse - 2nd Level,Community Services,True
N6A,Other 1st Level Nurse in Adult and General,Professionally qualified clinical staff,Nurses & health visitors,Nurses - adult,Other 1st Level Nurse,Adult and General,True
N6B,Other 1st Level Nurse in Children and Young People,Professionally qualified clinical staff,Nurses & health visitors,Nurses - children's,Other 1st Level Nurse,Children and Young People,True
N6C,Other 1st Level Nurse in Maternity Services,Professionally qualified clinical staff,Nurses & health visitors,Nurses - adult,Other 1st Level Nurse,Maternity Services,True
N6D,Other 1st Level Nurse in Community Mental Health,Professionally qualified clinical staff,Nurses & health visitors,Nurses - mental health,Other 1st Level Nurse,Community Mental Health,True
N6E,Other 1st Level Nurse in Other Mental Health,Professionally qualified clinical staff,Nurses & health visitors,Nurses - mental health,Other 1st Level Nurse,Other Mental Health,True
N6F,Other 1st Level Nurse in Community Learning Disabilities,Professionally qualified clinical staff,Nurses & health visitors,Nurses - learning disabilities / difficulties,Other 1st Level Nurse,Community Learning Disabilities,True
N6G,Other 1st Level Nurse in Other Learning Disabilities,Professionally qualified clinical staff,Nurses & health visitors,Nurses - learning disabilities / difficulties,Other 1st Level Nurse,Other Learning Disabilities,True
N6H,Other 1st Level Nurse in Community Services,Professionally qualified clinical staff,Nurses & health visitors,Nurses - community health,Other 1st Level Nurse,Community Services,True
N6J,Other 1st Level Nurse in Education Staff,Professionally qualified clinical staff,Nurses & health visitors,Nurses - adult,Other 1st Level Nurse,Education Staff,True
N6K,Other 1st Level Nurse in School Nursing,Professionally qualified clinical staff,Nurses & health visitors,Nurses - community health,Other 1st Level Nurse,School Nursing,True
N6L,Other 1st Level Nurse in Neonatal Nursing (including SCBUs),Professionally qualified clinical staff,Nurses & health visitors,Nurses - children's,Other 1st Level Nurse,Neonatal Nursing (including SCBUs),True
N7A,Other 2nd Level Nurse in Adult and General,Professionally qualified clinical staff,Nurses & health visitors,Nurses - adult,Other 2nd Level Nurse,Adult and General,True
N7B,Other 2nd Level Nurse in Children and Young People,Professionally qualified clinical staff,Nurses & health visitors,Nurses - children's,Other 2nd Level Nurse,Children and Young People,True
N7C,Other 2nd Level Nurse in Maternity Services,Professionally qualified clinical staff,Nurses & health visitors,Nurses - adult,Other 2nd Level Nurse,Maternity Services,True
N7D,Other 2nd Level Nurse in Community Mental Health,Professionally qualified clinical staff,Nurses & health visitors,Nurses - mental health,Other 2nd Level Nurse,Community Mental Health,True
N7E,Other 2nd Level Nurse in Other Mental Health,Professionally qualified clinical staff,Nurses & health visitors,Nurses - mental health,Other 2nd Level Nurse,Other Mental Health,True
N7F,Other 2nd Level Nurse in Community Learning Disabilities,Professionally qualified clinical staff,Nurses & health visitors,Nurses - learning disabilities / difficulties,Other 2nd Level Nurse,Community Learning Disabilities,True
N7G,Other 2nd Level Nurse in Other Learning Disabilities,Professionally qualified clinical staff,Nurses & health visitors,Nurses - learning disabilities / difficulties,Other 2nd Level Nurse,Other Learning Disabilities,True
N7H,Other 2nd Level Nurse in Community Services,Professionally qualified clinical staff,Nurses & health visitors,Nurses - community health,Other 2nd Level Nurse,Community Services,True
N7J,Other 2nd Level Nurse in Education Staff,Professionally qualified clinical staff,Nurses & health visitors,Nurses - adult,Other 2nd Level Nurse,Education Staff,False
N7K,Other 2nd Level Nurse in School Nursing,Professionally qualified clinical staff,Nurses & health visitors,Nurses - community health,Other 2nd Level Nurse,School Nursing,True
N7L,Other 2nd Level Nurse in Neonatal Nursing (including SCBUs),Professionally qualified clinical staff,Nurses & health visitors,Nurses - children's,Other 2nd Level Nurse,Neonatal Nursing (including SCBUs),True
N8A,Nursery Nurse in Adult and General,Support to clinical staff,"Support to doctors, nurses & midwives",Nursing support staff,Nursery Nurse,Adult and General,True
N8B,Nursery Nurse in Children and Young People,Support to clinical staff,"Support to doctors, nurses & midwives",Nursing support staff,Nursery Nurse,Children and Young People,True
N8C,Nursery Nurse in Maternity Services,Support to clinical staff,"Support to doctors, nurses & midwives",Nursing support staff,Nursery Nurse,Maternity Services,True
N8D,Nursery Nurse in Community Mental Health,Support to clinical staff,"Support to doctors, nurses & midwives",Nursing support staff,Nursery Nurse,Community Mental Health,True
N8E,Nursery Nurse in Other Mental Health,Support to clinical staff,"Support to doctors, nurses & midwives",Nursing support staff,Nursery Nurse,Other Mental Health,True
N8F,Nursery Nurse in Community Learning Disabilities,Support to clinical staff,"Support to doctors, nurses & midwives",Nursing support staff,Nursery Nurse,Community Learning Disabilities,True
N8G,Nursery Nurse in Other Learning Disabilities,Support to clinical staff,"Support to doctors, nurses & midwives",Nursing support staff,Nursery Nurse,Other Learning Disabilities,True
N8H,Nursery Nurse in Community Services,Support to clinical staff,"Support to doctors, nurses & midwives",Nursing support staff,Nursery Nurse,Community Services,True
N8K,Nursery Nurse in School Nursing,Support to clinical staff,"Support to doctors, nurses & midwives",Nursing support staff,Nursery Nurse,School Nursing,True
N8L,Nursery Nurse in Neonatal Nursing (including SCBUs),Support to clinical staff,"Support to doctors, nurses & midwives",Nursing support staff,Nursery Nurse,Neonatal Nursing (including SCBUs),True
N9A,Nursing Assistant/Auxiliary in Adult and General,Support to clinical staff,"Support to doctors, nurses & midwives",Nursing support staff,Nursing Assistant/Auxiliary,Adult and General,True
N9B,Nursing Assistant/Auxiliary in Children and Young People,Support to clinical staff,"Support to doctors, nurses & midwives",Nursing support staff,Nursing Assistant/Auxiliary,Children and Young People,True
N9C,Nursing Assistant/Auxiliary in Maternity Services,Support to clinical staff,"Support to doctors, nurses & midwives",Nursing support staff,Nursing Assistant/Auxiliary,Maternity Services,True
N9D,Nursing Assistant/Auxiliary in Community Mental Health,Support to clinical staff,"Support to doctors, nurses & midwives",Nursing support staff,Nursing Assistant/Auxiliary,Community Mental Health,True
N9E,Nursing Assistant/Auxiliary in Other Mental Health,Support to clinical staff,"Support to doctors, nurses & midwives",Nursing support staff,Nursing Assistant/Auxiliary,Other Mental Health,True
N9F,Nursing Assistant/Auxiliary in Community Learning Disabilities,Support to clinical staff,"Support to doctors, nurses & midwives",Nursing support staff,Nursing Assistant/Auxiliary,Community Learning Disabilities,True
N9G,Nursing Assistant/Auxiliary in Other Learning Disabilities,Support to clinical staff,"Support to doctors, nurses & midwives",Nursing support staff,Nursing Assistant/Auxiliary,Other Learning Disabilities,True
N9H,Nursing Assistant/Auxiliary in Community Services,Support to clinical staff,"Support to doctors, nurses & midwives",Nursing support staff,Nursing Assistant/Auxiliary,Community Services,True
N9J,Nursing Assistant/Auxiliary in Education Staff,Support to clinical staff,"Support to doctors, nurses & midwives",Nursing support staff,Nursing Assistant/Auxiliary,Education Staff,False
N9K,Nursing Assistant/Auxiliary in School Nursing,Support to clinical staff,"Support to doctors, nurses & midwives",Nursing support staff,Nursing Assistant/Auxiliary,School Nursing,True
N9L,Nursing Assistant/Auxiliary in Neonatal Nursing (including SCBUs),Support to clinical staff,"Support to doctors, nurses & midwives",Nursing support staff,Nursing Assistant/Auxiliary,Neonatal Nursing (including SCBUs),True
NAA,Nurse Consultant in Adult and General,Professionally qualified clinical staff,Nurses & health visitors,Nurses - adult,Nurse Consultant,Adult and General,True
NAB,Nurse Consultant in Children and Young People,Professionally qualified clinical staff,Nurses & health visitors,Nurses - children's,Nurse Consultant,Children and Young People,True
NAC,Nurse Consultant in Maternity Services,Professionally qualified clinical staff,Nurses & health visitors,Nurses - adult,Nurse Consultant,Maternity Services,True
NAD,Nurse Consultant in Community Mental Health,Professionally qualified clinical staff,Nurses & health visitors,Nurses - mental health,Nurse Consultant,Community Mental Health,True
NAE,Nurse Consultant in Other Mental Health,Professionally qualified clinical staff,Nurses & health visitors,Nurses - mental health,Nurse Consultant,Other Mental Health,True
NAF,Nurse Consultant in Community Learning Disabilities,Professionally qualified clinical staff,Nurses & health visitors,Nurses - learning disabilities / difficulties,Nurse Consultant,Community Learning Disabilities,True
NAG,Nurse Consultant in Other Learning Disabilities,Professionally qualified clinical staff,Nurses & health visitors,Nurses - learning disabilities / difficulties,Nurse Consultant,Other Learning Disabilities,True
NAH,Nurse Consultant in Community Services,Professionally qualified clinical staff,Nurses & health visitors,Nurses - community health,Nurse Consultant,Community Services,True
NAJ,Nurse Consultant in Education Staff,Professionally qualified clinical staff,Nurses & health visitors,Nurses - adult,Nurse Consultant,Education Staff,True
NAK,Nurse Consultant in School Nursing,Professionally qualified clinical staff,Nurses & health visitors,Nurses - community health,Nurse Consultant,School Nursing,True
NAL,Nurse Consultant in Neonatal Nursing (including SCBUs),Professionally qualified clinical staff,Nurses & health visitors,Nurses - children's,Nurse Consultant,Neonatal Nursing (including SCBUs),True
NBK,Qualified School Nurse in School Nursing,Professionally qualified clinical staff,Nurses & health visitors,Nurses - community health,Qualified School Nurse,School Nursing,True
NCA,Modern Matron in Adult and General,Professionally qualified clinical staff,Nurses & health visitors,Nurses - adult,Modern Matron,Adult and General,True
NCB,Modern Matron in Children and Young People,Professionally qualified clinical staff,Nurses & health visitors,Nurses - children's,Modern Matron,Children and Young People,True
NCC,Modern Matron in Maternity Services,Professionally qualified clinical staff,Nurses & health visitors,Nurses - adult,Modern Matron,Maternity Services,True
NCD,Modern Matron in Community Mental Health,Professionally qualified clinical staff,Nurses & health visitors,Nurses - mental health,Modern Matron,Community Mental Health,True
NCE,Modern Matron in Other Mental Health,Professionally qualified clinical staff,Nurses & health visitors,Nurses - mental health,Modern Matron,Other Mental Health,True
NCF,Modern Matron in Community Learning Disabilities,Professionally qualified clinical staff,Nurses & health visitors,Nurses - learning disabilities / difficulties,Modern Matron,Community Learning Disabilities,True
NCG,Modern Matron in Other Learning Disabilities,Professionally qualified clinical staff,Nurses & health visitors,Nurses - learning disabilities / difficulties,Modern Matron,Other Learning Disabilities,True
NCH,Modern Matron in Community Services,Professionally qualified clinical staff,Nurses & health visitors,Nurses - community health,Modern Matron,Community Services,True
NCJ,Modern Matron in Education Staff,Professionally qualified clinical staff,Nurses & health visitors,Nurses - adult,Modern Matron,Education Staff,True
NCK,Modern Matron in School Nursing,Professionally qualified clinical staff,Nurses & health visitors,Nurses - community health,Modern Matron,School Nursing,True
NCL,Modern Matron in Neonatal Nursing (including SCBUs),Professionally qualified clinical staff,Nurses & health visitors,Nurses - children's,Modern Matron,Neonatal Nursing (including SCBUs),True
NEH,Community Matron in Community Services,Professionally qualified clinical staff,Nurses & health visitors,Nurses - community health,Community Matron,Community Services,True
NFA,Nursing Assistant Practitioner in Adult and General,Support to clinical staff,"Support to doctors, nurses & midwives",Nursing support staff,Nursing Assistant Practitioner,Adult and General,True
NFB,Nursing Assistant Practitioner in Children and Young People,Support to clinical staff,"Support to doctors, nurses & midwives",Nursing support staff,Nursing Assistant Practitioner,Children and Young People,True
NFC,Nursing Assistant Practitioner in Maternity Services,Support to clinical staff,"Support to doctors, nurses & midwives",Nursing support staff,Nursing Assistant Practitioner,Maternity Services,True
NFD,Nursing Assistant Practitioner in Community Mental Health,Support to clinical staff,"Support to doctors, nurses & midwives",Nursing support staff,Nursing Assistant Practitioner,Community Mental Health,True
NFE,Nursing Assistant Practitioner in Other Mental Health,Support to clinical staff,"Support to doctors, nurses & midwives",Nursing support staff,Nursing Assistant Practitioner,Other Mental Health,True
NFF,Nursing Assistant Practitioner in Community Learning Disabilities,Support to clinical staff,"Support to doctors, nurses & midwives",Nursing support staff,Nursing Assistant Practitioner,Community Learning Disabilities,True
NFG,Nursing Assistant Practitioner in Other Learning Disabilities,Support to clinical staff,"Support to doctors, nurses & midwives",Nursing support staff,Nursing Assistant Practitioner,Other Learning Disabilities,True
NFH,Nursing Assistant Practitioner in Community Services,Support to clinical staff,"Support to doctors, nurses & midwives",Nursing support staff,Nursing Assistant Practitioner,Community Services,True
NFJ,Nursing Assistant Practitioner in Education Staff,Support to clinical staff,"Support to doctors, nurses & midwives",Nursing support staff,Nursing Assistant Practitioner,Education Staff,True
NFK,Nursing Assistant Practitioner in School Nursing,Support to clinical staff,"Support to doctors, nurses & midwives",Nursing support staff,Nursing Assistant Practitioner,School Nursing,True
NFL,Nursing Assistant Practitioner in Neonatal Nursing (including SCBUs),Support to clinical staff,"Support to doctors, nurses & midwives",Nursing support staff,Nursing Assistant Practitioner,Neonatal Nursing (including SCBUs),True
NGA,Nursing Associate in Adult and General,Support to clinical staff,"Support to doctors, nurses & midwives",Nursing support staff,Nursing Associate,Adult and General,True
NGB,Nursing Associate in Children and Young People,Support to clinical staff,"Support to doctors, nurses & midwives",Nursing support staff,Nursing Associate,Children and Young People,True
NGC,Nursing Associate in Maternity Services,Support to clinical staff,"Support to doctors, nurses & midwives",Nursing support staff,Nursing Associate,Maternity Services,True
NGD,Nursing Associate in Community Mental Health,Support to clinical staff,"Support to doctors, nurses & midwives",Nursing support staff,Nursing Associate,Community Mental Health,True
NGE,Nursing Associate in Other Mental Health,Support to clinical staff,"Support to doctors, nurses & midwives",Nursing support staff,Nursing Associate,Other Mental Health,True
NGF,Nursing Associate in Community Learning Disabilities,Support to clinical staff,"Support to doctors, nurses & midwives",Nursing support staff,Nursing Associate,Community Learning Disabilities,True
NGG,Nursing Associate in Other Learning Disabilities,Support to clinical staff,"Support to doctors, nurses & midwives",Nursing support staff,Nursing Associate,Other Learning Disabilities,True
NGH,Nursing Associate in Community Services,Support to clinical staff,"Support to doctors, nurses & midwives",Nursing support staff,Nursing Associate,Community Services,True
NHA,Student Nursing Associate in Adult and General,Support to clinical staff,"Support to doctors, nurses & midwives",Nursing support staff,Student Nursing Associate,Adult and General,True
NHB,Student Nursing Associate in Children and Young People,Support to clinical staff,"Support to doctors, nurses & midwives",Nursing support staff,Student Nursing Associate,Children and Young People,True
NHC,Student Nursing Associate in Maternity Services,Support to clinical staff,"Support to doctors, nurses & midwives",Nursing support staff,Student Nursing Associate,Maternity Services,True
NHD,Student Nursing Associate in Community Mental Health,Support to clinical staff,"Support to doctors, nurses & midwives",Nursing support staff,Student Nursing Associate,Community Mental Health,True
NHE,Student Nursing Associate in Other Mental Health,Support to clinical staff,"Support to doctors, nurses & midwives",Nursing support staff,Student Nursing Associate,Other Mental Health,True
NHF,Student Nursing Associate in Community Learning Disabilities,Support to clinical staff,"Support to doctors, nurses & midwives",Nursing support staff,Student Nursing Associate,Community Learning Disabilities,True
NHG,Student Nursing Associate in Other Learning Disabilities,Support to clinical staff,"Support to doctors, nurses & midwives",Nursing support staff,Student Nursing Associate,Other Learning Disabilities,True
NHH,Student Nursing Associate in Community Services,Support to clinical staff,"Support to doctors, nurses & midwives",Nursing support staff,Student Nursing Associate,Community Services,True
P1A,Pre-Registration Nurse Learner in Midwifery,Support to clinical staff,"Support to doctors, nurses & midwives","Nursing, health visiting & midwifery learners",Pre-Registration Nurse Learner,Maternity Services,True
P1D,Pre-Registration Nurse Learner in Diploma Nurse Training,Support to clinical staff,"Support to doctors, nurses & midwives","Nursing, health visiting & midwifery learners",Pre-Registration Nurse Learner,Other Learners,True
P1E,Pre-Registration Nurse Learner in Other Learners,Support to clinical staff,"Support to doctors, nurses & midwives","Nursing, health visiting & midwifery learners",Pre-Registration Nurse Learner,Other Learners,True
P2A,Post 1st Level Registration Nurse in Midwifery,Professionally qualified clinical staff,Nurses & health visitors,Nurses - other training,Post 1st Level Registration Nurse Learner,Maternity Services,True
P2B,Post 1st Level Registration Nurse in Health Visiting,Professionally qualified clinical staff,Nurses & health visitors,Nurses - community health,Post 1st Level Registration Nurse Learner,Community Services,True
P2C,Post 1st Level Registration Nurse in District Nursing,Professionally qualified clinical staff,Nurses & health visitors,Nurses - community health,Post 1st Level Registration Nurse Learner,Community Services,True
P2D,Post 1st Level Registration Nurse in Diploma Nurse Training,Professionally qualified clinical staff,Nurses & health visitors,Nurses - other training,Post 1st Level Registration Nurse Learner,Other Learners,True
P2E,Post 1st Level Registration Nurse in Other Learners,Professionally qualified clinical staff,Nurses & health visitors,Nurses - other training,Post 1st Level Registration Nurse Learner,Other Learners,True
P3A,Post 2nd Level Registration Nurse in Midwifery,Professionally qualified clinical staff,Nurses & health visitors,Nurses - other training,Post 2nd Level Registration Nurse Learner,Maternity Services,True
P3C,Post 2nd Level Registration Nurse in District Nursing,Professionally qualified clinical staff,Nurses & health visitors,Nurses - community health,Post 2nd Level Registration Nurse Learner,Community Services,True
P3D,Post 2nd Level Registration Nurse in Diploma Nurse Training,Professionally qualified clinical staff,Nurses & health visitors,Nurses - other training,Post 2nd Level Registration Nurse Learner,Other Learners,True
P3E,Post 2nd Level Registration Nurse in Other Learners,Professionally qualified clinical staff,Nurses & health visitors,Nurses - other training,Post 2nd Level Registration Nurse Learner,Other Learners,True
S0A,AHP Manager in Chiropody/Podiatry,Professionally qualified clinical staff,"Scientific, therapeutic & technical staff",Allied health professionals,AHP Manager,Chiropody/Podiatry,True
S0B,AHP Manager in Dietetics,Professionally qualified clinical staff,"Scientific, therapeutic & technical staff",Allied health professionals,AHP Manager,Dietetics,True
S0C,AHP Manager in Occupational Therapy,Professionally qualified clinical staff,"Scientific, therapeutic & technical staff",Allied health professionals,AHP Manager,Occupational Therapy,True
S0D,AHP Manager in Orthoptics,Professionally qualified clinical staff,"Scientific, therapeutic & technical staff",Allied health professionals,AHP Manager,Orthoptics,True
S0E,AHP Manager in Physiotherapy,Professionally qualified clinical staff,"Scientific, therapeutic & technical staff",Allied health professionals,AHP Manager,Physiotherapy,True
S0F,AHP Manager in Radiography (diagnostic),Professionally qualified clinical staff,"Scientific, therapeutic & technical staff",Allied health professionals,AHP Manager,Radiography (diagnostic),True
S0G,AHP Manager in Radiography (therapeutic),Professionally qualified clinical staff,"Scientific, therapeutic & technical staff",Allied health professionals,AHP Manager,Radiography (therapeutic),True
S0H,AHP Manager in Art/Music/Dramatherapy,Professionally qualified clinical staff,"Scientific, therapeutic & technical staff",Allied health professionals,AHP Manager,Art/Music/Dramatherapy,True
S0I,AHP Manager in Prosthetics and Orthotics,Professionally qualified clinical staff,"Scientific, therapeutic & technical staff",Allied health professionals,AHP Manager,Prosthetics and Orthotics,True
S0J,AHP Manager in Speech & Language Therapy,Professionally qualified clinical staff,"Scientific, therapeutic & technical staff",Allied health professionals,AHP Manager,Speech & Language Therapy,True
S0K,Other ST&T Manager in Multi-therapies,Professionally qualified clinical staff,"Scientific, therapeutic & technical staff","Other scientific, therapeutic & technical staff",Other ST&T Manager,Multi-therapies,True
S0L,Other ST&T Manager in Applied Psychology,Professionally qualified clinical staff,"Scientific, therapeutic & technical staff","Other scientific, therapeutic & technical staff",Other ST&T Manager,Applied Psychology,True
S0M,Other ST&T Manager in Psychological Therapy,Professionally qualified clinical staff,"Scientific, therapeutic & technical staff","Other scientific, therapeutic & technical staff",Other ST&T Manager,Psychological Therapy,True
S0N,Other ST&T Manager in Medical Physics,Professionally qualified clinical staff,"Scientific, therapeutic & technical staff","Other scientific, therapeutic & technical staff",Other ST&T Manager,Medical Physics,False
S0P,Other ST&T Manager in Pharmacy,Professionally qualified clinical staff,"Scientific, therapeutic & technical staff","Other scientific, therapeutic & technical staff",Other ST&T Manager,Pharmacy,True
S0Q,Other ST&T Manager in Pathology,Professionally qualified clinical staff,"Scientific, therapeutic & technical staff","Other scientific, therapeutic & technical staff",Other ST&T Manager,Pathology,False
S0R,Other ST&T Manager in Dental,Professionally qualified clinical staff,"Scientific, therapeutic & technical staff","Other scientific, therapeutic & technical staff",Other ST&T Manager,Dental,True
S0S,Other ST&T Manager in Physiological Measurement,Professionally qualified clinical staff,"Scientific, therapeutic & technical staff","Other scientific, therapeutic & technical staff",Other ST&T Manager,Physiological Measurement,False
S0T,AHP Manager in Operating Theatres,Professionally qualified clinical staff,"Scientific, therapeutic & technical staff",Allied health professionals,AHP Manager,Operating Theatres,True
S0U,Other ST&T Manager in Social Services,Professionally qualified clinical staff,"Scientific, therapeutic & technical staff","Other scientific, therapeutic & technical staff",Other ST&T Manager,Social Services,True
S0V,AHP Manager in Osteopathy,Professionally qualified clinical staff,"Scientific, therapeutic & technical staff",Allied health professionals,AHP Manager,Osteopathy,True
S0W,Other ST&T Manager in Optometry,Professionally qualified clinical staff,"Scientific, therapeutic & technical staff","Other scientific, therapeutic & technical staff",Other ST&T Manager,Optometry,True
S0X,Other ST&T Manager in Other ST&T Staff,Professionally qualified clinical staff,"Scientific, therapeutic & technical staff","Other scientific, therapeutic & technical staff",Other ST&T Manager,Other ST&T Staff,True
S1A,Therapist in Chiropody/Podiatry,Professionally qualified clinical staff,"Scientific, therapeutic & technical staff",Allied health professionals,Therapist,Chiropody/Podiatry,True
S1B,Therapist in Dietetics,Professionally qualified clinical staff,"Scientific, therapeutic & technical staff",Allied health professionals,Therapist,Dietetics,True
S1C,Therapist in Occupational Therapy,Professionally qualified clinical staff,"Scientific, therapeutic & technical staff",Allied health professionals,Therapist,Occupational Therapy,True
S1D,Therapist in Orthoptics,Professionally qualified clinical staff,"Scientific, therapeutic & technical staff",Allied health professionals,Therapist,Orthoptics,True
S1E,Therapist in Physiotherapy,Professionally qualified clinical staff,"Scientific, therapeutic & technical staff",Allied health professionals,Therapist,Physiotherapy,True
S1F,Therapist in Radiography (diagnostic),Professionally qualified clinical staff,"Scientific, therapeutic & technical staff",Allied health professionals,Therapist,Radiography (diagnostic),True
S1G,Therapist in Radiography (therapeutic),Professionally qualified clinical staff,"Scientific, therapeutic & technical staff",Allied health professionals,Therapist,Radiography (therapeutic),True
S1H,Therapist in Art/Music/Dramatherapy,Professionally qualified clinical staff,"Scientific, therapeutic & technical staff",Allied health professionals,Therapist,Art/Music/Dramatherapy,True
S1I,Therapist in Prosthetics and Orthotics,Professionally qualified clinical staff,"Scientific, therapeutic & technical staff",Allied health professionals,Therapist,Prosthetics and Orthotics,True
S1J,Therapist in Speech & Language Therapy,Professionally qualified clinical staff,"Scientific, therapeutic & technical staff",Allied health professionals,Therapist,Speech & Language Therapy,True
S1K,Therapist in Multi-therapies,Professionally qualified clinical staff,"Scientific, therapeutic & technical staff","Other scientific, therapeutic & technical staff",Therapist,Multi-therapies,True
S1L,Therapist in Applied Psychology,Professionally qualified clinical staff,"Scientific, therapeutic & technical staff","Other scientific, therapeutic & technical staff",Therapist,Applied Psychology,True
S1M,Therapist in Psychological Therapy,Professionally qualified clinical staff,"Scientific, therapeutic & technical staff","Other scientific, therapeutic & technical staff",Therapist,Psychological Therapy,True
S1R,Therapist in Dental,Professionally qualified clinical staff,"Scientific, therapeutic & technical staff","Other scientific, therapeutic & technical staff",Therapist,Dental,True
S1T,Therapist in Operating Theatres,Professionally qualified clinical staff,"Scientific, therapeutic & technical staff",Allied health professionals,Therapist,Operating Theatres,True
S1U,Therapist in Social Services,Professionally qualified clinical staff,"Scientific, therapeutic & technical staff","Other scientific, therapeutic & technical staff",Therapist,Social Services,True
S1V,Therapist in Osteopathy,Professionally qualified clinical staff,"Scientific, therapeutic & technical staff",Allied health professionals,Therapist,Osteopathy,True
S1X,Therapist in Other ST&T Staff,Professionally qualified clinical staff,"Scientific, therapeutic & technical staff","Other scientific, therapeutic & technical staff",Therapist,Other ST&T Staff,True
S2D,Scientist in Orthoptics,Professionally qualified clinical staff,"Scientific, therapeutic & technical staff",Allied health professionals,Scientist,Orthoptics,False
S2L,Scientist in Applied Psychology,Professionally qualified clinical staff,"Scientific, therapeutic & technical staff","Other scientific, therapeutic & technical staff",Scientist,Applied Psychology,True
S2M,Scientist in Psychological Therapy,Professionally qualified clinical staff,"Scientific, therapeutic & technical staff","Other scientific, therapeutic & technical staff",Scientist,Psychological Therapy,True
S2N,Scientist in Medical Physics,Professionally qualified clinical staff,"Scientific, therapeutic & technical staff","Other scientific, therapeutic & technical staff",Scientist,Medical Physics,False
S2P,Scientist in Pharmacy,Professionally qualified clinical staff,"Scientific, therapeutic & technical staff","Other scientific, therapeutic & technical staff",Scientist,Pharmacy,True
S2Q,Scientist in Pathology,Professionally qualified clinical staff,"Scientific, therapeutic & technical staff","Other scientific, therapeutic & technical staff",Scientist,Pathology,False
S2S,Scientist in Physiological Measurement,Professionally qualified clinical staff,"Scientific, therapeutic & technical staff","Other scientific, therapeutic & technical staff",Scientist,Physiological Measurement,False
S2W,Scientist in Optometry,Professionally qualified clinical staff,"Scientific, therapeutic & technical staff","Other scientific, therapeutic & technical staff",Scientist,Optometry,True
S2X,Scientist in Other ST&T Staff,Professionally qualified clinical staff,"Scientific, therapeutic & technical staff","Other scientific, therapeutic & technical staff",Scientist,Other ST&T Staff,True
S3L,Scientific Officer in Applied Psychology,Professionally qualified clinical staff,"Scientific, therapeutic & technical staff","Other scientific, therapeutic & technical staff",Scientific Officer,Applied Psychology,False
S3P,Scientific Officer in Pharmacy,Professionally qualified clinical staff,"Scientific, therapeutic & technical staff","Other scientific, therapeutic & technical staff",Scientific Officer,Pharmacy,True
S3Q,Scientific Officer in Pathology,Professionally qualified clinical staff,"Scientific, therapeutic & technical staff","Other scientific, therapeutic & technical staff",Scientific Officer,Pathology,False
S3X,Scientific Officer in Other ST&T Staff,Professionally qualified clinical staff,"Scientific, therapeutic & technical staff","Other scientific, therapeutic & technical staff",Scientific Officer,Other ST&T Staff,True
S4A,Technician in Chiropody/Podiatry,Professionally qualified clinical staff,"Scientific, therapeutic & technical staff",Allied health professionals,Technician,Chiropody/Podiatry,True
S4C,Technician in Occupational Therapy,Professionally qualified clinical staff,"Scientific, therapeutic & technical staff",Allied health professionals,Technician,Occupational Therapy,True
S4D,Technician in Orthoptics,Professionally qualified clinical staff,"Scientific, therapeutic & technical staff",Allied health professionals,Technician,Orthoptics,True
S4F,Technician in Radiography (diagnostic),Professionally qualified clinical staff,"Scientific, therapeutic & technical staff",Allied health professionals,Technician,Radiography (diagnostic),False
S4I,Technician in Prosthetics and Orthotics,Professionally qualified clinical staff,"Scientific, therapeutic & technical staff",Allied health professionals,Technician,Prosthetics and Orthotics,True
S4L,Technician in Applied Psychology,Professionally qualified clinical staff,"Scientific, therapeutic & technical staff","Other scientific, therapeutic & technical staff",Technician,Applied Psychology,False
S4N,Technician in Medical Physics,Professionally qualified clinical staff,"Scientific, therapeutic & technical staff","Other scientific, therapeutic & technical staff",Technician,Medical Physics,False
S4P,Technician in Pharmacy,Professionally qualified clinical staff,"Scientific, therapeutic & technical staff","Other scientific, therapeutic & technical staff",Technician,Pharmacy,True
S4Q,Technician in Pathology,Professionally qualified clinical staff,"Scientific, therapeutic & technical staff","Other scientific, therapeutic & technical staff",Technician,Pathology,False
S4R,Technician in Dental,Professionally qualified clinical staff,"Scientific, therapeutic & technical staff","Other scientific, therapeutic & technical staff",Technician,Dental,True
S4S,Technician in Physiological Measurement,Professionally qualified clinical staff,"Scientific, therapeutic & technical staff","Other scientific, therapeutic & technical staff",Technician,Physiological Measurement,False
S4T,Technician in Operating Theatres,Professionally qualified clinical staff,"Scientific, therapeutic & technical staff",Allied health professionals,Technician,Operating Theatres,True
S4W,Technician in Optometry,Professionally qualified clinical staff,"Scientific, therapeutic & technical staff","Other scientific, therapeutic & technical staff",Technician,Optometry,True
S4X,Technician in Other ST&T Staff,Professionally qualified clinical staff,"Scientific, therapeutic & technical staff","Other scientific, therapeutic & technical staff",Technician,Other ST&T Staff,True
S5A,Assistant Practitioner in Chiropody/Podiatry,Support to clinical staff,Support to ST&T staff,Support to AHPs,Assistant Practitioner,Chiropody/Podiatry,True
S5B,Assistant Practitioner in Dietetics,Support to clinical staff,Support to ST&T staff,Support to AHPs,Assistant Practitioner,Dietetics,True
S5C,Assistant Practitioner in Occupational Therapy,Support to clinical staff,Support to ST&T staff,Support to AHPs,Assistant Practitioner,Occupational Therapy,True
S5D,Assistant Practitioner in Orthoptics,Support to clinical staff,Support to ST&T staff,Support to AHPs,Assistant Practitioner,Orthoptics,True
S5E,Assistant Practitioner in Physiotherapy,Support to clinical staff,Support to ST&T staff,Support to AHPs,Assistant Practitioner,Physiotherapy,True
S5F,Assistant Practitioner in Radiography (diagnostic),Support to clinical staff,Support to ST&T staff,Support to AHPs,Assistant Practitioner,Radiography (diagnostic),True
S5G,Assistant Practitioner in Radiography (therapeutic),Support to clinical staff,Support to ST&T staff,Support to AHPs,Assistant Practitioner,Radiography (therapeutic),True
S5H,Assistant Practitioner in Art/Music/Dramatherapy,Support to clinical staff,Support to ST&T staff,Support to AHPs,Assistant Practitioner,Art/Music/Dramatherapy,True
S5I,Assistant Practitioner in Prosthetics and Orthotics,Support to clinical staff,Support to ST&T staff,Support to AHPs,Assistant Practitioner,Prosthetics and Orthotics,True
S5J,Assistant Practitioner in Speech & Language Therapy,Support to clinical staff,Support to ST&T staff,Support to AHPs,Assistant Practitioner,Speech & Language Therapy,True
S5K,Assistant Practitioner in Multi-therapies,Support to clinical staff,Support to ST&T staff,Support to other ST&T staff,Assistant Practitioner,Multi-therapies,True
S5L,Assistant Practitioner in Applied Psychology,Support to clinical staff,Support to ST&T staff,Support to other ST&T staff,Assistant Practitioner,Applied Psychology,True
S5M,Assistant Practitioner in Psychological Therapy,Support to clinical staff,Support to ST&T staff,Support to other ST&T staff,Assistant Practitioner,Psychological Therapy,True
S5P,Assistant Practitioner in Pharmacy,Support to clinical staff,Support to ST&T staff,Support to other ST&T staff,Assistant Practitioner,Pharmacy,False
S5R,Assistant Practitioner in Dental,Support to clinical staff,Support to ST&T staff,Support to other ST&T staff,Assistant Practitioner,Dental,True
S5T,Assistant Practitioner in Operating Theatres,Support to clinical staff,Support to ST&T staff,Support to AHPs,Assistant Practitioner,Operating Theatres,True
S5U,Assistant Practitioner in Social Services,Support to clinical staff,Support to ST&T staff,Support to other ST&T staff,Assistant Practitioner,Social Services,True
S5V,Assistant Practitioner in Osteopathy,Support to clinical staff,Support to ST&T staff,Support to AHPs,Assistant Practitioner,Osteopathy,True
S5W,Assistant Practitioner in Optometry,Support to clinical staff,Support to ST&T staff,Support to other ST&T staff,Assistant Practitioner,Optometry,True
S5X,Assistant Practitioner in Other ST&T Staff,Support to clinical staff,Support to ST&T staff,Support to other ST&T staff,Assistant Practitioner,Other ST&T Staff,True
S6C,Instructor/Teacher in Occupational Therapy,Professionally qualified clinical staff,"Scientific, therapeutic & technical staff",Allied health professionals,Instructor/Teacher,Occupational Therapy,True
S6E,Instructor/Teacher in Physiotherapy,Professionally qualified clinical staff,"Scientific, therapeutic & technical staff",Allied health professionals,Instructor/Teacher,Physiotherapy,True
S6H,Instructor/Teacher in Art/Music/Dramatherapy,Professionally qualified clinical staff,"Scientific, therapeutic & technical staff",Allied health professionals,Instructor/Teacher,Art/Music/Dramatherapy,True
S6J,Instructor/Teacher in Speech & Language Therapy,Professionally qualified clinical staff,"Scientific, therapeutic & technical staff",Allied health professionals,Instructor/Teacher,Speech & Language Therapy,True
S6K,Instructor/Teacher in Multi-therapies,Professionally qualified clinical staff,"Scientific, therapeutic & technical staff","Other scientific, therapeutic & technical staff",Instructor/Teacher,Multi-therapies,True
S6U,Instructor/Teacher in Social Services,Professionally qualified clinical staff,"Scientific, therapeutic & technical staff","Other scientific, therapeutic & technical staff",Instructor/Teacher,Social Services,True
S6X,Instructor/Teacher in Other ST&T Staff,Professionally qualified clinical staff,"Scientific, therapeutic & technical staff","Other scientific, therapeutic & technical staff",Instructor/Teacher,Other ST&T Staff,True
S7A,Tutor in Chiropody/Podiatry,Professionally qualified clinical staff,"Scientific, therapeutic & technical staff",Allied health professionals,Tutor,Chiropody/Podiatry,True
S7C,Tutor in Occupational Therapy,Professionally qualified clinical staff,"Scientific, therapeutic & technical staff",Allied health professionals,Tutor,Occupational Therapy,True
S7D,Tutor in Orthoptics,Professionally qualified clinical staff,"Scientific, therapeutic & technical staff",Allied health professionals,Tutor,Orthoptics,True
S7E,Tutor in Physiotherapy,Professionally qualified clinical staff,"Scientific, therapeutic & technical staff",Allied health professionals,Tutor,Physiotherapy,True
S7F,Tutor in Radiography (diagnostic),Professionally qualified clinical staff,"Scientific, therapeutic & technical staff",Allied health professionals,Tutor,Radiography (diagnostic),True
S7G,Tutor in Radiography (therapeutic),Professionally qualified clinical staff,"Scientific, therapeutic & technical staff",Allied health professionals,Tutor,Radiography (therapeutic),True
S7J,Tutor in Speech & Language Therapy,Professionally qualified clinical staff,"Scientific, therapeutic & technical staff",Allied health professionals,Tutor,Speech & Language Therapy,True
S7R,Tutor in Dental,Professionally qualified clinical staff,"Scientific, therapeutic & technical staff","Other scientific, therapeutic & technical staff",Tutor,Dental,True
S7U,Tutor in Social Services,Professionally qualified clinical staff,"Scientific, therapeutic & technical staff","Other scientific, therapeutic & technical staff",Tutor,Social Services,True
S7X,Tutor in Other ST&T Staff,Professionally qualified clinical staff,"Scientific, therapeutic & technical staff","Other scientific, therapeutic & technical staff",Tutor,Other ST&T Staff,True
S8A,Student/Trainee in Chiropody/Podiatry,Support to clinical staff,Support to ST&T staff,Support to AHPs,Student/Trainee,Chiropody/Podiatry,True
S8B,Student/Trainee in Dietetics,Support to clinical staff,Support to ST&T staff,Support to AHPs,Student/Trainee,Dietetics,True
S8C,Student/Trainee in Occupational Therapy,Support to clinical staff,Support to ST&T staff,Support to AHPs,Student/Trainee,Occupational Therapy,True
S8D,Student/Trainee in Orthoptics,Support to clinical staff,Support to ST&T staff,Support to AHPs,Student/Trainee,Orthoptics,True
S8E,Student/Trainee in Physiotherapy,Support to clinical staff,Support to ST&T staff,Support to AHPs,Student/Trainee,Physiotherapy,True
S8F,Student/Trainee in Radiography (diagnostic),Support to clinical staff,Support to ST&T staff,Support to AHPs,Student/Trainee,Radiography (diagnostic),True
S8G,Student/Trainee in Radiography (therapeutic),Support to clinical staff,Support to ST&T staff,Support to AHPs,Student/Trainee,Radiography (therapeutic),True
S8H,Student/Trainee in Art/Music/Dramatherapy,Support to clinical staff,Support to ST&T staff,Support to AHPs,Student/Trainee,Art/Music/Dramatherapy,True
S8I,Student/Trainee in Prosthetics and Orthotics,Support to clinical staff,Support to ST&T staff,Support to AHPs,Student/Trainee,Prosthetics and Orthotics,True
S8J,Student/Trainee in Speech & Language Therapy,Support to clinical staff,Support to ST&T staff,Support to AHPs,Student/Trainee,Speech & Language Therapy,True
S8L,Student/Trainee in Applied Psychology,Support to clinical staff,Support to ST&T staff,Support to other ST&T staff,Student/Trainee,Applied Psychology,True
S8M,Student/Trainee in Psychological Therapy,Support to clinical staff,Support to ST&T staff,Support to other ST&T staff,Student/Trainee,Psychological Therapy,True
S8N,Student/Trainee in Medical Physics,Support to clinical staff,Support to ST&T staff,Support to other ST&T staff,Student/Trainee,Medical Physics,False
S8P,Student/Trainee in Pharmacy,Support to clinical staff,Support to ST&T staff,Support to other ST&T staff,Student/Trainee,Pharmacy,True
S8Q,Student/Trainee in Pathology,Support to clinical staff,Support to ST&T staff,Support to other ST&T staff,Student/Trainee,Pathology,False
S8R,Student/Trainee in Dental,Support to clinical staff,Support to ST&T staff,Support to other ST&T staff,Student/Trainee,Dental,True
S8S,Student/Trainee in Physiological Measurement,Support to clinical staff,Support to ST&T staff,Support to other ST&T staff,Student/Trainee,Physiological Measurement,False
S8T,Student/Trainee in Operating Theatres,Support to clinical staff,Support to ST&T staff,Support to AHPs,Student/Trainee,Operating Theatres,True
S8U,Student/Trainee in Social Services,Support to clinical staff,Support to ST&T staff,Support to other ST&T staff,Student/Trainee,Social Services,True
S8V,Student/Trainee in Osteopathy,Support to clinical staff,Support to ST&T staff,Support to AHPs,Student/Trainee,Osteopathy,True
S8W,Student/Trainee in Optometry,Support to clinical staff,Support to ST&T staff,Support to other ST&T staff,Student/Trainee,Optometry,True
S8X,Student/Trainee in Other ST&T Staff,Support to clinical staff,Support to ST&T staff,Support to other ST&T staff,Student/Trainee,Other ST&T Staff,True
S9A,Assistant in Chiropody/Podiatry,Support to clinical staff,Support to ST&T staff,Support to AHPs,Assistant,Chiropody/Podiatry,True
S9B,Assistant in Dietetics,Support to clinical staff,Support to ST&T staff,Support to AHPs,Assistant,Dietetics,True
S9C,Assistant in Occupational Therapy,Support to clinical staff,Support to ST&T staff,Support to AHPs,Assistant,Occupational Therapy,True
S9D,Assistant in Orthoptics,Support to clinical staff,Support to ST&T staff,Support to AHPs,Assistant,Orthoptics,True
S9E,Assistant in Physiotherapy,Support to clinical staff,Support to ST&T staff,Support to AHPs,Assistant,Physiotherapy,True
S9F,Assistant in Radiography (diagnostic),Support to clinical staff,Support to ST&T staff,Support to AHPs,Assistant,Radiography (diagnostic),True
S9G,Assistant in Radiography (therapeutic),Support to clinical staff,Support to ST&T staff,Support to AHPs,Assistant,Radiography (therapeutic),True
S9H,Assistant in Art/Music/Dramatherapy,Support to clinical staff,Support to ST&T staff,Support to AHPs,Assistant,Art/Music/Dramatherapy,True
S9I,Assistant in Prosthetics and Orthotics,Support to clinical staff,Support to ST&T staff,Support to AHPs,Assistant,Prosthetics and Orthotics,True
S9J,Assistant in Speech & Language Therapy,Support to clinical staff,Support to ST&T staff,Support to AHPs,Assistant,Speech & Language Therapy,True
S9K,Assistant in Multi-therapies,Support to clinical staff,Support to ST&T staff,Support to other ST&T staff,Assistant,Multi-therapies,True
S9L,Assistant in Applied Psychology,Support to clinical staff,Support to ST&T staff,Support to other ST&T staff,Assistant,Applied Psychology,True
S9N,Helper/Assistant in Medical Physics,Support to clinical staff,Support to ST&T staff,Support to other ST&T staff,Helper/Assistant,Medical Physics,False
S9P,Assistant in Pharmacy,Support to clinical staff,Support to ST&T staff,Support to other ST&T staff,Assistant,Pharmacy,True
S9Q,Helper/Assistant in Pathology,Support to clinical staff,Support to ST&T staff,Support to other ST&T staff,Helper/Assistant,Pathology,False
S9R,Assistant in Dental,Support to clinical staff,Support to ST&T staff,Support to other ST&T staff,Assistant,Dental,True
S9S,Helper/Assistant in Physiological Measurement,Support to clinical staff,Support to ST&T staff,Support to other ST&T staff,Helper/Assistant,Physiological Measurement,False
S9T,Assistant in Operating Theatres,Support to clinical staff,Support to ST&T staff,Support to AHPs,Assistant,Operating Theatres,True
S9U,Assistant in Social Services,Support to clinical staff,Support to ST&T staff,Support to other ST&T staff,Assistant,Social Services,True
S9V,Assistant in Osteopathy,Support to clinical staff,Support to ST&T staff,Support to AHPs,Assistant,Osteopathy,True
S9W,Assistant in Optometry,Support to clinical staff,Support to ST&T staff,Support to other ST&T staff,Assistant,Optometry,True
S9X,Assistant in Other ST&T Staff,Support to clinical staff,Support to ST&T staff,Support to other ST&T staff,Assistant,Other ST&T Staff,True
SAA,Consultant Therapist/Scientist in Chiropody/Podiatry,Professionally qualified clinical staff,"Scientific, therapeutic & technical staff",Allied health professionals,Consultant Therapist/Scientist,Chiropody/Podiatry,True
SAB,Consultant Therapist/Scientist in Dietetics,Professionally qualified clinical staff,"Scientific, therapeutic & technical staff",Allied health professionals,Consultant Therapist/Scientist,Dietetics,True
SAC,Consultant Therapist/Scientist in Occupational Therapy,Professionally qualified clinical staff,"Scientific, therapeutic & technical staff",Allied health professionals,Consultant Therapist/Scientist,Occupational Therapy,True
SAD,Consultant Therapist/Scientist in Orthoptics,Professionally qualified clinical staff,"Scientific, therapeutic & technical staff",Allied health professionals,Consultant Therapist/Scientist,Orthoptics,True
SAE,Consultant Therapist/Scientist in Physiotherapy,Professionally qualified clinical staff,"Scientific, therapeutic & technical staff",Allied health professionals,Consultant Therapist/Scientist,Physiotherapy,True
SAF,Consultant Therapist/Scientist in Radiography (diagnostic),Professionally qualified clinical staff,"Scientific, therapeutic & technical staff",Allied health professionals,Consultant Therapist/Scientist,Radiography (diagnostic),True
SAG,Consultant Therapist/Scientist in Radiography (therapeutic),Professionally qualified clinical staff,"Scientific, therapeutic & technical staff",Allied health professionals,Consultant Therapist/Scientist,Radiography (therapeutic),True
SAH,Consultant Therapist/Scientist in Art/Music/Dramatherapy,Professionally qualified clinical staff,"Scientific, therapeutic & technical staff",Allied health professionals,Consultant Therapist/Scientist,Art/Music/Dramatherapy,True
SAI,Consultant Therapist/Scientist in Prosthetics and Orthotics,Professionally qualified clinical staff,"Scientific, therapeutic & technical staff",Allied health professionals,Consultant Therapist/Scientist,Prosthetics and Orthotics,True
SAJ,Consultant Therapist/Scientist in Speech & Language Therapy,Professionally qualified clinical staff,"Scientific, therapeutic & technical staff",Allied health professionals,Consultant Therapist/Scientist,Speech & Language Therapy,True
SAK,Consultant Therapist/Scientist in Multi-therapies,Professionally qualified clinical staff,"Scientific, therapeutic & technical staff","Other scientific, therapeutic & technical staff",Consultant Therapist/Scientist,Multi-therapies,True
SAL,Consultant Therapist/Scientist in Applied Psychology,Professionally qualified clinical staff,"Scientific, therapeutic & technical staff","Other scientific, therapeutic & technical staff",Consultant Therapist/Scientist,Applied Psychology,True
SAM,Consultant Therapist/Scientist in Psychological Therapy,Professionally qualified clinical staff,"Scientific, therapeutic & technical staff","Other scientific, therapeutic & technical staff",Consultant Therapist/Scientist,Psychological Therapy,True
SAN,Consultant Therapist/Scientist in Medical Physics,Professionally qualified clinical staff,"Scientific, therapeutic & technical staff","Other scientific, therapeutic & technical staff",Consultant Therapist/Scientist,Medical Physics,False
SAP,Consultant Therapist/Scientist in Pharmacy,Professionally qualified clinical staff,"Scientific, therapeutic & technical staff","Other scientific, therapeutic & technical staff",Consultant Therapist/Scientist,Pharmacy,True
SAQ,Consultant Therapist/Scientist in Pathology,Professionally qualified clinical staff,"Scientific, therapeutic & technical staff","Other scientific, therapeutic & technical staff",Consultant Therapist/Scientist,Pathology,False
SAR,Consultant Therapist/Scientist in Dental,Professionally qualified clinical staff,"Scientific, therapeutic & technical staff","Other scientific, therapeutic & technical staff",Consultant Therapist/Scientist,Dental,True
SAT,Consultant Therapist/Scientist in Operating Theatres,Professionally qualified clinical staff,"Scientific, therapeutic & technical staff","Other scientific, therapeutic & technical staff",Consultant Therapist/Scientist,Operating Theatres,False
SAU,Consultant Therapist/Scientist in Social Services,Professionally qualified clinical staff,"Scientific, therapeutic & technical staff","Other scientific, therapeutic & technical staff",Consultant Therapist/Scientist,Social Services,False
SAW,Consultant Therapist/Scientist in Optometry,Professionally qualified clinical staff,"Scientific, therapeutic & technical staff","Other scientific, therapeutic & technical staff",Consultant Therapist/Scientist,Optometry,True
SAX,Consultant Therapist/Scientist in Other ST&T Staff,Professionally qualified clinical staff,"Scientific, therapeutic & technical staff","Other scientific, therapeutic & technical staff",Consultant Therapist/Scientist,Other ST&T Staff,True
T0A,Healthcare Scientist Manager in Clinical Biochemistry,Professionally qualified clinical staff,"Scientific, therapeutic & technical staff",Healthcare scientists,Healthcare Scientist Manager,Clinical Biochemistry,False
T0B,Healthcare Scientist Manager in Cyto/Histopathology,Professionally qualified clinical staff,"Scientific, therapeutic & technical staff",Healthcare scientists,Healthcare Scientist Manager,Cyto/Histopathology,False
T0C,Healthcare Scientist Manager in Genetics (T0C),Professionally qualified clinical staff,"Scientific, therapeutic & technical staff",Healthcare scientists,Healthcare Scientist Manager,Genetics,False
T0D,Healthcare Scientist Manager in Haematology including Transfusion Science,Professionally qualified clinical staff,"Scientific, therapeutic & technical staff",Healthcare scientists,Healthcare Scientist Manager,Haematology including Transfusion Science,False
T0E,Healthcare Scientist Manager in Microbiology,Professionally qualified clinical staff,"Scientific, therapeutic & technical staff",Healthcare scientists,Healthcare Scientist Manager,Microbiology,False
T0F,Healthcare Scientist Manager in Other Life Sciences,Professionally qualified clinical staff,"Scientific, therapeutic & technical staff",Healthcare scientists,Healthcare Scientist Manager,Other Life Sciences,False
T0G,Healthcare Scientist Manager in Audiology,Professionally qualified clinical staff,"Scientific, therapeutic & technical staff",Healthcare scientists,Healthcare Scientist Manager,Audiology,False
T0H,Healthcare Scientist Manager in Cardiology,Professionally qualified clinical staff,"Scientific, therapeutic & technical staff",Healthcare scientists,Healthcare Scientist Manager,Cardiology,False
T0J,Healthcare Scientist Manager in Renal Dialysis,Professionally qualified clinical staff,"Scientific, therapeutic & technical staff",Healthcare scientists,Healthcare Scientist Manager,Renal Dialysis,False
T0K,Healthcare Scientist Manager in Respiratory Physiology,Professionally qualified clinical staff,"Scientific, therapeutic & technical staff",Healthcare scientists,Healthcare Scientist Manager,Respiratory Physiology,False
T0L,Healthcare Scientist Manager in Neuro-physiology,Professionally qualified clinical staff,"Scientific, therapeutic & technical staff",Healthcare scientists,Healthcare Scientist Manager,Neuro-physiology,False
T0M,Healthcare Scientist Manager in Other Physiological Sciences,Professionally qualified clinical staff,"Scientific, therapeutic & technical staff",Healthcare scientists,Healthcare Scientist Manager,Other Physiological Sciences,False
T0N,Healthcare Scientist Manager in Rehabilitation Engineering,Professionally qualified clinical staff,"Scientific, therapeutic & technical staff",Healthcare scientists,Healthcare Scientist Manager,Rehabilitation Engineering,False
T0P,Healthcare Scientist Manager in Nuclear Medicine & Diagnostic Radiology,Professionally qualified clinical staff,"Scientific, therapeutic & technical staff",Healthcare scientists,Healthcare Scientist Manager,Nuclear Medicine & Diagnostic Radiology,False
T0Q,Healthcare Scientist Manager in Radiotherapy Physics,Professionally qualified clinical staff,"Scientific, therapeutic & technical staff",Healthcare scientists,Healthcare Scientist Manager,Radiotherapy Physics,False
T0R,Healthcare Scientist Manager in Equipment Management & Development,Professionally qualified clinical staff,"Scientific, therapeutic & technical staff",Healthcare scientists,Healthcare Scientist Manager,Equipment Management & Development,False
T0S,Healthcare Scientist Manager in Maxillofacial Prosthetics,Professionally qualified clinical staff,"Scientific, therapeutic & technical staff",Healthcare scientists,Healthcare Scientist Manager,Maxillofacial Prosthetics,False
T0T,Healthcare Scientist Manager in Other Physical Sciences,Professionally qualified clinical staff,"Scientific, therapeutic & technical staff",Healthcare scientists,Healthcare Scientist Manager,Other Physical Sciences,False
T0U,Healthcare Scientist Manager in Other Healthcare Science Professions,Professionally qualified clinical staff,"Scientific, therapeutic & technical staff",Healthcare scientists,Healthcare Scientist Manager,Other Healthcare Science Professions,False
T1A,Clinical Scientist (Grade A & B) in Clinical Biochemistry,Professionally qualified clinical staff,"Scientific, therapeutic & technical staff",Healthcare scientists,Clinical Scientist (Grade A & B),Clinical Biochemistry,False
T1B,Clinical Scientist (Grade A & B) in Cyto/Histopathology,Professionally qualified clinical staff,"Scientific, therapeutic & technical staff",Healthcare scientists,Clinical Scientist (Grade A & B),Cyto/Histopathology,False
T1C,Clinical Scientist (Grade A & B) in Genetics,Professionally qualified clinical staff,"Scientific, therapeutic & technical staff",Healthcare scientists,Clinical Scientist (Grade A & B),Genetics,False
T1D,Clinical Scientist (Grade A & B) in Haematology including Transfusion Science,Professionally qualified clinical staff,"Scientific, therapeutic & technical staff",Healthcare scientists,Clinical Scientist (Grade A & B),Haematology including Transfusion Science,False
T1E,Clinical Scientist (Grade A & B) in Microbiology,Professionally qualified clinical staff,"Scientific, therapeutic & technical staff",Healthcare scientists,Clinical Scientist (Grade A & B),Microbiology,False
T1F,Clinical Scientist (Grade A & B) in Other Life Sciences,Professionally qualified clinical staff,"Scientific, therapeutic & technical staff",Healthcare scientists,Clinical Scientist (Grade A & B),Other Life Sciences,False
T1G,Clinical Scientist (Grade A & B) in Audiology,Professionally qualified clinical staff,"Scientific, therapeutic & technical staff",Healthcare scientists,Clinical Scientist (Grade A & B),Audiology,False
T1H,Clinical Scientist (Grade A & B) in Cardiology,Professionally qualified clinical staff,"Scientific, therapeutic & technical staff",Healthcare scientists,Clinical Scientist (Grade A & B),Cardiology,False
T1J,Clinical Scientist (Grade A & B) in Renal Dialysis,Professionally qualified clinical staff,"Scientific, therapeutic & technical staff",Healthcare scientists,Clinical Scientist (Grade A & B),Renal Dialysis,False
T1K,Clinical Scientist (Grade A & B) in Respiratory Physiology,Professionally qualified clinical staff,"Scientific, therapeutic & technical staff",Healthcare scientists,Clinical Scientist (Grade A & B),Respiratory Physiology,False
T1L,Clinical Scientist (Grade A & B) in Neuro-physiology,Professionally qualified clinical staff,"Scientific, therapeutic & technical staff",Healthcare scientists,Clinical Scientist (Grade A & B),Neuro-physiology,False
T1M,Clinical Scientist (Grade A & B) in Other Physiological Sciences,Professionally qualified clinical staff,"Scientific, therapeutic & technical staff",Healthcare scientists,Clinical Scientist (Grade A & B),Other Physiological Sciences,False
T1N,Clinical Scientist (Grade A & B) in Rehabilitation Engineering,Professionally qualified clinical staff,"Scientific, therapeutic & technical staff",Healthcare scientists,Clinical Scientist (Grade A & B),Rehabilitation Engineering,False
T1P,Clinical Scientist (Grade A & B) in Nuclear Medicine & Diagnostic Radiology,Professionally qualified clinical staff,"Scientific, therapeutic & technical staff",Healthcare scientists,Clinical Scientist (Grade A & B),Nuclear Medicine & Diagnostic Radiology,False
T1Q,Clinical Scientist (Grade A & B) in Radiotherapy Physics,Professionally qualified clinical staff,"Scientific, therapeutic & technical staff",Healthcare scientists,Clinical Scientist (Grade A & B),Radiotherapy Physics,False
T1R,Clinical Scientist (Grade A & B) in Equipment Management & Development,Professionally qualified clinical staff,"Scientific, therapeutic & technical staff",Healthcare scientists,Clinical Scientist (Grade A & B),Equipment Management & Development,False
T1S,Clinical Scientist (Grade A & B) in Maxillofacial Prosthetics,Professionally qualified clinical staff,"Scientific, therapeutic & technical staff",Healthcare scientists,Clinical Scientist (Grade A & B),Maxillofacial Prosthetics,False
T1T,Clinical Scientist (Grade A & B) in Other Physical Sciences,Professionally qualified clinical staff,"Scientific, therapeutic & technical staff",Healthcare scientists,Clinical Scientist (Grade A & B),Other Physical Sciences,False
T1U,Clinical Scientist (Grade A & B) in Other Healthcare Science Professions,Professionally qualified clinical staff,"Scientific, therapeutic & technical staff",Healthcare scientists,Clinical Scientist (Grade A & B),Other Healthcare Science Professions,False
T2A,Advanced Practitioner Biomedical Scientist in Clinical Biochemistry,Professionally qualified clinical staff,"Scientific, therapeutic & technical staff",Healthcare scientists,Advanced Practitioner Biomedical Scientist,Clinical Biochemistry,False
T2B,Advanced Practitioner Biomedical Scientist in Cyto/Histopathology,Professionally qualified clinical staff,"Scientific, therapeutic & technical staff",Healthcare scientists,Advanced Practitioner Biomedical Scientist,Cyto/Histopathology,False
T2C,Advanced Practitioner Biomedical Scientist in Genetics,Professionally qualified clinical staff,"Scientific, therapeutic & technical staff",Healthcare scientists,Advanced Practitioner Biomedical Scientist,Genetics,False
T2D,Advanced Practitioner Biomedical Scientist in Haematology including Transfusion Science,Professionally qualified clinical staff,"Scientific, therapeutic & technical staff",Healthcare scientists,Advanced Practitioner Biomedical Scientist,Haematology including Transfusion Science,False
T2E,Advanced Practitioner Biomedical Scientist in Microbiology,Professionally qualified clinical staff,"Scientific, therapeutic & technical staff",Healthcare scientists,Advanced Practitioner Biomedical Scientist,Microbiology,False
T2F,Advanced Practitioner Biomedical Scientist in Other Life Sciences,Professionally qualified clinical staff,"Scientific, therapeutic & technical staff",Healthcare scientists,Advanced Practitioner Biomedical Scientist,Other Life Sciences,False
T2U,Advanced Practitioner Biomedical Scientist in Other Healthcare Science Professions,Professionally qualified clinical staff,"Scientific, therapeutic & technical staff",Healthcare scientists,Advanced Practitioner Biomedical Scientist,Other Healthcare Science Professions,False
T3A,MLSO/Biomedical Scientist in Clinical Biochemistry,Professionally qualified clinical staff,"Scientific, therapeutic & technical staff",Healthcare scientists,MLSO/Biomedical Scientist,Clinical Biochemistry,False
T3B,MLSO/Biomedical Scientist in Cyto/Histopathology,Professionally qualified clinical staff,"Scientific, therapeutic & technical staff",Healthcare scientists,MLSO/Biomedical Scientist,Cyto/Histopathology,False
T3C,MLSO/Biomedical Scientist in Genetics,Professionally qualified clinical staff,"Scientific, therapeutic & technical staff",Healthcare scientists,MLSO/Biomedical Scientist,Genetics,False
T3D,MLSO/Biomedical Scientist in Haematology including Transfusion Science,Professionally qualified clinical staff,"Scientific, therapeutic & technical staff",Healthcare scientists,MLSO/Biomedical Scientist,Haematology including Transfusion Science,False
T3E,MLSO/Biomedical Scientist in Microbiology,Professionally qualified clinical staff,"Scientific, therapeutic & technical staff",Healthcare scientists,MLSO/Biomedical Scientist,Microbiology,False
T3F,MLSO/Biomedical Scientist in Other Life Sciences,Professionally qualified clinical staff,"Scientific, therapeutic & technical staff",Healthcare scientists,MLSO/Biomedical Scientist,Other Life Sciences,False
T3U,MLSO/Biomedical Scientist in Other Healthcare Science Professions,Professionally qualified clinical staff,"Scientific, therapeutic & technical staff",Healthcare scientists,MLSO/Biomedical Scientist,Other Healthcare Science Professions,False
T4A,MTO/Technician in Clinical Biochemistry,Professionally qualified clinical staff,"Scientific, therapeutic & technical staff",Healthcare scientists,MTO/Technician,Clinical Biochemistry,False
T4B,MTO/Technician in Cyto/Histopathology,Professionally qualified clinical staff,"Scientific, therapeutic & technical staff",Healthcare scientists,MTO/Technician,Cyto/Histopathology,False
T4C,MTO/Technician in Genetics,Professionally qualified clinical staff,"Scientific, therapeutic & technical staff",Healthcare scientists,MTO/Technician,Genetics,False
T4D,MTO/Technician in Haematology including Transfusion Science,Professionally qualified clinical staff,"Scientific, therapeutic & technical staff",Healthcare scientists,MTO/Technician,Haematology including Transfusion Science,False
T4E,MTO/Technician in Microbiology,Professionally qualified clinical staff,"Scientific, therapeutic & technical staff",Healthcare scientists,MTO/Technician,Microbiology,False
T4F,MTO/Technician in Other Life Sciences,Professionally qualified clinical staff,"Scientific, therapeutic & technical staff",Healthcare scientists,MTO/Technician,Other Life Sciences,False
T4G,MTO/Technician in Audiology,Professionally qualified clinical staff,"Scientific, therapeutic & technical staff",Healthcare scientists,MTO/Technician,Audiology,False
T4H,MTO/Technician in Cardiology,Professionally qualified clinical staff,"Scientific, therapeutic & technical staff",Healthcare scientists,MTO/Technician,Cardiology,False
T4J,MTO/Technician in Renal Dialysis,Professionally qualified clinical staff,"Scientific, therapeutic & technical staff",Healthcare scientists,MTO/Technician,Renal Dialysis,False
T4K,MTO/Technician in Respiratory Physiology,Professionally qualified clinical staff,"Scientific, therapeutic & technical staff",Healthcare scientists,MTO/Technician,Respiratory Physiology,False
T4L,MTO/Technician in Neuro-physiology,Professionally qualified clinical staff,"Scientific, therapeutic & technical staff",Healthcare scientists,MTO/Technician,Neuro-physiology,False
T4M,MTO/Technician in Other Physiological Sciences,Professionally qualified clinical staff,"Scientific, therapeutic & technical staff",Healthcare scientists,MTO/Technician,Other Physiological Sciences,False
T4N,MTO/Technician in Rehabilitation Engineering,Professionally qualified clinical staff,"Scientific, therapeutic & technical staff",Healthcare scientists,MTO/Technician,Rehabilitation Engineering,False
T4P,MTO/Technician in Nuclear Medicine & Diagnostic Radiology,Professionally qualified clinical staff,"Scientific, therapeutic & technical staff",Healthcare scientists,MTO/Technician,Nuclear Medicine & Diagnostic Radiology,False
T4Q,MTO/Technician in Radiotherapy Physics,Professionally qualified clinical staff,"Scientific, therapeutic & technical staff",Healthcare scientists,MTO/Technician,Radiotherapy Physics,False
T4R,MTO/Technician in Equipment Management & Development,Professionally qualified clinical staff,"Scientific, therapeutic & technical staff",Healthcare scientists,MTO/Technician,Equipment Management & Development,False
T4S,MTO/Technician in Maxillofacial Prosthetics,Professionally qualified clinical staff,"Scientific, therapeutic & technical staff",Healthcare scientists,MTO/Technician,Maxillofacial Prosthetics,False
T4T,MTO/Technician in Other Physical Sciences,Professionally qualified clinical staff,"Scientific, therapeutic & technical staff",Healthcare scientists,MTO/Technician,Other Physical Sciences,False
T4U,MTO/Technician in Other Healthcare Science Professions,Professionally qualified clinical staff,"Scientific, therapeutic & technical staff",Healthcare scientists,MTO/Technician,Other Healthcare Science Professions,False
T5B,Cyto-screener in Cyto/Histopathology,Professionally qualified clinical staff,"Scientific, therapeutic & technical staff",Healthcare scientists,Cyto-screener,Cyto/Histopathology,False
T5U,Cyto-screener in Other Healthcare Science Professions,Professionally qualified clinical staff,"Scientific, therapeutic & technical staff",Healthcare scientists,Cyto-screener,Other Healthcare Science Professions,False
T6H,Perfusionist in Cardiology,Professionally qualified clinical staff,"Scientific, therapeutic & technical staff",Healthcare scientists,Perfusionist,Cardiology,False
T6U,Perfusionist in Other Healthcare Science Professions,Professionally qualified clinical staff,"Scientific, therapeutic & technical staff",Healthcare scientists,Perfusionist,Other Healthcare Science Professions,False
T7A,MLA/ATO/Assistant in Clinical Biochemistry,Support to clinical staff,Support to ST&T staff,Support to healthcare scientists,MLA/ATO/Assistant,Clinical Biochemistry,False
T7B,MLA/ATO/Assistant in Cyto/Histopathology,Support to clinical staff,Support to ST&T staff,Support to healthcare scientists,MLA/ATO/Assistant,Cyto/Histopathology,False
T7C,MLA/ATO/Assistant in Genetics,Support to clinical staff,Support to ST&T staff,Support to healthcare scientists,MLA/ATO/Assistant,Genetics,False
T7D,MLA/ATO/Assistant in Haematology including Transfusion Science,Support to clinical staff,Support to ST&T staff,Support to healthcare scientists,MLA/ATO/Assistant,Haematology including Transfusion Science,False
T7E,MLA/ATO/Assistant in Microbiology,Support to clinical staff,Support to ST&T staff,Support to healthcare scientists,MLA/ATO/Assistant,Microbiology,False
T7F,MLA/ATO/Assistant in Other Life Sciences,Support to clinical staff,Support to ST&T staff,Support to healthcare scientists,MLA/ATO/Assistant,Other Life Sciences,False
T7G,MLA/ATO/Assistant in Audiology,Support to clinical staff,Support to ST&T staff,Support to healthcare scientists,MLA/ATO/Assistant,Audiology,False
T7H,MLA/ATO/Assistant in Cardiology,Support to clinical staff,Support to ST&T staff,Support to healthcare scientists,MLA/ATO/Assistant,Cardiology,False
T7J,MLA/ATO/Assistant in Renal Dialysis,Support to clinical staff,Support to ST&T staff,Support to healthcare scientists,MLA/ATO/Assistant,Renal Dialysis,False
T7K,MLA/ATO/Assistant in Respiratory Physiology,Support to clinical staff,Support to ST&T staff,Support to healthcare scientists,MLA/ATO/Assistant,Respiratory Physiology,False
T7L,MLA/ATO/Assistant in Neuro-physiology,Support to clinical staff,Support to ST&T staff,Support to healthcare scientists,MLA/ATO/Assistant,Neuro-physiology,False
T7M,MLA/ATO/Assistant in Other Physiological Sciences,Support to clinical staff,Support to ST&T staff,Support to healthcare scientists,MLA/ATO/Assistant,Other Physiological Sciences,False
T7N,MLA/ATO/Assistant in Rehabilitation Engineering,Support to clinical staff,Support to ST&T staff,Support to healthcare scientists,MLA/ATO/Assistant,Rehabilitation Engineering,False
T7P,MLA/ATO/Assistant in Nuclear Medicine & Diagnostic Radiology,Support to clinical staff,Support to ST&T staff,Support to healthcare scientists,MLA/ATO/Assistant,Nuclear Medicine & Diagnostic Radiology,False
T7Q,MLA/ATO/Assistant in Radiotherapy Physics,Support to clinical staff,Support to ST&T staff,Support to healthcare scientists,MLA/ATO/Assistant,Radiotherapy Physics,False
T7R,MLA/ATO/Assistant in Equipment Management & Development,Support to clinical staff,Support to ST&T staff,Support to healthcare scientists,MLA/ATO/Assistant,Equipment Management & Development,False
T7S,MLA/ATO/Assistant in Maxillofacial Prosthetics,Support to clinical staff,Support to ST&T staff,Support to healthcare scientists,MLA/ATO/Assistant,Maxillofacial Prosthetics,False
T7T,MLA/ATO/Assistant in Other Physical Sciences,Support to clinical staff,Support to ST&T staff,Support to healthcare scientists,MLA/ATO/Assistant,Other Physical Sciences,False
T7U,MLA/ATO/Assistant in Other Healthcare Science Professions,Support to clinical staff,Support to ST&T staff,Support to healthcare scientists,MLA/ATO/Assistant,Other Healthcare Science Professions,False
T8A,Student/Trainee in Clinical Biochemistry,Support to clinical staff,Support to ST&T staff,Support to healthcare scientists,Student/Trainee,Clinical Biochemistry,False
T8B,Student/Trainee in Cyto/Histopathology,Support to clinical staff,Support to ST&T staff,Support to healthcare scientists,Student/Trainee,Cyto/Histopathology,False
T8C,Student/Trainee in Genetics,Support to clinical staff,Support to ST&T staff,Support to healthcare scientists,Student/Trainee,Genetics,False
T8D,Student/Trainee in Haematology including Transfusion Science,Support to clinical staff,Support to ST&T staff,Support to healthcare scientists,Student/Trainee,Haematology including Transfusion Science,False
T8E,Student/Trainee in Microbiology,Support to clinical staff,Support to ST&T staff,Support to healthcare scientists,Student/Trainee,Microbiology,False
T8F,Student/Trainee in Other Life Sciences,Support to clinical staff,Support to ST&T staff,Support to healthcare scientists,Student/Trainee,Other Life Sciences,False
T8G,Student/Trainee in Audiology,Support to clinical staff,Support to ST&T staff,Support to healthcare scientists,Student/Trainee,Audiology,False
T8H,Student/Trainee in Cardiology,Support to clinical staff,Support to ST&T staff,Support to healthcare scientists,Student/Trainee,Cardiology,False
T8J,Student/Trainee in Renal Dialysis,Support to clinical staff,Support to ST&T staff,Support to healthcare scientists,Student/Trainee,Renal Dialysis,False
T8K,Student/Trainee in Respiratory Physiology,Support to clinical staff,Support to ST&T staff,Support to healthcare scientists,Student/Trainee,Respiratory Physiology,False
T8L,Student/Trainee in Neuro-physiology,Support to clinical staff,Support to ST&T staff,Support to healthcare scientists,Student/Trainee,Neuro-physiology,False
T8M,Student/Trainee in Other Physiological Sciences,Support to clinical staff,Support to ST&T staff,Support to healthcare scientists,Student/Trainee,Other Physiological Sciences,False
T8N,Student/Trainee in Rehabilitation Engineering,Support to clinical staff,Support to ST&T staff,Support to healthcare scientists,Student/Trainee,Rehabilitation Engineering,False
T8P,Student/Trainee in Nuclear Medicine & Diagnostic Radiology,Support to clinical staff,Support to ST&T staff,Support to healthcare scientists,Student/Trainee,Nuclear Medicine & Diagnostic Radiology,False
T8Q,Student/Trainee in Radiotherapy Physics,Support to clinical staff,Support to ST&T staff,Support to healthcare scientists,Student/Trainee,Radiotherapy Physics,False
T8R,Student/Trainee in Equipment Management & Development,Support to clinical staff,Support to ST&T staff,Support to healthcare scientists,Student/Trainee,Equipment Management & Development,False
T8S,Student/Trainee in Maxillofacial Prosthetics,Support to clinical staff,Support to ST&T staff,Support to healthcare scientists,Student/Trainee,Maxillofacial Prosthetics,False
T8T,Student/Trainee in Other Physical Sciences,Support to clinical staff,Support to ST&T staff,Support to healthcare scientists,Student/Trainee,Other Physical Sciences,False
T8U,Student/Trainee in Other Healthcare Science Professions,Support to clinical staff,Support to ST&T staff,Support to healthcare scientists,Student/Trainee,Other Healthcare Science Professions,False
TAA,Consultant Clinical Scientist (Grade C) in Clinical Biochemistry,Professionally qualified clinical staff,"Scientific, therapeutic & technical staff",Healthcare scientists,Consultant Clinical Scientist (Grade C),Clinical Biochemistry,False
TAB,Consultant Clinical Scientist (Grade C) in Cyto/Histopathology,Professionally qualified clinical staff,"Scientific, therapeutic & technical staff",Healthcare scientists,Consultant Clinical Scientist (Grade C),Cyto/Histopathology,False
TAC,Consultant Clinical Scientist (Grade C) in Genetics,Professionally qualified clinical staff,"Scientific, therapeutic & technical staff",Healthcare scientists,Consultant Clinical Scientist (Grade C),Genetics,False
TAD,Consultant Clinical Scientist (Grade C) in Haematology including Transfusion Science,Professionally qualified clinical staff,"Scientific, therapeutic & technical staff",Healthcare scientists,Consultant Clinical Scientist (Grade C),Haematology including Transfusion Science,False
TAE,Consultant Clinical Scientist (Grade C) in Microbiology,Professionally qualified clinical staff,"Scientific, therapeutic & technical staff",Healthcare scientists,Consultant Clinical Scientist (Grade C),Microbiology,False
TAF,Consultant Clinical Scientist (Grade C) in Other Life Sciences,Professionally qualified clinical staff,"Scientific, therapeutic & technical staff",Healthcare scientists,Consultant Clinical Scientist (Grade C),Other Life Sciences,False
TAG,Consultant Clinical Scientist (Grade C) in Audiology,Professionally qualified clinical staff,"Scientific, therapeutic & technical staff",Healthcare scientists,Consultant Clinical Scientist (Grade C),Audiology,False
TAH,Consultant Clinical Scientist (Grade C) in Cardiology,Professionally qualified clinical staff,"Scientific, therapeutic & technical staff",Healthcare scientists,Consultant Clinical Scientist (Grade C),Cardiology,False
TAJ,Consultant Clinical Scientist (Grade C) in Renal Dialysis,Professionally qualified clinical staff,"Scientific, therapeutic & technical staff",Healthcare scientists,Consultant Clinical Scientist (Grade C),Renal Dialysis,False
TAK,Consultant Clinical Scientist (Grade C) in Respiratory Physiology,Professionally qualified clinical staff,"Scientific, therapeutic & technical staff",Healthcare scientists,Consultant Clinical Scientist (Grade C),Respiratory Physiology,False
TAL,Consultant Clinical Scientist (Grade C) in Neuro-physiology,Professionally qualified clinical staff,"Scientific, therapeutic & technical staff",Healthcare scientists,Consultant Clinical Scientist (Grade C),Neuro-physiology,False
TAM,Consultant Clinical Scientist (Grade C) in Other Physiological Sciences,Professionally qualified clinical staff,"Scientific, therapeutic & technical staff",Healthcare scientists,Consultant Clinical Scientist (Grade C),Other Physiological Sciences,False
TAN,Consultant Clinical Scientist (Grade C) in Rehabilitation Engineering,Professionally qualified clinical staff,"Scientific, therapeutic & technical staff",Healthcare scientists,Consultant Clinical Scientist (Grade C),Rehabilitation Engineering,False
TAP,Consultant Clinical Scientist (Grade C) in Nuclear Medicine & Diagnostic Radiology,Professionally qualified clinical staff,"Scientific, therapeutic & technical staff",Healthcare scientists,Consultant Clinical Scientist (Grade C),Nuclear Medicine & Diagnostic Radiology,False
TAQ,Consultant Clinical Scientist (Grade C) in Radiotherapy Physics,Professionally qualified clinical staff,"Scientific, therapeutic & technical staff",Healthcare scientists,Consultant Clinical Scientist (Grade C),Radiotherapy Physics,False
TAR,Consultant Clinical Scientist (Grade C) in Equipment Management & Development,Professionally qualified clinical staff,"Scientific, therapeutic & technical staff",Healthcare scientists,Consultant Clinical Scientist (Grade C),Equipment Management & Development,False
TAS,Consultant Clinical Scientist (Grade C) in Maxillofacial Prosthetics,Professionally qualified clinical staff,"Scientific, therapeutic & technical staff",Healthcare scientists,Consultant Clinical Scientist (Grade C),Maxillofacial Prosthetics,False
TAT,Consultant Clinical Scientist (Grade C) in Other Physical Sciences,Professionally qualified clinical staff,"Scientific, therapeutic & technical staff",Healthcare scientists,Consultant Clinical Scientist (Grade C),Other Physical Sciences,False
TAU,Consultant Clinical Scientist (Grade C) in Other Healthcare Science Professions,Professionally qualified clinical staff,"Scientific, therapeutic & technical staff",Healthcare scientists,Consultant Clinical Scientist (Grade C),Other Healthcare Science Professions,False
TBA,Assistant Practitioner in Clinical Biochemistry,Support to clinical staff,Support to ST&T staff,Support to healthcare scientists,Assistant Practitioner,Clinical Biochemistry,False
TBB,Assistant Practitioner in Cyto/Histopathology,Support to clinical staff,Support to ST&T staff,Support to healthcare scientists,Assistant Practitioner,Cyto/Histopathology,False
TBC,Assistant Practitioner in Genetics,Support to clinical staff,Support to ST&T staff,Support to healthcare scientists,Assistant Practitioner,Genetics,False
TBD,Assistant Practitioner in Haematology including Transfusion Science,Support to clinical staff,Support to ST&T staff,Support to healthcare scientists,Assistant Practitioner,Haematology including Transfusion Science,False
TBE,Assistant Practitioner in Microbiology,Support to clinical staff,Support to ST&T staff,Support to healthcare scientists,Assistant Practitioner,Microbiology,False
TBF,Assistant Practitioner in Other Life Sciences,Support to clinical staff,Support to ST&T staff,Support to healthcare scientists,Assistant Practitioner,Other Life Sciences,False
TBG,Assistant Practitioner in Audiology,Support to clinical staff,Support to ST&T staff,Support to healthcare scientists,Assistant Practitioner,Audiology,False
TBH,Assistant Practitioner in Cardiology,Support to clinical staff,Support to ST&T staff,Support to healthcare scientists,Assistant Practitioner,Cardiology,False
TBJ,Assistant Practitioner in Renal Dialysis,Support to clinical staff,Support to ST&T staff,Support to healthcare scientists,Assistant Practitioner,Renal Dialysis,False
TBK,Assistant Practitioner in Respiratory Physiology,Support to clinical staff,Support to ST&T staff,Support to healthcare scientists,Assistant Practitioner,Respiratory Physiology,False
TBL,Assistant Practitioner in Neuro-physiology,Support to clinical staff,Support to ST&T staff,Support to healthcare scientists,Assistant Practitioner,Neuro-physiology,False
TBM,Assistant Practitioner in Other Physiological Sciences,Support to clinical staff,Support to ST&T staff,Support to healthcare scientists,Assistant Practitioner,Other Physiological Sciences,False
TBN,Assistant Practitioner in Rehabilitation Engineering,Support to clinical staff,Support to ST&T staff,Support to healthcare scientists,Assistant Practitioner,Rehabilitation Engineering,False
TBP,Assistant Practitioner in Nuclear Medicine & Diagnostic Radiology,Support to clinical staff,Support to ST&T staff,Support to healthcare scientists,Assistant Practitioner,Nuclear Medicine & Diagnostic Radiology,False
TBQ,Assistant Practitioner in Radiotherapy Physics,Support to clinical staff,Support to ST&T staff,Support to healthcare scientists,Assistant Practitioner,Radiotherapy Physics,False
TBR,Assistant Practitioner in Equipment Management & Development,Support to clinical staff,Support to ST&T staff,Support to healthcare scientists,Assistant Practitioner,Equipment Management & Development,False
TBS,Assistant Practitioner in Maxillofacial Prosthetics,Support to clinical staff,Support to ST&T staff,Support to healthcare scientists,Assistant Practitioner,Maxillofacial Prosthetics,False
TBT,Assistant Practitioner in Other Physical Sciences,Support to clinical staff,Support to ST&T staff,Support to healthcare scientists,Assistant Practitioner,Other Physical Sciences,False
TBU,Assistant Practitioner in Other Healthcare Science Professions,Support to clinical staff,Support to ST&T staff,Support to healthcare scientists,Assistant Practitioner,Other Healthcare Science Professions,False
U0A,Healthcare Scientist Manager in Blood Sciences,Professionally qualified clinical staff,"Scientific, therapeutic & technical staff",Healthcare scientists,Healthcare Scientist Manager,Blood Sciences,True
U0B,Healthcare Scientist Manager in Infection Sciences,Professionally qualified clinical staff,"Scientific, therapeutic & technical staff",Healthcare scientists,Healthcare Scientist Manager,Infection Sciences,True
U0C,Healthcare Scientist Manager in Cellular Sciences,Professionally qualified clinical staff,"Scientific, therapeutic & technical staff",Healthcare scientists,Healthcare Scientist Manager,Cellular Sciences,True
U0D,Healthcare Scientist Manager in Genetics,Professionally qualified clinical staff,"Scientific, therapeutic & technical staff",Healthcare scientists,Healthcare Scientist Manager,Genetics,True
U0E,"Healthcare Scientist Manager in Cardiac, Vascular, Respiratory & Sleep Sciences",Professionally qualified clinical staff,"Scientific, therapeutic & technical staff",Healthcare scientists,Healthcare Scientist Manager,"Cardiac, Vascular, Respiratory & Sleep Sciences",True
U0F,Healthcare Scientist Manager in Neurosensory Sciences,Professionally qualified clinical staff,"Scientific, therapeutic & technical staff",Healthcare scientists,Healthcare Scientist Manager,Neurosensory Sciences,True
U0G,Healthcare Scientist Manager in Gastrointestinal & Urodynamic Sciences,Professionally qualified clinical staff,"Scientific, therapeutic & technical staff",Healthcare scientists,Healthcare Scientist Manager,Gastrointestinal & Urodynamic Sciences,True
U0H,Healthcare Scientist Manager in Medical Physics,Professionally qualified clinical staff,"Scientific, therapeutic & technical staff",Healthcare scientists,Healthcare Scientist Manager,Medical Physics,True
U0J,Healthcare Scientist Manager in Clinical Engineering,Professionally qualified clinical staff,"Scientific, therapeutic & technical staff",Healthcare scientists,Healthcare Scientist Manager,Clinical Engineering,True
U0K,Healthcare Scientist Manager in Clinical Bioinformatics,Professionally qualified clinical staff,"Scientific, therapeutic & technical staff",Healthcare scientists,Healthcare Scientist Manager,Clinical Bioinformatics,True
U0L,Healthcare Scientist Manager in Social Sciences,Professionally qualified clinical staff,"Scientific, therapeutic & technical staff",Healthcare scientists,Healthcare Scientist Manager,Social Sciences,True
U0M,Healthcare Scientist Manager in Environmental Sciences,Professionally qualified clinical staff,"Scientific, therapeutic & technical staff",Healthcare scientists,Healthcare Scientist Manager,Environmental Sciences,True
U1A,Specialist Clinical Scientist in Blood Sciences,Professionally qualified clinical staff,"Scientific, therapeutic & technical staff",Healthcare scientists,Specialist Clinical Scientist,Blood Sciences,True
U1B,Specialist Clinical Scientist in Infection Sciences,Professionally qualified clinical staff,"Scientific, therapeutic & technical staff",Healthcare scientists,Specialist Clinical Scientist,Infection Sciences,True
U1C,Specialist Clinical Scientist in Cellular Sciences,Professionally qualified clinical staff,"Scientific, therapeutic & technical staff",Healthcare scientists,Specialist Clinical Scientist,Cellular Sciences,True
U1D,Specialist Clinical Scientist in Genetics,Professionally qualified clinical staff,"Scientific, therapeutic & technical staff",Healthcare scientists,Specialist Clinical Scientist,Genetics,True
U1E,"Specialist Clinical Scientist in Cardiac, Vascular, Respiratory & Sleep Sciences",Professionally qualified clinical staff,"Scientific, therapeutic & technical staff",Healthcare scientists,Specialist Clinical Scientist,"Cardiac, Vascular, Respiratory & Sleep Sciences",True
U1F,Specialist Clinical Scientist in Neurosensory Sciences,Professionally qualified clinical staff,"Scientific, therapeutic & technical staff",Healthcare scientists,Specialist Clinical Scientist,Neurosensory Sciences,True
U1G,Specialist Clinical Scientist in Gastrointestinal & Urodynamic Sciences,Professionally qualified clinical staff,"Scientific, therapeutic & technical staff",Healthcare scientists,Specialist Clinical Scientist,Gastrointestinal & Urodynamic Sciences,True
U1H,Specialist Clinical Scientist in Medical Physics,Professionally qualified clinical staff,"Scientific, therapeutic & technical staff",Healthcare scientists,Specialist Clinical Scientist,Medical Physics,True
U1J,Specialist Clinical Scientist in Clinical Engineering,Professionally qualified clinical staff,"Scientific, therapeutic & technical staff",Healthcare scientists,Specialist Clinical Scientist,Clinical Engineering,True
U1K,Specialist Clinical Scientist in Clinical Bioinformatics,Professionally qualified clinical staff,"Scientific, therapeutic & technical staff",Healthcare scientists,Specialist Clinical Scientist,Clinical Bioinformatics,True
U1L,Specialist Clinical Scientist in Social Sciences,Professionally qualified clinical staff,"Scientific, therapeutic & technical staff",Healthcare scientists,Specialist Clinical Scientist,Social Sciences,True
U1M,Specialist Clinical Scientist in Environmental Sciences,Professionally qualified clinical staff,"Scientific, therapeutic & technical staff",Healthcare scientists,Specialist Clinical Scientist,Environmental Sciences,True
U2A,Clinical Scientist in Blood Sciences,Professionally qualified clinical staff,"Scientific, therapeutic & technical staff",Healthcare scientists,Clinical Scientist,Blood Sciences,True
U2B,Clinical Scientist in Infection Sciences,Professionally qualified clinical staff,"Scientific, therapeutic & technical staff",Healthcare scientists,Clinical Scientist,Infection Sciences,True
U2C,Clinical Scientist in Cellular Sciences,Professionally qualified clinical staff,"Scientific, therapeutic & technical staff",Healthcare scientists,Clinical Scientist,Cellular Sciences,True
U2D,Clinical Scientist in Genetics,Professionally qualified clinical staff,"Scientific, therapeutic & technical staff",Healthcare scientists,Clinical Scientist,Genetics,True
U2E,"Clinical Scientist in Cardiac, Vascular, Respiratory & Sleep Sciences",Professionally qualified clinical staff,"Scientific, therapeutic & technical staff",Healthcare scientists,Clinical Scientist,"Cardiac, Vascular, Respiratory & Sleep Sciences",True
U2F,Clinical Scientist in Neurosensory Sciences,Professionally qualified clinical staff,"Scientific, therapeutic & technical staff",Healthcare scientists,Clinical Scientist,Neurosensory Sciences,True
U2G,Clinical Scientist in Gastrointestinal & Urodynamic Sciences,Professionally qualified clinical staff,"Scientific, therapeutic & technical staff",Healthcare scientists,Clinical Scientist,Gastrointestinal & Urodynamic Sciences,True
U2H,Clinical Scientist in Medical Physics,Professionally qualified clinical staff,"Scientific, therapeutic & technical staff",Healthcare scientists,Clinical Scientist,Medical Physics,True
U2J,Clinical Scientist in Clinical Engineering,Professionally qualified clinical staff,"Scientific, therapeutic & technical staff",Healthcare scientists,Clinical Scientist,Clinical Engineering,True
U2K,Clinical Scientist in Clinical Bioinformatics,Professionally qualified clinical staff,"Scientific, therapeutic & technical staff",Healthcare scientists,Clinical Scientist,Clinical Bioinformatics,True
U2L,Clinical Scientist in Social Sciences,Professionally qualified clinical staff,"Scientific, therapeutic & technical staff",Healthcare scientists,Clinical Scientist,Social Sciences,True
U2M,Clinical Scientist in Environmental Sciences,Professionally qualified clinical staff,"Scientific, therapeutic & technical staff",Healthcare scientists,Clinical Scientist,Environmental Sciences,True
U3A,Specialist Healthcare Science Practitioner in Blood Sciences,Professionally qualified clinical staff,"Scientific, therapeutic & technical staff",Healthcare scientists,Specialist Healthcare Science Practitioner,Blood Sciences,True
U3B,Specialist Healthcare Science Practitioner in Infection Sciences,Professionally qualified clinical staff,"Scientific, therapeutic & technical staff",Healthcare scientists,Specialist Healthcare Science Practitioner,Infection Sciences,True
U3C,Specialist Healthcare Science Practitioner in Cellular Sciences,Professionally qualified clinical staff,"Scientific, therapeutic & technical staff",Healthcare scientists,Specialist Healthcare Science Practitioner,Cellular Sciences,True
U3D,Specialist Healthcare Science Practitioner in Genetics,Professionally qualified clinical staff,"Scientific, therapeutic & technical staff",Healthcare scientists,Specialist Healthcare Science Practitioner,Genetics,True
U3E,"Specialist Healthcare Science Practitioner in Cardiac, Vascular, Respiratory & Sleep Sciences",Professionally qualified clinical staff,"Scientific, therapeutic & technical staff",Healthcare scientists,Specialist Healthcare Science Practitioner,"Cardiac, Vascular, Respiratory & Sleep Sciences",True
U3F,Specialist Healthcare Science Practitioner in Neurosensory Sciences,Professionally qualified clinical staff,"Scientific, therapeutic & technical staff",Healthcare scientists,Specialist Healthcare Science Practitioner,Neurosensory Sciences,True
U3G,Specialist Healthcare Science Practitioner in Gastrointestinal & Urodynamic Sciences,Professionally qualified clinical staff,"Scientific, therapeutic & technical staff",Healthcare scientists,Specialist Healthcare Science Practitioner,Gastrointestinal & Urodynamic Sciences,True
U3H,Specialist Healthcare Science Practitioner in Medical Physics,Professionally qualified clinical staff,"Scientific, therapeutic & technical staff",Healthcare scientists,Specialist Healthcare Science Practitioner,Medical Physics,True
U3J,Specialist Healthcare Science Practitioner in Clinical Engineering,Professionally qualified clinical staff,"Scientific, therapeutic & technical staff",Healthcare scientists,Specialist Healthcare Science Practitioner,Clinical Engineering,True
U3K,Specialist Healthcare Science Practitioner in Clinical Bioinformatics,Professionally qualified clinical staff,"Scientific, therapeutic & technical staff",Healthcare scientists,Specialist Healthcare Science Practitioner,Clinical Bioinformatics,True
U3L,Specialist Healthcare Science Practitioner in Social Sciences,Professionally qualified clinical staff,"Scientific, therapeutic & technical staff",Healthcare scientists,Specialist Healthcare Science Practitioner,Social Sciences,True
U3M,Specialist Healthcare Science Practitioner in Environmental Sciences,Professionally qualified clinical staff,"Scientific, therapeutic & technical staff",Healthcare scientists,Specialist Healthcare Science Practitioner,Environmental Sciences,True
U4A,Healthcare Science Practitioner in Blood Sciences,Professionally qualified clinical staff,"Scientific, therapeutic & technical staff",Healthcare scientists,Healthcare Science Practitioner,Blood Sciences,True
U4B,Healthcare Science Practitioner in Infection Sciences,Professionally qualified clinical staff,"Scientific, therapeutic & technical staff",Healthcare scientists,Healthcare Science Practitioner,Infection Sciences,True
U4C,Healthcare Science Practitioner in Cellular Sciences,Professionally qualified clinical staff,"Scientific, therapeutic & technical staff",Healthcare scientists,Healthcare Science Practitioner,Cellular Sciences,True
U4D,Healthcare Science Practitioner in Genetics,Professionally qualified clinical staff,"Scientific, therapeutic & technical staff",Healthcare scientists,Healthcare Science Practitioner,Genetics,True
U4E,"Healthcare Science Practitioner in Cardiac, Vascular, Respiratory & Sleep Sciences",Professionally qualified clinical staff,"Scientific, therapeutic & technical staff",Healthcare scientists,Healthcare Science Practitioner,"Cardiac, Vascular, Respiratory & Sleep Sciences",True
U4F,Healthcare Science Practitioner in Neurosensory Sciences,Professionally qualified clinical staff,"Scientific, therapeutic & technical staff",Healthcare scientists,Healthcare Science Practitioner,Neurosensory Sciences,True
U4G,Healthcare Science Practitioner in Gastrointestinal & Urodynamic Sciences,Professionally qualified clinical staff,"Scientific, therapeutic & technical staff",Healthcare scientists,Healthcare Science Practitioner,Gastrointestinal & Urodynamic Sciences,True
U4H,Healthcare Science Practitioner in Medical Physics,Professionally qualified clinical staff,"Scientific, therapeutic & technical staff",Healthcare scientists,Healthcare Science Practitioner,Medical Physics,True
U4J,Healthcare Science Practitioner in Clinical Engineering,Professionally qualified clinical staff,"Scientific, therapeutic & technical staff",Healthcare scientists,Healthcare Science Practitioner,Clinical Engineering,True
U4K,Healthcare Science Practitioner in Clinical Bioinformatics,Professionally qualified clinical staff,"Scientific, therapeutic & technical staff",Healthcare scientists,Healthcare Science Practitioner,Clinical Bioinformatics,True
U4L,Healthcare Science Practitioner in Social Sciences,Professionally qualified clinical staff,"Scientific, therapeutic & technical staff",Healthcare scientists,Healthcare Science Practitioner,Social Sciences,True
U4M,Healthcare Science Practitioner in Environmental Sciences,Professionally qualified clinical staff,"Scientific, therapeutic & technical staff",Healthcare scientists,Healthcare Science Practitioner,Environmental Sciences,True
U5A,Healthcare Science Associate in Blood Sciences,Support to clinical staff,Support to ST&T staff,Support to healthcare scientists,Healthcare Science Associate,Blood Sciences,True
U5B,Healthcare Science Associate in Infection Sciences,Support to clinical staff,Support to ST&T staff,Support to healthcare scientists,Healthcare Science Associate,Infection Sciences,True
U5C,Healthcare Science Associate in Cellular Sciences,Support to clinical staff,Support to ST&T staff,Support to healthcare scientists,Healthcare Science Associate,Cellular Sciences,True
U5D,Healthcare Science Associate in Genetics,Support to clinical staff,Support to ST&T staff,Support to healthcare scientists,Healthcare Science Associate,Genetics,True
U5E,"Healthcare Science Associate in Cardiac, Vascular, Respiratory & Sleep Sciences",Support to clinical staff,Support to ST&T staff,Support to healthcare scientists,Healthcare Science Associate,"Cardiac, Vascular, Respiratory & Sleep Sciences",True
U5F,Healthcare Science Associate in Neurosensory Sciences,Support to clinical staff,Support to ST&T staff,Support to healthcare scientists,Healthcare Science Associate,Neurosensory Sciences,True
U5G,Healthcare Science Associate in Gastrointestinal & Urodynamic Sciences,Support to clinical staff,Support to ST&T staff,Support to healthcare scientists,Healthcare Science Associate,Gastrointestinal & Urodynamic Sciences,True
U5H,Healthcare Science Associate in Medical Physics,Support to clinical staff,Support to ST&T staff,Support to healthcare scientists,Healthcare Science Associate,Medical Physics,True
U5J,Healthcare Science Associate in Clinical Engineering,Support to clinical staff,Support to ST&T staff,Support to healthcare scientists,Healthcare Science Associate,Clinical Engineering,True
U5K,Healthcare Science Associate in Clinical Bioinformatics,Support to clinical staff,Support to ST&T staff,Support to healthcare scientists,Healthcare Science Associate,Clinical Bioinformatics,True
U5L,Healthcare Science Associate in Social Sciences,Support to clinical staff,Support to ST&T staff,Support to healthcare scientists,Healthcare Science Associate,Social Sciences,True
U5M,Healthcare Science Associate in Environmental Sciences,Support to clinical staff,Support to ST&T staff,Support to healthcare scientists,Healthcare Science Associate,Environmental Sciences,True
U6A,Trainee Clinical Scientist in Blood Sciences,Support to clinical staff,Support to ST&T staff,Support to healthcare scientists,Trainee Clinical Scientist,Blood Sciences,True
U6B,Trainee Clinical Scientist in Infection Sciences,Support to clinical staff,Support to ST&T staff,Support to healthcare scientists,Trainee Clinical Scientist,Infection Sciences,True
U6C,Trainee Clinical Scientist in Cellular Sciences,Support to clinical staff,Support to ST&T staff,Support to healthcare scientists,Trainee Clinical Scientist,Cellular Sciences,True
U6D,Trainee Clinical Scientist in Genetics,Support to clinical staff,Support to ST&T staff,Support to healthcare scientists,Trainee Clinical Scientist,Genetics,True
U6E,"Trainee Clinical Scientist in Cardiac, Vascular, Respiratory & Sleep Sciences",Support to clinical staff,Support to ST&T staff,Support to healthcare scientists,Trainee Clinical Scientist,"Cardiac, Vascular, Respiratory & Sleep Sciences",True
U6F,Trainee Clinical Scientist in Neurosensory Sciences,Support to clinical staff,Support to ST&T staff,Support to healthcare scientists,Trainee Clinical Scientist,Neurosensory Sciences,True
U6G,Trainee Clinical Scientist in Gastrointestinal & Urodynamic Sciences,Support to clinical staff,Support to ST&T staff,Support to healthcare scientists,Trainee Clinical Scientist,Gastrointestinal & Urodynamic Sciences,True
U6H,Trainee Clinical Scientist in Medical Physics,Support to clinical staff,Support to ST&T staff,Support to healthcare scientists,Trainee Clinical Scientist,Medical Physics,True
U6J,Trainee Clinical Scientist in Clinical Engineering,Support to clinical staff,Support to ST&T staff,Support to healthcare scientists,Trainee Clinical Scientist,Clinical Engineering,True
U6K,Trainee Clinical Scientist in Clinical Bioinformatics,Support to clinical staff,Support to ST&T staff,Support to healthcare scientists,Trainee Clinical Scientist,Clinical Bioinformatics,True
U6L,Trainee Clinical Scientist in Social Sciences,Support to clinical staff,Support to ST&T staff,Support to healthcare scientists,Trainee Clinical Scientist,Social Sciences,True
U6M,Trainee Clinical Scientist in Environmental Sciences,Support to clinical staff,Support to ST&T staff,Support to healthcare scientists,Trainee Clinical Scientist,Environmental Sciences,True
U7A,Trainee Healthcare Science Practitioner in Blood Sciences,Support to clinical staff,Support to ST&T staff,Support to healthcare scientists,Trainee Healthcare Science Practitioner,Blood Sciences,True
U7B,Trainee Healthcare Science Practitioner in Infection Sciences,Support to clinical staff,Support to ST&T staff,Support to healthcare scientists,Trainee Healthcare Science Practitioner,Infection Sciences,True
U7C,Trainee Healthcare Science Practitioner in Cellular Sciences,Support to clinical staff,Support to ST&T staff,Support to healthcare scientists,Trainee Healthcare Science Practitioner,Cellular Sciences,True
U7D,Trainee Healthcare Science Practitioner in Genetics,Support to clinical staff,Support to ST&T staff,Support to healthcare scientists,Trainee Healthcare Science Practitioner,Genetics,True
U7E,"Trainee Healthcare Science Practitioner in Cardiac, Vascular, Respiratory & Sleep Sciences",Support to clinical staff,Support to ST&T staff,Support to healthcare scientists,Trainee Healthcare Science Practitioner,"Cardiac, Vascular, Respiratory & Sleep Sciences",True
U7F,Trainee Healthcare Science Practitioner in Neurosensory Sciences,Support to clinical staff,Support to ST&T staff,Support to healthcare scientists,Trainee Healthcare Science Practitioner,Neurosensory Sciences,True
U7G,Trainee Healthcare Science Practitioner in Gastrointestinal & Urodynamic Sciences,Support to clinical staff,Support to ST&T staff,Support to healthcare scientists,Trainee Healthcare Science Practitioner,Gastrointestinal & Urodynamic Sciences,True
U7H,Trainee Healthcare Science Practitioner in Medical Physics,Support to clinical staff,Support to ST&T staff,Support to healthcare scientists,Trainee Healthcare Science Practitioner,Medical Physics,True
U7J,Trainee Healthcare Science Practitioner in Clinical Engineering,Support to clinical staff,Support to ST&T staff,Support to healthcare scientists,Trainee Healthcare Science Practitioner,Clinical Engineering,True
U7K,Trainee Healthcare Science Practitioner in Clinical Bioinformatics,Support to clinical staff,Support to ST&T staff,Support to healthcare scientists,Trainee Healthcare Science Practitioner,Clinical Bioinformatics,True
U7L,Trainee Healthcare Science Practitioner in Social Sciences,Support to clinical staff,Support to ST&T staff,Support to healthcare scientists,Trainee Healthcare Science Practitioner,Social Sciences,True
U7M,Trainee Healthcare Science Practitioner in Environmental Sciences,Support to clinical staff,Support to ST&T staff,Support to healthcare scientists,Trainee Healthcare Science Practitioner,Environmental Sciences,True
U8A,Trainee Healthcare Science Associate in Blood Sciences,Support to clinical staff,Support to ST&T staff,Support to healthcare scientists,Trainee Healthcare Science Associate,Blood Sciences,True
U8B,Trainee Healthcare Science Associate in Infection Sciences,Support to clinical staff,Support to ST&T staff,Support to healthcare scientists,Trainee Healthcare Science Associate,Infection Sciences,True
U8C,Trainee Healthcare Science Associate in Cellular Sciences,Support to clinical staff,Support to ST&T staff,Support to healthcare scientists,Trainee Healthcare Science Associate,Cellular Sciences,True
U8D,Trainee Healthcare Science Associate in Genetics,Support to clinical staff,Support to ST&T staff,Support to healthcare scientists,Trainee Healthcare Science Associate,Genetics,True
U8E,"Trainee Healthcare Science Associate in Cardiac, Vascular, Respiratory & Sleep Sciences",Support to clinical staff,Support to ST&T staff,Support to healthcare scientists,Trainee Healthcare Science Associate,"Cardiac, Vascular, Respiratory & Sleep Sciences",True
U8F,Trainee Healthcare Science Associate in Neurosensory Sciences,Support to clinical staff,Support to ST&T staff,Support to healthcare scientists,Trainee Healthcare Science Associate,Neurosensory Sciences,True
U8G,Trainee Healthcare Science Associate in Gastrointestinal & Urodynamic Sciences,Support to clinical staff,Support to ST&T staff,Support to healthcare scientists,Trainee Healthcare Science Associate,Gastrointestinal & Urodynamic Sciences,True
U8H,Trainee Healthcare Science Associate in Medical Physics,Support to clinical staff,Support to ST&T staff,Support to healthcare scientists,Trainee Healthcare Science Associate,Medical Physics,True
U8J,Trainee Healthcare Science Associate in Clinical Engineering,Support to clinical staff,Support to ST&T staff,Support to healthcare scientists,Trainee Healthcare Science Associate,Clinical Engineering,True
U8K,Trainee Healthcare Science Associate in Clinical Bioinformatics,Support to clinical staff,Support to ST&T staff,Support to healthcare scientists,Trainee Healthcare Science Associate,Clinical Bioinformatics,True
U8L,Trainee Healthcare Science Associate in Social Sciences,Support to clinical staff,Support to ST&T staff,Support to healthcare scientists,Trainee Healthcare Science Associate,Social Sciences,True
U8M,Trainee Healthcare Science Associate in Environmental Sciences,Support to clinical staff,Support to ST&T staff,Support to healthcare scientists,Trainee Healthcare Science Associate,Environmental Sciences,True
U9A,Healthcare Science Assistant in Blood Sciences,Support to clinical staff,Support to ST&T staff,Support to healthcare scientists,Healthcare Science Assistant,Blood Sciences,True
U9B,Healthcare Science Assistant in Infection Sciences,Support to clinical staff,Support to ST&T staff,Support to healthcare scientists,Healthcare Science Assistant,Infection Sciences,True
U9C,Healthcare Science Assistant in Cellular Sciences,Support to clinical staff,Support to ST&T staff,Support to healthcare scientists,Healthcare Science Assistant,Cellular Sciences,True
U9D,Healthcare Science Assistant in Genetics,Support to clinical staff,Support to ST&T staff,Support to healthcare scientists,Healthcare Science Assistant,Genetics,True
U9E,"Healthcare Science Assistant in Cardiac, Vascular, Respiratory & Sleep Sciences",Support to clinical staff,Support to ST&T staff,Support to healthcare scientists,Healthcare Science Assistant,"Cardiac, Vascular, Respiratory & Sleep Sciences",True
U9F,Healthcare Science Assistant in Neurosensory Sciences,Support to clinical staff,Support to ST&T staff,Support to healthcare scientists,Healthcare Science Assistant,Neurosensory Sciences,True
U9G,Healthcare Science Assistant in Gastrointestinal & Urodynamic Sciences,Support to clinical staff,Support to ST&T staff,Support to healthcare scientists,Healthcare Science Assistant,Gastrointestinal & Urodynamic Sciences,True
U9H,Healthcare Science Assistant in Medical Physics,Support to clinical staff,Support to ST&T staff,Support to healthcare scientists,Healthcare Science Assistant,Medical Physics,True
U9J,Healthcare Science Assistant in Clinical Engineering,Support to clinical staff,Support to ST&T staff,Support to healthcare scientists,Healthcare Science Assistant,Clinical Engineering,True
U9K,Healthcare Science Assistant in Clinical Bioinformatics,Support to clinical staff,Support to ST&T staff,Support to healthcare scientists,Healthcare Science Assistant,Clinical Bioinformatics,True
U9L,Healthcare Science Assistant in Social Sciences,Support to clinical staff,Support to ST&T staff,Support to healthcare scientists,Healthcare Science Assistant,Social Sciences,True
U9M,Healthcare Science Assistant in Environmental Sciences,Support to clinical staff,Support to ST&T staff,Support to healthcare scientists,Healthcare Science Assistant,Environmental Sciences,True
UAA,Consultant Clinical Scientist in Blood Sciences,Professionally qualified clinical staff,"Scientific, therapeutic & technical staff",Healthcare scientists,Consultant Clinical Scientist,Blood Sciences,True
UAB,Consultant Clinical Scientist in Infection Sciences,Professionally qualified clinical staff,"Scientific, therapeutic & technical staff",Healthcare scientists,Consultant Clinical Scientist,Infection Sciences,True
UAC,Consultant Clinical Scientist in Cellular Sciences,Professionally qualified clinical staff,"Scientific, therapeutic & technical staff",Healthcare scientists,Consultant Clinical Scientist,Cellular Sciences,True
UAD,Consultant Clinical Scientist in Genetics,Professionally qualified clinical staff,"Scientific, therapeutic & technical staff",Healthcare scientists,Consultant Clinical Scientist,Genetics,True
UAE,"Consultant Clinical Scientist in Cardiac, Vascular, Respiratory & Sleep Sciences",Professionally qualified clinical staff,"Scientific, therapeutic & technical staff",Healthcare scientists,Consultant Clinical Scientist,"Cardiac, Vascular, Respiratory & Sleep Sciences",True
UAF,Consultant Clinical Scientist in Neurosensory Sciences,Professionally qualified clinical staff,"Scientific, therapeutic & technical staff",Healthcare scientists,Consultant Clinical Scientist,Neurosensory Sciences,True
UAG,Consultant Clinical Scientist in Gastrointestinal & Urodynamic Sciences,Professionally qualified clinical staff,"Scientific, therapeutic & technical staff",Healthcare scientists,Consultant Clinical Scientist,Gastrointestinal & Urodynamic Sciences,True
UAH,Consultant Clinical Scientist in Medical Physics,Professionally qualified clinical staff,"Scientific, therapeutic & technical staff",Healthcare scientists,Consultant Clinical Scientist,Medical Physics,True
UAJ,Consultant Clinical Scientist in Clinical Engineering,Professionally qualified clinical staff,"Scientific, therapeutic & technical staff",Healthcare scientists,Consultant Clinical Scientist,Clinical Engineering,True
UAK,Consultant Clinical Scientist in Clinical Bioinformatics,Professionally qualified clinical staff,"Scientific, therapeutic & technical staff",Healthcare scientists,Consultant Clinical Scientist,Clinical Bioinformatics,True
UAL,Consultant Clinical Scientist in Social Sciences,Professionally qualified clinical staff,"Scientific, therapeutic & technical staff",Healthcare scientists,Consultant Clinical Scientist,Social Sciences,True
UAM,Consultant Clinical Scientist in Environmental Sciences,Professionally qualified clinical staff,"Scientific, therapeutic & technical staff",Healthcare scientists,Consultant Clinical Scientist,Environmental Sciences,True
UBE,"Consultant Healthcare Science Practitioner in Cardiac, Vascular, Respiratory & Sleep Sciences",Professionally qualified clinical staff,"Scientific, therapeutic & technical staff",Healthcare scientists,Consultant Healthcare Science Practitioner,"Cardiac, Vascular, Respiratory & Sleep Sciences",True
UBF,Consultant Healthcare Science Practitioner in Neurosensory Sciences,Professionally qualified clinical staff,"Scientific, therapeutic & technical staff",Healthcare scientists,Consultant Healthcare Science Practitioner,Neurosensory Sciences,True
UBG,Consultant Healthcare Science Practitioner in Gastrointestinal & Urodynamic Sciences,Professionally qualified clinical staff,"Scientific, therapeutic & technical staff",Healthcare scientists,Consultant Healthcare Science Practitioner,Gastrointestinal & Urodynamic Sciences,True
UBH,Consultant Healthcare Science Practitioner in Medical Physics,Professionally qualified clinical staff,"Scientific, therapeutic & technical staff",Healthcare scientists,Consultant Healthcare Science Practitioner,Medical Physics,True
UBJ,Consultant Healthcare Science Practitioner in Clinical Engineering,Professionally qualified clinical staff,"Scientific, therapeutic & technical staff",Healthcare scientists,Consultant Healthcare Science Practitioner,Clinical Engineering,True
UBK,Consultant Healthcare Science Practitioner in Clinical Bioinformatics,Professionally qualified clinical staff,"Scientific, therapeutic & technical staff",Healthcare scientists,Consultant Healthcare Science Practitioner,Clinical Bioinformatics,True
UBL,Consultant Healthcare Science Practitioner in Social Sciences,Professionally qualified clinical staff,"Scientific, therapeutic & technical staff",Healthcare scientists,Consultant Healthcare Science Practitioner,Social Sciences,True
UBM,Consultant Healthcare Science Practitioner in Environmental Sciences,Professionally qualified clinical staff,"Scientific, therapeutic & technical staff",Healthcare scientists,Consultant Healthcare Science Practitioner,Environmental Sciences,True
UCA,Consultant Biomedical Scientist in Blood Sciences,Professionally qualified clinical staff,"Scientific, therapeutic & technical staff",Healthcare scientists,Consultant Biomedical Scientist,Blood Sciences,True
UCB,Consultant Biomedical Scientist in Infection Sciences,Professionally qualified clinical staff,"Scientific, therapeutic & technical staff",Healthcare scientists,Consultant Biomedical Scientist,Infection Sciences,True
UCC,Consultant Biomedical Scientist in Cellular Sciences,Professionally qualified clinical staff,"Scientific, therapeutic & technical staff",Healthcare scientists,Consultant Biomedical Scientist,Cellular Sciences,True
UCD,Consultant Biomedical Scientist in Genetics,Professionally qualified clinical staff,"Scientific, therapeutic & technical staff",Healthcare scientists,Consultant Biomedical Scientist,Genetics,True
UDA,Specialist Biomedical Scientist in Blood Sciences,Professionally qualified clinical staff,"Scientific, therapeutic & technical staff",Healthcare scientists,Specialist Biomedical Scientist,Blood Sciences,True
UDB,Specialist Biomedical Scientist in Infection Sciences,Professionally qualified clinical staff,"Scientific, therapeutic & technical staff",Healthcare scientists,Specialist Biomedical Scientist,Infection Sciences,True
UDC,Specialist Biomedical Scientist in Cellular Sciences,Professionally qualified clinical staff,"Scientific, therapeutic & technical staff",Healthcare scientists,Specialist Biomedical Scientist,Cellular Sciences,True
UDD,Specialist Biomedical Scientist in Genetics,Professionally qualified clinical staff,"Scientific, therapeutic & technical staff",Healthcare scientists,Specialist Biomedical Scientist,Genetics,True
UEA,Biomedical Scientist in Blood Sciences,Professionally qualified clinical staff,"Scientific, therapeutic & technical staff",Healthcare scientists,Biomedical Scientist,Blood Sciences,True
UEB,Biomedical Scientist in Infection Sciences,Professionally qualified clinical staff,"Scientific, therapeutic & technical staff",Healthcare scientists,Biomedical Scientist,Infection Sciences,True
UEC,Biomedical Scientist in Cellular Sciences,Professionally qualified clinical staff,"Scientific, therapeutic & technical staff",Healthcare scientists,Biomedical Scientist,Cellular Sciences,True
UED,Biomedical Scientist in Genetics,Professionally qualified clinical staff,"Scientific, therapeutic & technical staff",Healthcare scientists,Biomedical Scientist,Genetics,True
UFA,Trainee Biomedical Scientist in Blood Sciences,Support to clinical staff,Support to ST&T staff,Support to healthcare scientists,Trainee Biomedical Scientist,Blood Sciences,True
UFB,Trainee Biomedical Scientist in Infection Sciences,Support to clinical staff,Support to ST&T staff,Support to healthcare scientists,Trainee Biomedical Scientist,Infection Sciences,True
UFC,Trainee Biomedical Scientist in Cellular Sciences,Support to clinical staff,Support to ST&T staff,Support to healthcare scientists,Trainee Biomedical Scientist,Cellular Sciences,True
UFD,Trainee Biomedical Scientist in Genetics,Support to clinical staff,Support to ST&T staff,Support to healthcare scientists,Trainee Biomedical Scientist,Genetics,True
Z1A,Non-funded staff - Macmillan nurses,Unknown classification,Non-funded staff,Non-funded staff - nurses,Non-funded staff - Macmillan nurses,Non-funded staff - Macmillan nurses,True
Z1B,Non-funded staff - Marie Curie nurses,Unknown classification,Non-funded staff,Non-funded staff - nurses,Non-funded staff - Marie Curie nurses,Non-funded staff - Marie Curie nurses,True
Z1C,Non-funded staff - Other nurses,Unknown classification,Non-funded staff,Non-funded staff - nurses,Non-funded staff - Other nurses,Non-funded staff - Other nurses,True
Z1D,Non-funded staff - ST&T,Unknown classification,Non-funded staff,Non-funded staff - ST&T,Non-funded staff - ST&T,Non-funded staff - ST&T,True
Z1E,Non-funded staff - Admin & non-patient care support,Unknown classification,Non-funded staff,Non-funded staff - admin & non-patient care,Non-funded staff - Admin & non-patient care support,Non-funded staff - Admin & non-patient care support,True
Z2E,General payments - Admin & non-patient care support,Unknown classification,General payments,General payments - admin & non-patient care,General payments - Admin & non-patient care support,General payments - Admin & non-patient care support,True
Z2F,General payments - Other,Unknown classification,General payments,General payments - other,General payments - Other,General payments - Other,True
