SERVICE_CODE,SERVICE_CODE_DESCRIPTION,SERVICE_CODE_INCLUDING_DESCRIPTION,SERVICE_CATEGORY_DESCRIPTION,NPOC_CRG,HIGHLY_SPECIALISED_SERVICE,ID_PS_OPERATIONAL_2425,NOTES,EFFECTIVE_FROM,EFFECTIVE_TO,IS_CURRENT,2425_ICB_DELEGATION,2526_ICB_DELEGATION,2627_ICB_DELEGATION,DELEGATION_CHANGE_FLAG_2526_2627,GROUPING,AMEND_RECORD_FLAG_2627
NCBPS23G,ADULT ATAXIA TELANGIECTASIA SERVICES,NCBPS23G: ADULT ATAXIA TELANGIECTASIA SERVICES,NHS ENGLAND - SPECIALISED SERVICES,A01 - SPECIALISED RESPIRATORY,YES,YES,ERRONEOUSLY LISTED AS PAEDIATRIC GYNAECOLOGY IN 2013-14. CODE CHANGED TO NCBPS23G FROM NCBPSG23,01/04/2015,,1,RED,RED,RED,,ACUTE,
NCBPSG23,ADULT ATAXIA TELANGIECTASIA SERVICES,NCBPSG23: ADULT ATAXIA TELANGIECTASIA SERVICES,NHS ENGLAND - SPECIALISED SERVICES,A01 - SPECIALISED RESPIRATORY,YES,,CODE RETIRED IN 2015-16,01/04/2013,31/03/2016,0,NOT APPLICABLE,NOT APPLICABLE,NOT APPLICABLE,,ACUTE,
NCBPS13X,ADULT CONGENITAL HEART DISEASE SERVICES (NON-SURGICAL),NCBPS13X: ADULT CONGENITAL HEART DISEASE SERVICES (NON-SURGICAL),NHS ENGLAND - SPECIALISED SERVICES,E05 - CONGENITAL HEART SERVICES,NO,YES,NAME CHANGE IN 2024-25,01/04/2013,,1,GREEN,GREEN,GREEN,,ACUTE,
NCBPS13Y,ADULT CONGENITAL HEART DISEASE SURGICAL SERVICES,NCBPS13Y: ADULT CONGENITAL HEART DISEASE SURGICAL SERVICES,NHS ENGLAND - SPECIALISED SERVICES,E05 - CONGENITAL HEART SERVICES,NO,YES (APC ONLY),,01/04/2019,,1,GREEN,GREEN,GREEN,,ACUTE,
NCBPSACC,ADULT CRITICAL CARE,NCBPSACC: ADULT CRITICAL CARE,NHS ENGLAND - SPECIALISED SERVICES,D05 - ADULT CRITICAL CARE,NO,,NEW CODE FOR 2024-25,01/04/2024,,1,GREEN,GREEN,GREEN,,ACUTE,
NCBPSACN,ADULT CRITICAL CARE NETWORK,NCBPSACN: ADULT CRITICAL CARE NETWORK,NHS ENGLAND - SPECIALISED SERVICES,D05 - ADULT CRITICAL CARE,NO,,CLINICAL NETWORK CODE INTRODUCED FOR 2022-23,01/04/2022,,1,BLUE,BLUE,BLUE,,ACUTE,
NCBPSACT,ADULT CRITICAL CARE TRANSFER SERVICE,NCBPSACT: ADULT CRITICAL CARE TRANSFER SERVICE,NHS ENGLAND - SPECIALISED SERVICES,D05 - ADULT CRITICAL CARE,NO,,NEW NORTHERN PILOT ESTABLISHED IN 2024-25,01/04/2024,,1,GREEN,GREEN,GREEN,,ACUTE,
NCBPS18J,ADULT HIGH CONSEQUENCE INFECTIOUS AIRBORNE DISEASE SERVICE,NCBPS18J: ADULT HIGH CONSEQUENCE INFECTIOUS AIRBORNE DISEASE SERVICE,NHS ENGLAND - SPECIALISED SERVICES,F04 - INFECTIOUS DISEASES,YES,,NEW SERVICE IN 2018-19,01/04/2018,,1,RED,RED,RED,,ACUTE,
NCBPS18L,ADULT HIGH CONSEQUENCE INFECTIOUS CONTACT DISEASE SERVICE,NCBPS18L: ADULT HIGH CONSEQUENCE INFECTIOUS CONTACT DISEASE SERVICE,NHS ENGLAND - SPECIALISED SERVICES,F04 - INFECTIOUS DISEASES,YES,,NEW SERVICE IN 2018-19,01/04/2018,,1,RED,RED,RED,,ACUTE,
NCBPS39A,ADULT OESOPHAGEAL GASTRIC SERVICES IN THE FORM OF GASTRO-ELECTRICAL STIMULATION FOR PATIENTS WITH INTRACTABLE GASTROPARESIS,NCBPS39A: ADULT OESOPHAGEAL GASTRIC SERVICES IN THE FORM OF GASTRO-ELECTRICAL STIMULATION FOR PATIENTS WITH INTRACTABLE GASTROPARESIS,NHS ENGLAND - SPECIALISED SERVICES,B03 - SPECIALISED CANCER SURGERY,NO,YES (APC ONLY),NAME CHANGE IN 2022-23,01/04/2016,,1,RED,RED,RED,,ACUTE,
NCBPS29X,ADULT PECTUS SURGERY,NCBPS29X: ADULT PECTUS SURGERY,NHS ENGLAND - SPECIALISED SERVICES,A01 - SPECIALISED RESPIRATORY,NO,YES (APC ONLY),NEW CODE FOR 2024-25,01/04/2024,,1,RED,RED,RED,,ACUTE,
NCBPS29X_TOP,ADULT PECTUS SURGERY - TOP UP,NCBPS29X_TOP: ADULT PECTUS SURGERY - TOP UP,NHS ENGLAND - SPECIALISED SERVICES,A01 - SPECIALISED RESPIRATORY,NO,,FOR TOP PAYMENT IDENTIFICATION ONLY,01/04/2024,,1,BLUE,BLUE,BLUE,,ACUTE,
NCBPS29G,ADULT PRIMARY CILIARY DYSKINESIA MANAGEMENT SERVICE,NCBPS29G: ADULT PRIMARY CILIARY DYSKINESIA MANAGEMENT SERVICE,NHS ENGLAND - SPECIALISED SERVICES,A01 - SPECIALISED RESPIRATORY,YES,,SERVICE LINE SPLIT FROM NCBPS29P IN 2020-21,01/04/2019,,1,RED,RED,RED,,ACUTE,
NCBPS13B,ADULT SPECIALIST CARDIAC SERVICES: CARDIAC ELECTROPHYSIOLOGY AND ABLATION,NCBPS13B: ADULT SPECIALIST CARDIAC SERVICES: CARDIAC ELECTROPHYSIOLOGY AND ABLATION,NHS ENGLAND - SPECIALISED SERVICES,A05 - CARDIOTHORACIC SERVICES,NO,YES (APC ONLY),,01/04/2013,,1,GREEN,GREEN,GREEN,,ACUTE,
NCBPS13E,ADULT SPECIALIST CARDIAC SERVICES: CARDIAC SURGERY (INPATIENT),NCBPS13E: ADULT SPECIALIST CARDIAC SERVICES: CARDIAC SURGERY (INPATIENT),NHS ENGLAND - SPECIALISED SERVICES,A05 - CARDIOTHORACIC SERVICES,NO,YES (APC ONLY),,01/04/2013,,1,GREEN,GREEN,GREEN,,ACUTE,
NCBPS13E_TOP,ADULT SPECIALIST CARDIAC SERVICES: CARDIAC SURGERY (INPATIENT) - TOP UP,NCBPS13E_TOP: ADULT SPECIALIST CARDIAC SERVICES: CARDIAC SURGERY (INPATIENT) - TOP UP,NHS ENGLAND - SPECIALISED SERVICES,A05 - CARDIOTHORACIC SERVICES,NO,,FOR TOP PAYMENT IDENTIFICATION ONLY,01/04/2024,,1,BLUE,BLUE,BLUE,,ACUTE,
NCBPS13Z,ADULT SPECIALIST CARDIAC SERVICES: CARDIAC SURGERY (OUTPATIENT),NCBPS13Z: ADULT SPECIALIST CARDIAC SERVICES: CARDIAC SURGERY (OUTPATIENT),NHS ENGLAND - SPECIALISED SERVICES,A05 - CARDIOTHORACIC SERVICES,NO,YES (NAC ONLY),,01/04/2013,,1,GREEN,GREEN,GREEN,,ACUTE,
NCBPS13A,ADULT SPECIALIST CARDIAC SERVICES: COMPLEX DEVICE THERAPY,NCBPS13A: ADULT SPECIALIST CARDIAC SERVICES: COMPLEX DEVICE THERAPY,NHS ENGLAND - SPECIALISED SERVICES,A05 - CARDIOTHORACIC SERVICES,NO,YES (APC ONLY),,01/04/2013,,1,GREEN,GREEN,GREEN,,ACUTE,
NCBPS13C,ADULT SPECIALIST CARDIAC SERVICES: INHERITED CARDIAC CONDITIONS,NCBPS13C: ADULT SPECIALIST CARDIAC SERVICES: INHERITED CARDIAC CONDITIONS,NHS ENGLAND - SPECIALISED SERVICES,A05 - CARDIOTHORACIC SERVICES,NO,YES (APC ONLY),,01/04/2013,,1,GREEN,GREEN,GREEN,,ACUTE,
NCBPS13C_TOP,ADULT SPECIALIST CARDIAC SERVICES: INHERITED CARDIAC CONDITIONS - TOP UP,NCBPS13C_TOP: ADULT SPECIALIST CARDIAC SERVICES: INHERITED CARDIAC CONDITIONS - TOP UP,NHS ENGLAND - SPECIALISED SERVICES,A05 - CARDIOTHORACIC SERVICES,NO,,FOR TOP PAYMENT IDENTIFICATION ONLY,01/04/2024,,1,BLUE,BLUE,BLUE,,ACUTE,
NCBPS13K,ADULT SPECIALIST CARDIAC SERVICES: OTHER CARDIAC SERVICES,NCBPS13K: ADULT SPECIALIST CARDIAC SERVICES: OTHER CARDIAC SERVICES,NHS ENGLAND - SPECIALISED SERVICES,A05 - CARDIOTHORACIC SERVICES,NO,,CODE RETIRED IN 2015-16,01/04/2013,31/03/2016,0,NOT APPLICABLE,NOT APPLICABLE,NOT APPLICABLE,,ACUTE,
NCBPS13F,ADULT SPECIALIST CARDIAC SERVICES: PPCI FOR ST- ELEVATION MYOCARDIAL INFARCTION,NCBPS13F: ADULT SPECIALIST CARDIAC SERVICES: PPCI FOR ST- ELEVATION MYOCARDIAL INFARCTION,NHS ENGLAND - SPECIALISED SERVICES,A05 - CARDIOTHORACIC SERVICES,NO,YES (APC ONLY),,01/04/2013,,1,GREEN,GREEN,GREEN,,ACUTE,
NCBPS13F_TOP,ADULT SPECIALIST CARDIAC SERVICES: PPCI FOR ST- ELEVATION MYOCARDIAL INFARCTION - TOP UP,NCBPS13F_TOP: ADULT SPECIALIST CARDIAC SERVICES: PPCI FOR ST- ELEVATION MYOCARDIAL INFARCTION - TOP UP,NHS ENGLAND - SPECIALISED SERVICES,A05 - CARDIOTHORACIC SERVICES,NO,,FOR TOP PAYMENT IDENTIFICATION ONLY,01/04/2024,,1,BLUE,BLUE,BLUE,,ACUTE,
NCBPS13T,ADULT SPECIALIST CARDIAC SERVICES: TRANSCATHETER AORTIC VALVE REPLACEMENT (TAVI),NCBPS13T: ADULT SPECIALIST CARDIAC SERVICES: TRANSCATHETER AORTIC VALVE REPLACEMENT (TAVI),NHS ENGLAND - SPECIALISED SERVICES,A05 - CARDIOTHORACIC SERVICES,NO,YES (APC ONLY),SERVICE LINE SPLIT FROM NCBPS13E IN 2020-21,01/04/2020,,1,GREEN,GREEN,GREEN,,ACUTE,
NCBPS13T_TOP,ADULT SPECIALIST CARDIAC SERVICES: TRANSCATHETER AORTIC VALVE REPLACEMENT (TAVI) - TOP UP,NCBPS13T_TOP: ADULT SPECIALIST CARDIAC SERVICES: TRANSCATHETER AORTIC VALVE REPLACEMENT (TAVI) - TOP UP,NHS ENGLAND - SPECIALISED SERVICES,A05 - CARDIOTHORACIC SERVICES,NO,,FOR TOP PAYMENT IDENTIFICATION ONLY,01/04/2024,,1,BLUE,BLUE,BLUE,,ACUTE,
NCBPS22E,ADULT SPECIALIST EATING DISORDER SERVICES,NCBPS22E: ADULT SPECIALIST EATING DISORDER SERVICES,NHS ENGLAND - SPECIALISED MENTAL HEALTH SERVICES,C01 - SPECIALISED MENTAL HEALTH,NO,,NAME CHANGE IN 2024-25,01/04/2013,,1,AMBER,GREEN,GREEN,,MENTAL HEALTH,
NCBPS27Z,ADULT SPECIALIST ENDOCRINOLOGY SERVICES,NCBPS27Z: ADULT SPECIALIST ENDOCRINOLOGY SERVICES,NHS ENGLAND - SPECIALISED SERVICES,A03 - SPECIALISED ENDOCRINOLOGY,NO,YES (Nac ONLY),,01/04/2013,,1,GREEN,GREEN,GREEN,,ACUTE,
CCGPS08S_EXC,ADULT SPECIALIST NEUROSCIENCES SERVICES: CCG SERVICES,CCGPS08S_EXC: ADULT SPECIALIST NEUROSCIENCES SERVICES: CCG SERVICES,INTEGRATED CARE BOARD,NOT APPLICABLE,NOT APPLICABLE,YES,,04/01/2013,,1,NOT APPLICABLE,NOT APPLICABLE,NOT APPLICABLE,,NOT APPLICABLE,
NCBPS08T,ADULT SPECIALIST NEUROSCIENCES SERVICES: MECHANICAL THROMBECTOMY,NCBPS08T: ADULT SPECIALIST NEUROSCIENCES SERVICES: MECHANICAL THROMBECTOMY,NHS ENGLAND - SPECIALISED SERVICES,D04 - NEUROSCIENCES,NO,YES (APC ONLY),NEW SERVICE IN 2020-21,01/04/2020,,1,GREEN,GREEN,GREEN,,ACUTE,
NCBPS08T_TOP,ADULT SPECIALIST NEUROSCIENCES SERVICES: MECHANICAL THROMBECTOMY - TOP UP,NCBPS08T_TOP: ADULT SPECIALIST NEUROSCIENCES SERVICES: MECHANICAL THROMBECTOMY - TOP UP,NHS ENGLAND - SPECIALISED SERVICES,D04 - NEUROSCIENCES,NO,,FOR TOP PAYMENT IDENTIFICATION ONLY,01/04/2024,,1,BLUE,BLUE,BLUE,,ACUTE,
NCBPS08O,ADULT SPECIALIST NEUROSCIENCES SERVICES: NEUROLOGY,NCBPS08O: ADULT SPECIALIST NEUROSCIENCES SERVICES: NEUROLOGY,NHS ENGLAND - SPECIALISED SERVICES,D04 - NEUROSCIENCES,NO,YES,,01/04/2013,,1,GREEN,GREEN,GREEN,,ACUTE,
NCBPS08O_TOP,ADULT SPECIALIST NEUROSCIENCES SERVICES: NEUROLOGY - TOP UP,NCBPS08O_TOP: ADULT SPECIALIST NEUROSCIENCES SERVICES: NEUROLOGY - TOP UP,NHS ENGLAND - SPECIALISED SERVICES,D04 - NEUROSCIENCES,NO,,FOR TOP PAYMENT IDENTIFICATION ONLY,01/04/2024,,1,BLUE,BLUE,BLUE,,ACUTE,
NCBPS08P,ADULT SPECIALIST NEUROSCIENCES SERVICES: NEUROPHYSIOLOGY,NCBPS08P: ADULT SPECIALIST NEUROSCIENCES SERVICES: NEUROPHYSIOLOGY,NHS ENGLAND - SPECIALISED SERVICES,D04 - NEUROSCIENCES,NO,YES,,01/04/2013,,1,GREEN,GREEN,GREEN,,ACUTE,
NCBPS08R,ADULT SPECIALIST NEUROSCIENCES SERVICES: NEURORADIOLOGY,NCBPS08R: ADULT SPECIALIST NEUROSCIENCES SERVICES: NEURORADIOLOGY,NHS ENGLAND - SPECIALISED SERVICES,D04 - NEUROSCIENCES,NO,YES (APC ONLY),,01/04/2013,,1,GREEN,GREEN,GREEN,,ACUTE,
NCBPS08S,ADULT SPECIALIST NEUROSCIENCES SERVICES: NEUROSURGERY,NCBPS08S: ADULT SPECIALIST NEUROSCIENCES SERVICES: NEUROSURGERY,NHS ENGLAND - SPECIALISED SERVICES,D04 - NEUROSCIENCES,NO,YES,,01/04/2013,,1,GREEN,GREEN,GREEN,,ACUTE,
NCBPS08E,ADULT SPECIALIST NEUROSCIENCES SERVICES: NEUROSURGERY - LOW VOLUME PROCEDURES (NATIONAL),NCBPS08E: ADULT SPECIALIST NEUROSCIENCES SERVICES: NEUROSURGERY - LOW VOLUME PROCEDURES (NATIONAL),NHS ENGLAND - SPECIALISED SERVICES,D04 - NEUROSCIENCES,NO,,"CODE RETIRED IN 2023-24, REPLACED BY NCBPS58 CODE LIST",01/04/2022,31/03/2024,0,NOT APPLICABLE,NOT APPLICABLE,NOT APPLICABLE,,ACUTE,
NCBPS08G,ADULT SPECIALIST NEUROSCIENCES SERVICES: NEUROSURGERY - LOW VOLUME PROCEDURES (NEUROSCIENCE CENTRES),NCBPS08G: ADULT SPECIALIST NEUROSCIENCES SERVICES: NEUROSURGERY - LOW VOLUME PROCEDURES (NEUROSCIENCE CENTRES),NHS ENGLAND - SPECIALISED SERVICES,D04 - NEUROSCIENCES,NO,,"CODE RETIRED IN 2023-24, REPLACED BY NCBPS58 CODE LIST",01/04/2022,31/03/2024,0,NOT APPLICABLE,NOT APPLICABLE,NOT APPLICABLE,,ACUTE,
NCBPS08F,ADULT SPECIALIST NEUROSCIENCES SERVICES: NEUROSURGERY - LOW VOLUME PROCEDURES (REGIONAL),NCBPS08F: ADULT SPECIALIST NEUROSCIENCES SERVICES: NEUROSURGERY - LOW VOLUME PROCEDURES (REGIONAL),NHS ENGLAND - SPECIALISED SERVICES,D04 - NEUROSCIENCES,NO,,"CODE RETIRED IN 2023-24, REPLACED BY NCBPS58 CODE LIST",01/04/2022,31/03/2024,0,NOT APPLICABLE,NOT APPLICABLE,NOT APPLICABLE,,ACUTE,
NCBPS08S_TOP,ADULT SPECIALIST NEUROSCIENCES SERVICES: NEUROSURGERY - TOP UP,NCBPS08S_TOP: ADULT SPECIALIST NEUROSCIENCES SERVICES: NEUROSURGERY - TOP UP,NHS ENGLAND - SPECIALISED SERVICES,D04 - NEUROSCIENCES,NO,,FOR TOP PAYMENT IDENTIFICATION ONLY,01/04/2024,,1,BLUE,BLUE,BLUE,,ACUTE,
NCBPS37Z,ADULT SPECIALIST OPHTHALMOLOGY SERVICES,NCBPS37Z: ADULT SPECIALIST OPHTHALMOLOGY SERVICES,NHS ENGLAND - SPECIALISED SERVICES,D06 - SPECIALISED EAR AND OPHTHALMOLOGY SERVICES,NO,YES (APC ONLY),,01/04/2013,,1,GREEN,GREEN,GREEN,,ACUTE,
NCBPS34R,ADULT SPECIALIST ORTHOPAEDIC SERVICES: ORTHOPAEDIC REVISIONS,NCBPS34R: ADULT SPECIALIST ORTHOPAEDIC SERVICES: ORTHOPAEDIC REVISIONS,NHS ENGLAND - SPECIALISED SERVICES,D10 - SPECIALISED ORTHOPAEDIC SERVICES,NO,,,01/04/2013,,1,GREEN,GREEN,GREEN,,ACUTE,
NCBPS34A,ADULT SPECIALIST ORTHOPAEDIC SERVICES: SPECIALIST ORTHOPAEDIC SURGERY,NCBPS34A: ADULT SPECIALIST ORTHOPAEDIC SERVICES: SPECIALIST ORTHOPAEDIC SURGERY,NHS ENGLAND - SPECIALISED SERVICES,D10 - SPECIALISED ORTHOPAEDIC SERVICES,NO,YES (APC ONLY),,01/04/2013,,1,GREEN,GREEN,GREEN,,ACUTE,
NCBPS34A_TOP,ADULT SPECIALIST ORTHOPAEDIC SERVICES: SPECIALIST ORTHOPAEDIC SURGERY - TOP UP,NCBPS34A_TOP: ADULT SPECIALIST ORTHOPAEDIC SERVICES: SPECIALIST ORTHOPAEDIC SURGERY - TOP UP,NHS ENGLAND - SPECIALISED SERVICES,D10 - SPECIALISED ORTHOPAEDIC SERVICES,NO,,FOR TOP PAYMENT IDENTIFICATION ONLY,01/04/2024,,1,BLUE,BLUE,BLUE,,ACUTE,
NCBPS31Z,ADULT SPECIALIST PAIN MANAGEMENT SERVICES,NCBPS31Z: ADULT SPECIALIST PAIN MANAGEMENT SERVICES,NHS ENGLAND - SPECIALISED SERVICES,D07 - SPECIALISED PAIN,NO,YES (Nac ONLY),NAME CHANGE IN 2022-23,01/04/2013,,1,GREEN,GREEN,GREEN,,ACUTE,
NCBPS13G,ADULT SPECIALIST PULMONARY HYPERTENSION SERVICES,NCBPS13G: ADULT SPECIALIST PULMONARY HYPERTENSION SERVICES,NHS ENGLAND - SPECIALISED SERVICES,A01 - SPECIALISED RESPIRATORY,NO,YES,,01/04/2013,,1,RED,RED,RED,,ACUTE,
NCBPS11C,ADULT SPECIALIST RENAL SERVICES: ACCESS FOR RENAL DIALYSIS,NCBPS11C: ADULT SPECIALIST RENAL SERVICES: ACCESS FOR RENAL DIALYSIS,NHS ENGLAND - SPECIALISED SERVICES,A06 - RENAL SERVICES,NO,YES,,01/04/2013,,1,GREEN,GREEN,GREEN,,ACUTE,
NCBPS11B,ADULT SPECIALIST RENAL SERVICES: RENAL DIALYSIS,NCBPS11B: ADULT SPECIALIST RENAL SERVICES: RENAL DIALYSIS,NHS ENGLAND - SPECIALISED SERVICES,A06 - RENAL SERVICES,NO,,NAME CHANGE IN 2024-25,01/04/2013,,1,GREEN,GREEN,GREEN,,ACUTE,
NCBPS11T,ADULT SPECIALIST RENAL SERVICES: RENAL TRANSPLANTATION,NCBPS11T: ADULT SPECIALIST RENAL SERVICES: RENAL TRANSPLANTATION,NHS ENGLAND - SPECIALISED SERVICES,A06 - RENAL SERVICES,NO,YES,,01/04/2013,,1,AMBER,GREEN,GREEN,,ACUTE,
NCBPS29M,ADULT SPECIALIST RESPIRATORY SERVICES: INTERSTITIAL LUNG DISEASE,NCBPS29M: ADULT SPECIALIST RESPIRATORY SERVICES: INTERSTITIAL LUNG DISEASE,NHS ENGLAND - SPECIALISED SERVICES,A01 - SPECIALISED RESPIRATORY,NO,YES,NAME CHANGE IN 2022-23,01/04/2013,,1,GREEN,GREEN,GREEN,,ACUTE,
NCBPS29E,ADULT SPECIALIST RESPIRATORY SERVICES: MANAGEMENT OF CENTRAL AIRWAY OBSTRUCTION,NCBPS29E: ADULT SPECIALIST RESPIRATORY SERVICES: MANAGEMENT OF CENTRAL AIRWAY OBSTRUCTION,NHS ENGLAND - SPECIALISED SERVICES,A01 - SPECIALISED RESPIRATORY,NO,YES (APC ONLY),NAME CHANGE IN 2022-23,01/04/2013,,1,AMBER,GREEN,GREEN,,ACUTE,
NCBPS29E_TOP,ADULT SPECIALIST RESPIRATORY SERVICES: MANAGEMENT OF CENTRAL AIRWAY OBSTRUCTION - TOP UP,NCBPS29E_TOP: ADULT SPECIALIST RESPIRATORY SERVICES: MANAGEMENT OF CENTRAL AIRWAY OBSTRUCTION - TOP UP,NHS ENGLAND - SPECIALISED SERVICES,A01 - SPECIALISED RESPIRATORY,NO,,FOR TOP PAYMENT IDENTIFICATION ONLY,01/04/2024,,1,BLUE,BLUE,BLUE,,ACUTE,
NCBPS29A,ADULT SPECIALIST RESPIRATORY SERVICES: PULMONARY VASCULAR SERVICES,NCBPS29A: ADULT SPECIALIST RESPIRATORY SERVICES: PULMONARY VASCULAR SERVICES,NHS ENGLAND - SPECIALISED SERVICES,A01 - SPECIALISED RESPIRATORY,NO,YES (APC ONLY),"CODE RETIRED IN 2023-24, INCORPORATED INTO NCBPS13A",01/04/2013,31/03/2024,0,NOT APPLICABLE,NOT APPLICABLE,NOT APPLICABLE,,ACUTE,
NCBPS29S,ADULT SPECIALIST RESPIRATORY SERVICES: SEVERE ASTHMA,NCBPS29S: ADULT SPECIALIST RESPIRATORY SERVICES: SEVERE ASTHMA,NHS ENGLAND - SPECIALISED SERVICES,A01 - SPECIALISED RESPIRATORY,NO,YES (APC ONLY),NAME CHANGE IN 2022-23,01/04/2013,,1,GREEN,GREEN,GREEN,,ACUTE,
NCBPS26Z,ADULT SPECIALIST RHEUMATOLOGY SERVICES,NCBPS26Z: ADULT SPECIALIST RHEUMATOLOGY SERVICES,NHS ENGLAND - SPECIALISED SERVICES,A09 - SPECIALISED RHEUMATOLOGY,NO,YES (Nac ONLY),NAME CHANGE IN 2022-23,01/04/2013,,1,GREEN,GREEN,GREEN,,ACUTE,
NCBPS14A,ADULT SPECIALIST SERVICES FOR PEOPLE LIVING WITH HIV,NCBPS14A: ADULT SPECIALIST SERVICES FOR PEOPLE LIVING WITH HIV,NHS ENGLAND - SPECIALISED SERVICES,F03 - HIV,NO,YES (APC ONLY),SERVICE LINE SPLIT FROM NCBPS14Z IN 2019-20. NAME CHANGE IN 2022-23,01/04/2019,,1,GREEN,GREEN,GREEN,,ACUTE,
NCBPS30Z,ADULT SPECIALIST VASCULAR SERVICES,NCBPS30Z: ADULT SPECIALIST VASCULAR SERVICES,NHS ENGLAND - SPECIALISED SERVICES,A04 - VASCULAR DISEASE,NO,YES,,01/04/2013,,1,GREEN,GREEN,GREEN,,ACUTE,
NCBPS30Z_TOP,ADULT SPECIALIST VASCULAR SERVICES - TOP UP,NCBPS30Z_TOP: ADULT SPECIALIST VASCULAR SERVICES - TOP UP,NHS ENGLAND - SPECIALISED SERVICES,A04 - VASCULAR DISEASE,NO,,FOR TOP PAYMENT IDENTIFICATION ONLY,01/04/2024,,1,BLUE,BLUE,BLUE,,ACUTE,
NCBPS29B,ADULT THORACIC SURGERY SERVICES: COMPLEX THORACIC SURGERY,NCBPS29B: ADULT THORACIC SURGERY SERVICES: COMPLEX THORACIC SURGERY,NHS ENGLAND - SPECIALISED SERVICES,B03 - SPECIALISED CANCER SURGERY,NO,YES (APC ONLY),,01/04/2013,,1,GREEN,GREEN,GREEN,,ACUTE,
NCBPS29B_TOP,ADULT THORACIC SURGERY SERVICES: COMPLEX THORACIC SURGERY - TOP UP,NCBPS29B_TOP: ADULT THORACIC SURGERY SERVICES: COMPLEX THORACIC SURGERY - TOP UP,NHS ENGLAND - SPECIALISED SERVICES,B03 - SPECIALISED CANCER SURGERY,NO,,FOR TOP PAYMENT IDENTIFICATION ONLY,01/04/2024,,1,BLUE,BLUE,BLUE,,ACUTE,
NCBPS29Z,ADULT THORACIC SURGERY SERVICES: OUTPATIENTS,NCBPS29Z: ADULT THORACIC SURGERY SERVICES: OUTPATIENTS,NHS ENGLAND - SPECIALISED SERVICES,B03 - SPECIALISED CANCER SURGERY,NO,YES (Nac ONLY),,01/04/2013,,1,GREEN,GREEN,GREEN,,ACUTE,
NCBPS02C,ADVANCED THERAPY MEDICINAL PRODUCTS (ATMPS),NCBPS02C: ADVANCED THERAPY MEDICINAL PRODUCTS (ATMPS),NHS ENGLAND - SPECIALISED SERVICES,B99 - CANCER NPOC / CRG TO BE DECIDED,NO,,SEPARATE SERVICE LINE TO DIFFERENTIATE ACTIVITY FROM NCBPS02Z. NAME CHANGE IN 2022-23,01/04/2018,,1,AMBER,RED,RED,,ACUTE,
NCBPS20A,ALKAPTONURIA SERVICE,NCBPS20A: ALKAPTONURIA SERVICE,NHS ENGLAND - SPECIALISED SERVICES,E06 - METABOLIC DISORDERS,YES,,,01/04/2013,,1,RED,RED,RED,,ACUTE,
NCBPS29H,ALPHA 1 ANTITRYPSIN SERVICES,NCBPS29H: ALPHA 1 ANTITRYPSIN SERVICES,NHS ENGLAND - SPECIALISED SERVICES,A01 - SPECIALISED RESPIRATORY,YES,,NEW SERVICE IN 2022-23,01/04/2022,,1,RED,RED,RED,,ACUTE,
NCBPSH23,ALSTRÖM SYNDROME SERVICE (ADULTS AND CHILDREN),NCBPSH23: ALSTRÖM SYNDROME SERVICE (ADULTS AND CHILDREN),NHS ENGLAND - SPECIALISED SERVICES,E03 - PAEDIATRIC MEDICINE,YES,,NAME CHANGE IN 2022-23,01/04/2013,,1,RED,RED,RED,,ACUTE,
NCBPS37C,ARTIFICIAL EYE SERVICE,NCBPS37C: ARTIFICIAL EYE SERVICE,NHS ENGLAND - SPECIALISED SERVICES,D06 - SPECIALISED EAR AND OPHTHALMOLOGY SERVICES,NO,,NAME CHANGE IN 2022-23,01/04/2019,,1,GREEN,GREEN,GREEN,,ACUTE,
NCBPS23J,ATAXIA TELANGIECTASIA SERVICE FOR CHILDREN,NCBPS23J: ATAXIA TELANGIECTASIA SERVICE FOR CHILDREN,NHS ENGLAND - SPECIALISED SERVICES,E04 - PAEDIATRIC NEUROSCIENCES,YES,YES,CODE CHANGED TO NCBPS23J FROM NCBPSJ23,01/04/2015,,1,RED,RED,RED,,ACUTE,
NCBPSJ23,ATAXIA TELANGIECTASIA SERVICE FOR CHILDREN,NCBPSJ23: ATAXIA TELANGIECTASIA SERVICE FOR CHILDREN,NHS ENGLAND - SPECIALISED SERVICES,E04 - PAEDIATRIC NEUROSCIENCES,YES,,CODE RETIRED IN 2015-16,01/04/2013,31/03/2016,0,NOT APPLICABLE,NOT APPLICABLE,NOT APPLICABLE,,ACUTE,
NCBPS11A,ATYPICAL HAEMOLYTIC URAEMIC SYNDROME SERVICES (ADULTS AND CHILDREN),NCBPS11A: ATYPICAL HAEMOLYTIC URAEMIC SYNDROME SERVICES (ADULTS AND CHILDREN),NHS ENGLAND - SPECIALISED SERVICES,A06 - RENAL SERVICES,YES,,NEW SERVICE IN 2016-17. NAME CHANGE IN 2022-23,01/04/2016,,1,RED,RED,RED,,ACUTE,
NCBPS32E,AUDITORY BRAINSTEM IMPLANTS FOR CHILDREN,NCBPS32E: AUDITORY BRAINSTEM IMPLANTS FOR CHILDREN,NHS ENGLAND - SPECIALISED SERVICES,D06 - SPECIALISED EAR AND OPHTHALMOLOGY SERVICES,YES,,NEW SERVICE IN 2018-19,01/04/2018,,1,RED,RED,RED,,ACUTE,
NCBPS16A,AUTOIMMUNE PAEDIATRIC GUT SYNDROMES SERVICE,NCBPS16A: AUTOIMMUNE PAEDIATRIC GUT SYNDROMES SERVICE,NHS ENGLAND - SPECIALISED SERVICES,E03 - PAEDIATRIC MEDICINE,YES,,,01/04/2013,,1,RED,RED,RED,,ACUTE,
NCBPS12A,AUTOLOGOUS INTESTINAL RECONSTRUCTION SERVICE FOR ADULTS,NCBPS12A: AUTOLOGOUS INTESTINAL RECONSTRUCTION SERVICE FOR ADULTS,NHS ENGLAND - SPECIALISED SERVICES,A07 - SPECIALISED COLORECTAL SERVICES,YES,,,01/04/2013,,1,RED,RED,RED,,ACUTE,
NCBPS20B,BARDET-BIEDL SYNDROME SERVICE (ADULTS AND CHILDREN),NCBPS20B: BARDET-BIEDL SYNDROME SERVICE (ADULTS AND CHILDREN),NHS ENGLAND - SPECIALISED SERVICES,E03 - PAEDIATRIC MEDICINE,YES,,NAME CHANGE IN 2022-23,01/04/2013,,1,RED,RED,RED,,ACUTE,
NCBPS36A,BARTH SYNDROME SERVICE (ADULTS AND CHILDREN),NCBPS36A: BARTH SYNDROME SERVICE (ADULTS AND CHILDREN),NHS ENGLAND - SPECIALISED SERVICES,E06 - METABOLIC DISORDERS,YES,,NAME CHANGE IN 2022-23,01/04/2013,,1,RED,RED,RED,,ACUTE,
NCBPS36B,BECKWITH-WIEDEMANN SYNDROME WITH MACROGLOSSIA SERVICE (CHILDREN),NCBPS36B: BECKWITH-WIEDEMANN SYNDROME WITH MACROGLOSSIA SERVICE (CHILDREN),NHS ENGLAND - SPECIALISED SERVICES,E02 - SPECIALISED SURGERY IN CHILDREN,YES,YES (APC ONLY),NAME CHANGE IN 2022-23,01/04/2013,,1,RED,RED,RED,,ACUTE,
NCBPS16B,BEHÇET’S SYNDROME SERVICE (ADULTS AND ADOLESCENTS),NCBPS16B: BEHÇET’S SYNDROME SERVICE (ADULTS AND ADOLESCENTS),NHS ENGLAND - SPECIALISED SERVICES,A09 - SPECIALISED RHEUMATOLOGY,YES,,NAME CHANGE IN 2022-23,01/04/2013,,1,RED,RED,RED,,ACUTE,
NCBPS19C,BILIARY TRACT CANCER SURGERY (ADULTS),NCBPS19C: BILIARY TRACT CANCER SURGERY (ADULTS),NHS ENGLAND - SPECIALISED SERVICES,B03 - SPECIALISED CANCER SURGERY,NO,YES (APC ONLY),NEW CODE FOR 2024-25,01/04/2024,,1,GREEN,GREEN,GREEN,,ACUTE,
NCBPS19C_TOP,BILIARY TRACT CANCER SURGERY (ADULTS) - TOP UP,NCBPS19C_TOP: BILIARY TRACT CANCER SURGERY (ADULTS) - TOP UP,NHS ENGLAND - SPECIALISED SERVICES,B03 - SPECIALISED CANCER SURGERY,NO,,FOR TOP PAYMENT IDENTIFICATION ONLY,01/04/2024,,1,BLUE,BLUE,BLUE,,ACUTE,
NCBPSD23,BLADDER EXSTROPHY SERVICE (CHILDREN),NCBPSD23: BLADDER EXSTROPHY SERVICE (CHILDREN),NHS ENGLAND - SPECIALISED SERVICES,E02 - SPECIALISED SURGERY IN CHILDREN,YES,,NAME CHANGE IN 2022-23,01/04/2013,,1,RED,RED,RED,,ACUTE,
NCBPS32B,BONE CONDUCTION HEARING IMPLANT SERVICE: BONE ANCHORED HEARING AIDS SERVICES (ADULTS AND CHILDREN),NCBPS32B: BONE CONDUCTION HEARING IMPLANT SERVICE: BONE ANCHORED HEARING AIDS SERVICES (ADULTS AND CHILDREN),NHS ENGLAND - SPECIALISED SERVICES,D06 - SPECIALISED EAR AND OPHTHALMOLOGY SERVICES,NO,YES (APC ONLY),NAME CHANGE IN 2022-23,01/04/2013,,1,GREEN,GREEN,GREEN,,ACUTE,
NCBPS32D,BONE CONDUCTION HEARING IMPLANT SERVICE: MIDDLE EAR IMPLANTABLE HEARING AIDS SERVICE (ADULTS AND CHILDREN),NCBPS32D: BONE CONDUCTION HEARING IMPLANT SERVICE: MIDDLE EAR IMPLANTABLE HEARING AIDS SERVICE (ADULTS AND CHILDREN),NHS ENGLAND - SPECIALISED SERVICES,D06 - SPECIALISED EAR AND OPHTHALMOLOGY SERVICES,NO,YES (APC ONLY),NAME CHANGE IN 2022-23,01/04/2013,,1,GREEN,GREEN,GREEN,,ACUTE,
NCBPS51B,BRACHYTHERAPY (ADULTS),NCBPS51B: BRACHYTHERAPY (ADULTS),NHS ENGLAND - SPECIALISED SERVICES,B03 - SPECIALISED CANCER SURGERY,NO,YES - APC & NAC,NEW CODE FOR 2024-25,01/04/2024,,1,GREEN,GREEN,GREEN,,ACUTE,
NCBPS09N,BURNS NETWORK,NCBPS09N: BURNS NETWORK,NHS ENGLAND - SPECIALISED SERVICES,D02 - MAJOR TRAUMA,NO,,CLINICAL NETWORK CODE INTRODUCED FOR 2022-23,01/04/2022,,1,BLUE,BLUE,BLUE,,ACUTE,
NCBPS13H,CARDIAC MAGNETIC RESONANCE IMAGING,NCBPS13H: CARDIAC MAGNETIC RESONANCE IMAGING,NHS ENGLAND - SPECIALISED SERVICES,A05 - CARDIOTHORACIC SERVICES,NO,,,01/04/2013,,1,GREEN,GREEN,GREEN,,ACUTE,
NCBPS13U,CARDIAC NETWORK,NCBPS13U: CARDIAC NETWORK,NHS ENGLAND - SPECIALISED SERVICES,A05 - CARDIOTHORACIC SERVICES,NO,,CLINICAL NETWORK CODE INTRODUCED FOR 2022-23,01/04/2022,,1,BLUE,BLUE,BLUE,,ACUTE,
NCBPS03C,CASTLEMAN DISEASE,NCBPS03C: CASTLEMAN DISEASE,NHS ENGLAND - SPECIALISED SERVICES,F02 - SPECIALISED BLOOD DISORDERS,NO,,NEW SERVICE IN 2022-23,01/04/2022,,1,AMBER,GREEN,GREEN,,ACUTE,
NCBPS01C,CHEMOTHERAPY SERVICES,NCBPS01C: CHEMOTHERAPY SERVICES,NHS ENGLAND - SPECIALISED SERVICES,B02 - CHEMOTHERAPY,NO,,,01/04/2013,,1,GREEN,GREEN,GREEN,,ACUTE,
NCBPH28C,CHILD HEALTH INFORMATION SERVICES,NCBPH28C: CHILD HEALTH INFORMATION SERVICES,NHS ENGLAND - PUBLIC HEALTH,NOT APPLICABLE,NOT APPLICABLE,NO,,01/04/2020,,1,NOT APPLICABLE,NOT APPLICABLE,NOT APPLICABLE,,NOT APPLICABLE,
NCBPS22N,CHILDREN AND YOUNG PEOPLE'S GENDER PROVIDER COLLABORATIVE,NCBPS22N: CHILDREN AND YOUNG PEOPLE'S GENDER PROVIDER COLLABORATIVE,NHS ENGLAND - SPECIALISED SERVICES,G01 - GENDER IDENTITY SERVICES,NO,NO,NEW CODE FOR 2024-25,01/04/2024,,1,BLUE,BLUE,BLUE,,ACUTE,
NCBPS51M,CHILDRENS AND TEENAGE YOUNG ADULTS CANCER NETWORK,NCBPS51M: CHILDRENS AND TEENAGE YOUNG ADULTS CANCER NETWORK,NHS ENGLAND - SPECIALISED SERVICES,B05 - CHILDREN AND YOUNG ADULT CANCER SERVICES,NO,,CLINICAL NETWORK CODE INTRODUCED FOR 2022-23,01/04/2022,,1,BLUE,BLUE,BLUE,,ACUTE,
NCBPS73M,CHILDREN'S EPILEPSY SURGERY SERVICE,NCBPS73M: CHILDREN'S EPILEPSY SURGERY SERVICE,NHS ENGLAND - SPECIALISED SERVICES,E02 - SPECIALISED SURGERY IN CHILDREN,NO,YES (APC ONLY),NEW CODE FOR 2024-25,01/04/2024,,1,RED,RED,RED,,ACUTE,
NCBPS73M_TOP,CHILDREN'S EPILEPSY SURGERY SERVICE - TOP UP,NCBPS73M_TOP: CHILDREN'S EPILEPSY SURGERY SERVICE - TOP UP,NHS ENGLAND - SPECIALISED SERVICES,E02 - SPECIALISED SURGERY IN CHILDREN,NO,,FOR TOP PAYMENT IDENTIFICATION ONLY,01/04/2024,,1,BLUE,BLUE,BLUE,,ACUTE,
NCBPS01I,CHORIOCARCINOMA SERVICE (ADULTS AND ADOLESCENTS),NCBPS01I: CHORIOCARCINOMA SERVICE (ADULTS AND ADOLESCENTS),NHS ENGLAND - SPECIALISED SERVICES,B03 - SPECIALISED CANCER SURGERY,YES,YES (APC ONLY),NAME CHANGE IN 2022-23,01/04/2013,,1,RED,RED,RED,,ACUTE,
NCBPS29Q,CHRONIC PULMONARY ASPERGILLOSIS SERVICE (ADULTS),NCBPS29Q: CHRONIC PULMONARY ASPERGILLOSIS SERVICE (ADULTS),NHS ENGLAND - SPECIALISED SERVICES,A01 - SPECIALISED RESPIRATORY,YES,,NAME CHANGE IN 2022-23,01/04/2013,,1,RED,RED,RED,,ACUTE,
NCBPS15Z,CLEFT LIP AND PALATE SERVICES (ADULTS AND CHILDREN),NCBPS15Z: CLEFT LIP AND PALATE SERVICES (ADULTS AND CHILDREN),NHS ENGLAND - SPECIALISED SERVICES,E02 - SPECIALISED SURGERY IN CHILDREN,NO,YES (APC ONLY),NAME CHANGE IN 2022-23,01/04/2013,,1,GREEN,GREEN,GREEN,,ACUTE,
NCBPS20Z,CLINICAL GENOMIC SERVICES (ADULTS AND CHILDREN),NCBPS20Z: CLINICAL GENOMIC SERVICES (ADULTS AND CHILDREN),NHS ENGLAND - SPECIALISED SERVICES,E01 - MEDICAL GENETICS,NO,YES (Nac ONLY),NAME CHANGE IN 2022-23,01/04/2013,,1,AMBER,RED,RED,,ACUTE,
NCBPS36F,CLN2 DISEASE,NCBPS36F: CLN2 DISEASE,NHS ENGLAND - SPECIALISED SERVICES,E06 - METABOLIC DISORDERS,YES,,NEW SERVICE IN 2020-21,01/04/2020,,1,RED,RED,RED,,ACUTE,
NCBPS32A,COCHLEAR IMPLANTATION SERVICES (ADULTS AND CHILDREN),NCBPS32A: COCHLEAR IMPLANTATION SERVICES (ADULTS AND CHILDREN),NHS ENGLAND - SPECIALISED SERVICES,D06 - SPECIALISED EAR AND OPHTHALMOLOGY SERVICES,NO,YES (APC ONLY),NAME CHANGE IN 2022-23,01/04/2013,,1,GREEN,GREEN,GREEN,,ACUTE,
NCBPSK23,COMPLEX CHILDHOOD OSTEOGENESIS IMPERFECTA SERVICE,NCBPSK23: COMPLEX CHILDHOOD OSTEOGENESIS IMPERFECTA SERVICE,NHS ENGLAND - SPECIALISED SERVICES,E03 - PAEDIATRIC MEDICINE,YES,,,01/04/2013,,1,RED,RED,RED,,ACUTE,
NCBPSM23,COMPLEX EHLERS DANLOS SYNDROME SERVICE (ADULTS AND CHILDREN),NCBPSM23: COMPLEX EHLERS DANLOS SYNDROME SERVICE (ADULTS AND CHILDREN),NHS ENGLAND - SPECIALISED SERVICES,A09 - SPECIALISED RHEUMATOLOGY,YES,,NAME CHANGE IN 2022-23,01/04/2013,,1,RED,RED,RED,,ACUTE,
NCBPS29V,COMPLEX HOME VENTILATION (ADULTS),NCBPS29V: COMPLEX HOME VENTILATION (ADULTS),NHS ENGLAND - SPECIALISED SERVICES,A01 - SPECIALISED RESPIRATORY,NO,,,01/04/2013,,1,AMBER,GREEN,GREEN,,ACUTE,
NCBPS08A,COMPLEX NEUROFIBROMATOSIS TYPE 1 SERVICE (ADULTS AND CHILDREN),NCBPS08A: COMPLEX NEUROFIBROMATOSIS TYPE 1 SERVICE (ADULTS AND CHILDREN),NHS ENGLAND - SPECIALISED SERVICES,E01 - MEDICAL GENETICS,YES,,NAME CHANGE IN 2022-23,01/04/2013,,1,RED,RED,RED,,ACUTE,
NCBPS34C,COMPLEX ORTHOPAEDICS: HUB AND MDT FUNDING,NCBPS34C: COMPLEX ORTHOPAEDICS: HUB AND MDT FUNDING,NHS ENGLAND - SPECIALISED SERVICES,D10 - SPECIALISED ORTHOPAEDIC SERVICES,NO,,NEW CODE FOR COMPLEX ORTHOPAEDIC HUB AND MDT FUNDING,01/04/2024,,1,BLUE,BLUE,BLUE,,ACUTE,
NCBPS06Z,COMPLEX SPINAL SURGERY SERVICES (EXCLUDING NEUROSURGERY) (ADULTS AND CHILDREN),NCBPS06Z: COMPLEX SPINAL SURGERY SERVICES (EXCLUDING NEUROSURGERY) (ADULTS AND CHILDREN),NHS ENGLAND - SPECIALISED SERVICES,D03 - SPINAL SERVICES,NO,YES (APC ONLY),NAME CHANGE IN 2022-23,01/04/2013,,1,GREEN,GREEN,GREEN,,ACUTE,
NCBPS06Z_TOP,COMPLEX SPINAL SURGERY SERVICES (EXCLUDING NEUROSURGERY) (ADULTS AND CHILDREN) - TOP UP,NCBPS06Z_TOP: COMPLEX SPINAL SURGERY SERVICES (EXCLUDING NEUROSURGERY) (ADULTS AND CHILDREN) - TOP UP,NHS ENGLAND - SPECIALISED SERVICES,D03 - SPINAL SERVICES,NO,,FOR TOP PAYMENT IDENTIFICATION ONLY,01/04/2024,,1,BLUE,BLUE,BLUE,,ACUTE,
NCBPS08Z,COMPLEX SPINAL SURGERY SERVICES (NEUROSURGERY) (ADULTS AND CHILDREN),NCBPS08Z: COMPLEX SPINAL SURGERY SERVICES (NEUROSURGERY) (ADULTS AND CHILDREN),NHS ENGLAND - SPECIALISED SERVICES,D03 - SPINAL SERVICES,NO,,NEW CODE FOR 2022-23 TO SEPARATE SPINAL SURGERY UNDERTAKEN BY NEUROSURGEONS,01/04/2022,,1,GREEN,GREEN,GREEN,,ACUTE,
NCBPS08Z_TOP,COMPLEX SPINAL SURGERY SERVICES (NEUROSURGERY) (ADULTS AND CHILDREN) - TOP UP,NCBPS08Z_TOP: COMPLEX SPINAL SURGERY SERVICES (NEUROSURGERY) (ADULTS AND CHILDREN) - TOP UP,NHS ENGLAND - SPECIALISED SERVICES,D03 - SPINAL SERVICES,NO,,FOR TOP PAYMENT IDENTIFICATION ONLY,01/04/2024,,1,BLUE,BLUE,BLUE,,ACUTE,
NCBPS04N,COMPLEX TERMINATION NETWORK,NCBPS04N: COMPLEX TERMINATION NETWORK,NHS ENGLAND - SPECIALISED SERVICES,E09 - SPECIALISED WOMENS SERVICES,NO,,NEW CODE FOR 2024-25,01/04/2024,,1,BLUE,BLUE,BLUE,,ACUTE,
NCBPS04P,COMPLEX TERMINATION OF PREGNANCY,NCBPS04P: COMPLEX TERMINATION OF PREGNANCY,NHS ENGLAND - SPECIALISED SERVICES,E09 - SPECIALISED WOMENS SERVICES,NO,,NEW SERVICE PROCUREMENT IN 2020-21,01/04/2020,,1,GREEN,GREEN,GREEN,,ACUTE,
NCBPSB23,COMPLEX TRACHEAL DISEASE SERVICE (CHILDREN),NCBPSB23: COMPLEX TRACHEAL DISEASE SERVICE (CHILDREN),NHS ENGLAND - SPECIALISED SERVICES,E02 - SPECIALISED SURGERY IN CHILDREN,YES,,NAME CHANGE IN 2022-23,01/04/2013,,1,RED,RED,RED,,ACUTE,
NCBPS13W,CONGENITAL HEART DISEASE NETWORK,NCBPS13W: CONGENITAL HEART DISEASE NETWORK,NHS ENGLAND - SPECIALISED SERVICES,E05 - CONGENITAL HEART SERVICES,NO,,CLINICAL NETWORK CODE INTRODUCED FOR 2022-23,01/04/2022,,1,BLUE,BLUE,BLUE,,ACUTE,
NCBPSN23,CONGENITAL HYPERINSULINISM SERVICE (CHILDREN),NCBPSN23: CONGENITAL HYPERINSULINISM SERVICE (CHILDREN),NHS ENGLAND - SPECIALISED SERVICES,E03 - PAEDIATRIC MEDICINE,YES,,NAME CHANGE IN 2022-23,01/04/2013,,1,RED,RED,RED,,ACUTE,
NCBPH33Z,COVID-19 VIRUS IMMUNISATION PROGRAMME,NCBPH33Z: COVID-19 VIRUS IMMUNISATION PROGRAMME,NHS ENGLAND - PUBLIC HEALTH,NOT APPLICABLE,NOT APPLICABLE,NO,,01/04/2024,,1,NOT APPLICABLE,NOT APPLICABLE,NOT APPLICABLE,,NOT APPLICABLE,
NCBPS15A,CRANIOFACIAL SERVICE (ADULTS AND CHILDREN),NCBPS15A: CRANIOFACIAL SERVICE (ADULTS AND CHILDREN),NHS ENGLAND - SPECIALISED SERVICES,E02 - SPECIALISED SURGERY IN CHILDREN,YES,,NAME CHANGE IN 2022-23,01/04/2013,,1,RED,RED,RED,,ACUTE,
NCBPS08K,CREUTZFELDT-JAKOB DISEASE,NCBPS08K: CREUTZFELDT-JAKOB DISEASE,NHS ENGLAND - SPECIALISED SERVICES,D04 - NEUROSCIENCES,YES,,NEW CODE FOR 2024-25,01/04/2024,,1,RED,RED,RED,,ACUTE,
NCBPS44D,"CRYOPRESERVATION: ADVICE, GUIDANCE AND CO-ORDINATION","NCBPS44D: CRYOPRESERVATION: ADVICE, GUIDANCE AND CO-ORDINATION",NHS ENGLAND - SPECIALISED SERVICES,E03 - PAEDIATRIC MEDICINE,YES,,ADDITIONAL CODE TO ALIGN WITH SERVICE SPECIFICATION,01/04/2024,,1,RED,RED,RED,,ACUTE,
NCBPS44B,CRYOPRESERVATION: TISSUE CRYOPRESERVATION,NCBPS44B: CRYOPRESERVATION: TISSUE CRYOPRESERVATION,NHS ENGLAND - SPECIALISED SERVICES,E03 - PAEDIATRIC MEDICINE,YES,,NEW CODE FOR 2024-25,01/04/2024,,1,RED,RED,RED,,ACUTE,
NCBPS44C,CRYOPRESERVATION: TISSUE RESTORATION,NCBPS44C: CRYOPRESERVATION: TISSUE RESTORATION,NHS ENGLAND - SPECIALISED SERVICES,E03 - PAEDIATRIC MEDICINE,YES,,NEW CODE FOR 2024-25,01/04/2024,,1,RED,RED,RED,,ACUTE,
NCBPS02A,CRYOPYRIN ASSOCIATED PERIODIC SYNDROME SERVICE (ADULTS AND CHILDREN),NCBPS02A: CRYOPYRIN ASSOCIATED PERIODIC SYNDROME SERVICE (ADULTS AND CHILDREN),NHS ENGLAND - SPECIALISED SERVICES,F06 - SPECIALISED IMMUNOLOGY AND ALLERGY SERVICES,YES,,NAME CHANGE IN 2022-23,01/04/2013,,1,RED,RED,RED,,ACUTE,
NCBPS10Z,CYSTIC FIBROSIS SERVICES (ADULTS AND CHILDREN),NCBPS10Z: CYSTIC FIBROSIS SERVICES (ADULTS AND CHILDREN),NHS ENGLAND - SPECIALISED SERVICES,A01 - SPECIALISED RESPIRATORY,NO,YES,NAME CHANGE IN 2022-23,01/04/2013,,1,AMBER,GREEN,GREEN,,ACUTE,
NCBPS36E,CYSTINOSIS,NCBPS36E: CYSTINOSIS,NHS ENGLAND - SPECIALISED SERVICES,A06 - RENAL SERVICES,YES,,,01/04/2022,,1,RED,RED,RED,,ACUTE,
NCBPS33E,CYTOREDUCTIVE SURGERY AND HYPERTHERMIC INTRAPERITONEAL CHEMOTHERAPY FOR COLORECTAL CANCER,NCBPS33E: CYTOREDUCTIVE SURGERY AND HYPERTHERMIC INTRAPERITONEAL CHEMOTHERAPY FOR COLORECTAL CANCER,NHS ENGLAND - SPECIALISED SERVICES,A07 - SPECIALISED COLORECTAL SERVICES,NO,,,01/04/2013,,1,RED,RED,RED,,ACUTE,
NCBPS02B,DIAGNOSTIC AND TREATMENT MANAGEMENT SERVICE FOR AMYLOIDOSIS (ADULTS AND CHILDREN),NCBPS02B: DIAGNOSTIC AND TREATMENT MANAGEMENT SERVICE FOR AMYLOIDOSIS (ADULTS AND CHILDREN),NHS ENGLAND - SPECIALISED SERVICES,F06 - SPECIALISED IMMUNOLOGY AND ALLERGY SERVICES,YES,,NAME CHANGE IN 2024-24,01/04/2013,,1,RED,RED,RED,,ACUTE,
NCBPS29D,DIAGNOSTIC SERVICE FOR PRIMARY CILIARY DYSKINESIA (ADULTS AND CHILDREN),NCBPS29D: DIAGNOSTIC SERVICE FOR PRIMARY CILIARY DYSKINESIA (ADULTS AND CHILDREN),NHS ENGLAND - SPECIALISED SERVICES,E03 - PAEDIATRIC MEDICINE,YES,,NAME CHANGE IN 2022-23,01/04/2013,,1,RED,RED,RED,,ACUTE,
NCBPS08B,DIAGNOSTIC SERVICE FOR RARE NEUROMUSCULAR DISORDERS (ADULTS AND CHILDREN),NCBPS08B: DIAGNOSTIC SERVICE FOR RARE NEUROMUSCULAR DISORDERS (ADULTS AND CHILDREN),NHS ENGLAND - SPECIALISED SERVICES,D04 - NEUROSCIENCES,YES,,NAME CHANGE IN 2022-23,01/04/2013,,1,RED,RED,RED,,ACUTE,
NCBPS34D,DIRECT SKELETAL FIXATION (ADULTS),NCBPS34D: DIRECT SKELETAL FIXATION (ADULTS),NHS ENGLAND - SPECIALISED SERVICES,D10 - SPECIALISED ORTHOPAEDIC SERVICES,NO,,NEW CODE FOR 2024-25,01/04/2024,,1,RED,RED,RED,,ACUTE,
NCBPS33D,DISTAL SACRECTOMY FOR ADVANCED AND RECURRENT RECTAL CANCER,NCBPS33D: DISTAL SACRECTOMY FOR ADVANCED AND RECURRENT RECTAL CANCER,NHS ENGLAND - SPECIALISED SERVICES,A07 - SPECIALISED COLORECTAL SERVICES,NO,,,01/04/2013,,1,GREEN,GREEN,GREEN,,ACUTE,
NCBPS24D,DNA NUCLEOTIDE EXCISION REPAIR DISORDERS SERVICE,NCBPS24D: DNA NUCLEOTIDE EXCISION REPAIR DISORDERS SERVICE,NHS ENGLAND - SPECIALISED SERVICES,A08 - SPECIALISED DERMATOLOGY,YES,,SERVICE EXPANDED TO INCLUDE TWO MORE GENETIC CONDITIONS. PREVIOUSLY NCBPS24B,01/04/2019,,1,RED,RED,RED,,ACUTE,
NCBPS24B,DNA NUCLEOTIDE EXCISION REPAIR DISORDERS SERVICE (ADULTS AND CHILDREN),NCBPS24B: DNA NUCLEOTIDE EXCISION REPAIR DISORDERS SERVICE (ADULTS AND CHILDREN),NHS ENGLAND - SPECIALISED SERVICES,A08 - SPECIALISED DERMATOLOGY,YES,,"CODE RETIRED IN 2023-24, REPLACED BY NCBPS24D",01/04/2013,31/03/2024,0,NOT APPLICABLE,NOT APPLICABLE,NOT APPLICABLE,,ACUTE,
NCBPH09Z,DTAP-IPV PRE-SCHOOL BOOSTER IMMUNISATION PROGRAMME,NCBPH09Z: DTAP-IPV PRE-SCHOOL BOOSTER IMMUNISATION PROGRAMME,NHS ENGLAND - PUBLIC HEALTH,NOT APPLICABLE,NOT APPLICABLE,NO,,01/04/2020,,1,NOT APPLICABLE,NOT APPLICABLE,NOT APPLICABLE,,NOT APPLICABLE,
NCBPS11D,ENCAPSULATING PERITONEAL SCLEROSIS TREATMENT SERVICE (ADULTS),NCBPS11D: ENCAPSULATING PERITONEAL SCLEROSIS TREATMENT SERVICE (ADULTS),NHS ENGLAND - SPECIALISED SERVICES,A06 - RENAL SERVICES,YES,,NAME CHANGE IN 2022-23,01/04/2013,,1,RED,RED,RED,,ACUTE,
NCBPS24A,EPIDERMOLYSIS BULLOSA SERVICE (ADULTS AND CHILDREN),NCBPS24A: EPIDERMOLYSIS BULLOSA SERVICE (ADULTS AND CHILDREN),NHS ENGLAND - SPECIALISED SERVICES,A08 - SPECIALISED DERMATOLOGY,YES,,NAME CHANGE IN 2022-23,01/04/2013,,1,RED,RED,RED,,ACUTE,
NCBPS29F,EXTRA CORPOREAL MEMBRANE OXYGENATION SERVICE FOR ADULTS WITH RESPIRATORY FAILURE,NCBPS29F: EXTRA CORPOREAL MEMBRANE OXYGENATION SERVICE FOR ADULTS WITH RESPIRATORY FAILURE,NHS ENGLAND - SPECIALISED SERVICES,D05 - ADULT CRITICAL CARE,YES,,,01/04/2013,,1,RED,RED,RED,,ACUTE,
NCBPSR23,"EXTRA CORPOREAL MEMBRANE OXYGENATION SERVICE FOR NEONATES, INFANTS AND CHILDREN WITH RESPIRATORY FAILURE","NCBPSR23: EXTRA CORPOREAL MEMBRANE OXYGENATION SERVICE FOR NEONATES, INFANTS AND CHILDREN WITH RESPIRATORY FAILURE",NHS ENGLAND - SPECIALISED SERVICES,E07 - PAEDIATRIC INTENSIVE CARE,YES,,,01/04/2013,,1,RED,RED,RED,,ACUTE,
NCBPSECP,EXTRACORPOREAL PHOTOPHERESIS SERVICE,NCBPSECP: EXTRACORPOREAL PHOTOPHERESIS SERVICE,NHS ENGLAND - SPECIALISED SERVICES,B99 - CANCER NPOC / CRG TO BE DECIDED,NO,,CRG CHANGED TO VARIOUS SINCE THIS SPANS A NUMBER OF NPOCS,01/04/2018,,1,AMBER,GREEN,GREEN,,ACUTE,
NCBPS01D,EX-VIVO PARTIAL NEPHRECTOMY SERVICE (ADULTS),NCBPS01D: EX-VIVO PARTIAL NEPHRECTOMY SERVICE (ADULTS),NHS ENGLAND - SPECIALISED SERVICES,B03 - SPECIALISED CANCER SURGERY,YES,,NAME CHANGE IN 2022-23,01/04/2013,,1,RED,RED,RED,,ACUTE,
NCBPS73F,FETAL EXPOSURE TO MEDICATIONS (FEM) SERVICE,NCBPS73F: FETAL EXPOSURE TO MEDICATIONS (FEM) SERVICE,NHS ENGLAND - SPECIALISED SERVICES,E04 - PAEDIATRIC NEUROSCIENCES,NO,,NEW NORTHERN PILOT ESTABLISHED IN 2024/25,01/04/2024,,1,RED,RED,RED,,ACUTE,
NCBPS04C,FETAL MEDICINE SERVICES (ADULTS AND ADOLESCENTS),NCBPS04C: FETAL MEDICINE SERVICES (ADULTS AND ADOLESCENTS),NHS ENGLAND - SPECIALISED SERVICES,E09 - SPECIALISED WOMENS SERVICES,NO,,FUNDING IS VIA MATERNITY PBR TARRIFF. NAME CHANGE IN 2022-23,01/04/2013,,1,GREEN,GREEN,GREEN,,ACUTE,
NCBPS22Z,GENDER DYSPHORIA (ADULT),NCBPS22Z: GENDER DYSPHORIA (ADULT),NHS ENGLAND - SPECIALISED MENTAL HEALTH SERVICES,G01 - GENDER IDENTITY SERVICES,NO,,"CODE RETIRED IN 2020-21, REPLACED BY NCBPS42A TO NCBPS42E CODE LIST",01/04/2013,31/03/2020,0,NOT APPLICABLE,NOT APPLICABLE,NOT APPLICABLE,,MENTAL HEALTH,
NCBPS42C,GENDER DYSPHORIA SERVICES - CHEST SURGERY (TRANS MASCULINE) (ADULTS),NCBPS42C: GENDER DYSPHORIA SERVICES - CHEST SURGERY (TRANS MASCULINE) (ADULTS),NHS ENGLAND - SPECIALISED SERVICES,G01 - GENDER IDENTITY SERVICES,NO,YES (APC ONLY),SERVICE LINE SPLIT FROM NCBPS22Z IN 2020-21. NAME CHANGE IN 2022-23,01/04/2020,,1,AMBER,RED,RED,,ACUTE,
NCBPS42A,GENDER DYSPHORIA SERVICES - GENITAL SURGERY (TRANS FEMININE) (ADULTS),NCBPS42A: GENDER DYSPHORIA SERVICES - GENITAL SURGERY (TRANS FEMININE) (ADULTS),NHS ENGLAND - SPECIALISED SERVICES,G01 - GENDER IDENTITY SERVICES,NO,YES (APC ONLY),SERVICE LINE SPLIT FROM NCBPS22Z IN 2020-21. NAME CHANGE IN 2022-23,01/04/2020,,1,AMBER,RED,RED,,ACUTE,
NCBPS42B,GENDER DYSPHORIA SERVICES - GENITAL SURGERY (TRANS MASCULINE) (ADULTS),NCBPS42B: GENDER DYSPHORIA SERVICES - GENITAL SURGERY (TRANS MASCULINE) (ADULTS),NHS ENGLAND - SPECIALISED SERVICES,G01 - GENDER IDENTITY SERVICES,NO,YES (APC ONLY),SERVICE LINE SPLIT FROM NCBPS22Z IN 2020-21. NAME CHANGE IN 2022-23,01/04/2020,,1,AMBER,RED,RED,,ACUTE,
NCBPS42D,GENDER DYSPHORIA SERVICES - NON-SURGICAL SERVICES (ADULTS),NCBPS42D: GENDER DYSPHORIA SERVICES - NON-SURGICAL SERVICES (ADULTS),NHS ENGLAND - SPECIALISED SERVICES,G01 - GENDER IDENTITY SERVICES,NO,,SERVICE LINE SPLIT FROM NCBPS22Z IN 2020-21. NAME CHANGE IN 2022-23,01/04/2020,,1,AMBER,RED,RED,,ACUTE,
NCBPS42E,GENDER DYSPHORIA SERVICES - OTHER SURGICAL SERVICES (ADULTS),NCBPS42E: GENDER DYSPHORIA SERVICES - OTHER SURGICAL SERVICES (ADULTS),NHS ENGLAND - SPECIALISED SERVICES,G01 - GENDER IDENTITY SERVICES,NO,YES (APC ONLY),SERVICE LINE SPLIT FROM NCBPS22Z IN 2020-21. NAME CHANGE IN 2022-23,01/04/2020,,1,AMBER,RED,RED,,ACUTE,
NCBPS22A,GENDER DYSPHORIA SERVICES (CHILDREN AND ADOLESCENTS),NCBPS22A: GENDER DYSPHORIA SERVICES (CHILDREN AND ADOLESCENTS),NHS ENGLAND - SPECIALISED SERVICES,G01 - GENDER IDENTITY SERVICES,NO,,NAME CHANGE IN 2022-23. ACUTE GROUPING AND NOT AN HSS AS PREVIOUSLY LISTED,01/04/2013,,1,AMBER,RED,RED,,ACUTE,
NCBPS20G,GENOMIC LABORATORY TESTING SERVICES,NCBPS20G: GENOMIC LABORATORY TESTING SERVICES,NHS ENGLAND - SPECIALISED SERVICES,E01 - MEDICAL GENETICS,NO,,NEW CODE FOR 2024-25,01/04/2024,,1,AMBER,RED,RED,,ACUTE,
NCBPS02Z,HAEMATOPOIETIC STEM CELL TRANSPLANTATION SERVICES (ADULTS AND CHILDREN),NCBPS02Z: HAEMATOPOIETIC STEM CELL TRANSPLANTATION SERVICES (ADULTS AND CHILDREN),NHS ENGLAND - SPECIALISED SERVICES,F01 - BLOOD AND MARROW TRANSPLANTATION,NO,YES,NAME CHANGE IN 2022-23,01/04/2013,,1,AMBER,GREEN,GREEN,,ACUTE,
NCBPS38X,HAEMOGLOBINOPATHIES COORDINATING CENTRES (HCCS),NCBPS38X: HAEMOGLOBINOPATHIES COORDINATING CENTRES (HCCS),NHS ENGLAND - SPECIALISED SERVICES,F05 - HAEMOGLOBINOPATHIES,NO,,NEW CODE FOR 2024-25,01/04/2024,,1,BLUE,BLUE,BLUE,,ACUTE,
NCBPS03P,HAEMOPHILIA PSYCHOLOGICAL SUPPORT SERVICE,NCBPS03P: HAEMOPHILIA PSYCHOLOGICAL SUPPORT SERVICE,NHS ENGLAND - SPECIALISED SERVICES,F02 - SPECIALISED BLOOD DISORDERS,NO,,NEW SERVICE IN 2024-25,01/04/2024,,1,RED,RED,RED,,ACUTE,
NCBPS40A,HAND AND UPPER LIMB TRANSPLANTATION SERVICE (ADULTS),NCBPS40A: HAND AND UPPER LIMB TRANSPLANTATION SERVICE (ADULTS),NHS ENGLAND - SPECIALISED SERVICES,D01 - REHABILITATION AND DISABILITY,YES,,NEW SERVICE IN 2016-17. NAME CHANGE IN 2022-23,01/04/2016,,1,RED,RED,RED,,ACUTE,
NCBPS61M,HEAD AND NECK CANCER SURGERY (ADULTS),NCBPS61M: HEAD AND NECK CANCER SURGERY (ADULTS),NHS ENGLAND - SPECIALISED SERVICES,B03 - SPECIALISED CANCER SURGERY,NO,YES (APC ONLY),NEW CODE FOR 2024-25,01/04/2024,,1,GREEN,GREEN,GREEN,,ACUTE,
NCBPS61M_TOP,HEAD AND NECK CANCER SURGERY (ADULTS) - TOP UP,NCBPS61M_TOP: HEAD AND NECK CANCER SURGERY (ADULTS) - TOP UP,NHS ENGLAND - SPECIALISED SERVICES,B03 - SPECIALISED CANCER SURGERY,NO,,FOR TOP PAYMENT IDENTIFICATION ONLY,01/04/2024,,1,BLUE,BLUE,BLUE,,ACUTE,
NCBPS13N,HEART AND LUNG TRANSPLANTATION SERVICE: HEART AND LUNG TRANSPLANTATION (ADULTS AND CHILDREN),NCBPS13N: HEART AND LUNG TRANSPLANTATION SERVICE: HEART AND LUNG TRANSPLANTATION (ADULTS AND CHILDREN),NHS ENGLAND - SPECIALISED SERVICES,A05 - CARDIOTHORACIC SERVICES / E05 - CONGENITAL HEART SERVICES,YES,YES (APC ONLY),NAME CHANGE IN 2022-23,01/04/2013,,1,RED,RED,RED,,ACUTE,
NCBPS13V,HEART AND LUNG TRANSPLANTATION SERVICE: VENTRICULAR ASSIST DEVICES (ADULTS AND CHILDREN),NCBPS13V: HEART AND LUNG TRANSPLANTATION SERVICE: VENTRICULAR ASSIST DEVICES (ADULTS AND CHILDREN),NHS ENGLAND - SPECIALISED SERVICES,A05 - CARDIOTHORACIC SERVICES / E05 - CONGENITAL HEART SERVICES,YES,YES (APC ONLY),SERVICE SPLIT FROM NCBPS13N IN 2019-20. NAME CHANGE IN 2022-23,01/04/2019,,1,RED,RED,RED,,ACUTE,
NCBPS18N,HEPATITIS C NETWORK,NCBPS18N: HEPATITIS C NETWORK,NHS ENGLAND - SPECIALISED SERVICES,F04 - INFECTIOUS DISEASES,NO,,CLINICAL NETWORK CODE INTRODUCED FOR 2022-23,01/04/2022,,1,BLUE,BLUE,BLUE,,ACUTE,
NCBPH07Z,HIB-CONTAINING VACCINATION PROGRAMME,NCBPH07Z: HIB-CONTAINING VACCINATION PROGRAMME,NHS ENGLAND - PUBLIC HEALTH,NOT APPLICABLE,NOT APPLICABLE,NO,,01/04/2020,,1,NOT APPLICABLE,NOT APPLICABLE,NOT APPLICABLE,,NOT APPLICABLE,
NCBPS18K,HIGH CONSEQUENCE INFECTIOUS AIRBORNE DISEASE SERVICE FOR CHILDREN,NCBPS18K: HIGH CONSEQUENCE INFECTIOUS AIRBORNE DISEASE SERVICE FOR CHILDREN,NHS ENGLAND - SPECIALISED SERVICES,F04 - INFECTIOUS DISEASES,YES,,NEW SERVICE IN 2018-19,01/04/2018,,1,RED,RED,RED,,ACUTE,
NCBPS18M,HIGH CONSEQUENCE INFECTIOUS CONTACT DISEASE SERVICE FOR CHILDREN,NCBPS18M: HIGH CONSEQUENCE INFECTIOUS CONTACT DISEASE SERVICE FOR CHILDREN,NHS ENGLAND - SPECIALISED SERVICES,F04 - INFECTIOUS DISEASES,YES,,NEW SERVICE IN 2018-19,01/04/2018,,1,RED,RED,RED,,ACUTE,
NCBPS04B,HIGHLY SPECIALIST ADULT GYNAECOLOGICAL SURGERY AND URINARY SURGERY SERVICES FOR FEMALES,NCBPS04B: HIGHLY SPECIALIST ADULT GYNAECOLOGICAL SURGERY AND URINARY SURGERY SERVICES FOR FEMALES,NHS ENGLAND - SPECIALISED SERVICES,E09 - SPECIALISED WOMENS SERVICES,NO,,CODE RETIRED IN 2022-23. SERVICE NOW UNDER NCBPS04L,01/04/2013,31/03/2022,0,NOT APPLICABLE,NOT APPLICABLE,NOT APPLICABLE,,ACUTE,
NCBPH32Z,HUMAN PAPILLOMAVIRUS IMMUNISATION PROGRAMME FOR MEN WHO HAVE SEX WITH MEN,NCBPH32Z: HUMAN PAPILLOMAVIRUS IMMUNISATION PROGRAMME FOR MEN WHO HAVE SEX WITH MEN,NHS ENGLAND - PUBLIC HEALTH,NOT APPLICABLE,NOT APPLICABLE,NO,,01/04/2020,,1,NOT APPLICABLE,NOT APPLICABLE,NOT APPLICABLE,,NOT APPLICABLE,
NCBPH11Z,HUMAN PAPILLOMAVIRUS VIRUS IMMSUNISATION PROGRAMME,NCBPH11Z: HUMAN PAPILLOMAVIRUS VIRUS IMMSUNISATION PROGRAMME,NHS ENGLAND - PUBLIC HEALTH,NOT APPLICABLE,NOT APPLICABLE,NO,,01/04/2020,,1,NOT APPLICABLE,NOT APPLICABLE,NOT APPLICABLE,,NOT APPLICABLE,
NCBPS18D,HUMAN T- CELL LYMPHOTROPIC VIRUS TYPE 1 AND 2,NCBPS18D: HUMAN T- CELL LYMPHOTROPIC VIRUS TYPE 1 AND 2,NHS ENGLAND - SPECIALISED SERVICES,F04 - INFECTIOUS DISEASES,NO,,NEW SERVICE IN 2022-23,01/04/2022,,1,RED,RED,RED,,ACUTE,
NCBPS28Z,HYPERBARIC OXYGEN TREATMENT SERVICES (ADULTS AND CHILDREN),NCBPS28Z: HYPERBARIC OXYGEN TREATMENT SERVICES (ADULTS AND CHILDREN),NHS ENGLAND - SPECIALISED SERVICES,D11 - HYPERBARIC OXYGEN THERAPY,NO,YES (APC ONLY),NAME CHANGE IN 2022-23,01/04/2013,,1,RED,RED,RED,,ACUTE,
NCBPH04Z,"IMMUNISATION AGAINST DIPHTHERIA, TETANUS, POLIOMYELITIS, PERTUSSIS, HIB AND HEPB PROGRAMME","NCBPH04Z: IMMUNISATION AGAINST DIPHTHERIA, TETANUS, POLIOMYELITIS, PERTUSSIS, HIB AND HEPB PROGRAMME",NHS ENGLAND - PUBLIC HEALTH,NOT APPLICABLE,NOT APPLICABLE,NO,,01/04/2020,,1,NOT APPLICABLE,NOT APPLICABLE,NOT APPLICABLE,,NOT APPLICABLE,
NCBPS18P,INFECTIOUS DISEASE NETWORK,NCBPS18P: INFECTIOUS DISEASE NETWORK,NHS ENGLAND - SPECIALISED SERVICES,F04 - INFECTIOUS DISEASES,NO,,NEW CODE FOR 2024-25,01/04/2024,,1,BLUE,BLUE,BLUE,,ACUTE,
NCBPS18U,INFECTIOUS DISEASES ISOLATION UNIT,NCBPS18U: INFECTIOUS DISEASES ISOLATION UNIT,NHS ENGLAND - SPECIALISED SERVICES,F04 - INFECTIOUS DISEASES,NO,,,01/04/2013,,1,RED,RED,RED,,ACUTE,
NCBPS43A,INHERITED WHITE MATTER DISORDERS DIAGNOSTIC AND MANAGEMENT SERVICE FOR ADULTS,NCBPS43A: INHERITED WHITE MATTER DISORDERS DIAGNOSTIC AND MANAGEMENT SERVICE FOR ADULTS,NHS ENGLAND - SPECIALISED SERVICES,D04 - NEUROSCIENCES,YES,,NEW SERVICE PROCUREMENT IN 2020-21,01/04/2020,,1,RED,RED,RED,,ACUTE,
NCBPS43C,INHERITED WHITE MATTER DISORDERS DIAGNOSTIC AND MANAGEMENT SERVICE FOR CHILDREN,NCBPS43C: INHERITED WHITE MATTER DISORDERS DIAGNOSTIC AND MANAGEMENT SERVICE FOR CHILDREN,NHS ENGLAND - SPECIALISED SERVICES,E04 - PAEDIATRIC NEUROSCIENCES,YES,,NEW SERVICE PROCUREMENT IN 2020-21,01/04/2020,,1,RED,RED,RED,,ACUTE,
NCBPS27A,INSULIN-RESISTANT DIABETES SERVICE (ADULTS AND CHILDREN),NCBPS27A: INSULIN-RESISTANT DIABETES SERVICE (ADULTS AND CHILDREN),NHS ENGLAND - SPECIALISED SERVICES,A03 - SPECIALISED ENDOCRINOLOGY,YES,,NAME CHANGE IN 2022-23,01/04/2013,,1,RED,RED,RED,,ACUTE,
NCBPS51A,INTERVENTIONAL ONCOLOGY (ADULTS),NCBPS51A: INTERVENTIONAL ONCOLOGY (ADULTS),NHS ENGLAND - SPECIALISED SERVICES,B03 - SPECIALISED CANCER SURGERY,NO,YES (APC ONLY),NEW CODE FOR 2024-25,01/04/2024,,1,GREEN,GREEN,GREEN,,ACUTE,
NCBPS27B,ISLET TRANSPLANTATION SERVICE (ADULTS),NCBPS27B: ISLET TRANSPLANTATION SERVICE (ADULTS),NHS ENGLAND - SPECIALISED SERVICES,A03 - SPECIALISED ENDOCRINOLOGY,YES,YES (APC ONLY),NAME CHANGE IN 2022-23,01/04/2013,,1,RED,RED,RED,,ACUTE,
NCBPS34J,JOINT PRESERVATION SURGERY,NCBPS34J: JOINT PRESERVATION SURGERY,NHS ENGLAND - SPECIALISED SERVICES,D10 - SPECIALISED ORTHOPAEDIC SERVICES,NO,,NEW CODE FOR 2022-23,01/04/2022,,1,RED,RED,RED,,ACUTE,
NCBPS04H,LATE TERMINATION OF PREGNANCY,NCBPS04H: LATE TERMINATION OF PREGNANCY,NHS ENGLAND - SPECIALISED SERVICES,E09 - SPECIALISED WOMENS SERVICES,NO,,"CODE RETIRED IN 2023-24, REPLACED BY NCBPS04P",01/04/2019,31/03/2024,0,NOT APPLICABLE,NOT APPLICABLE,NOT APPLICABLE,,ACUTE,
NCBPS37E,LIMBAL CELL TREATMENT (HOLOCLAR),NCBPS37E: LIMBAL CELL TREATMENT (HOLOCLAR),NHS ENGLAND - SPECIALISED SERVICES,D06 - SPECIALISED EAR AND OPHTHALMOLOGY SERVICES,NO,,NEW SERVICE IN 2022-23,01/04/2022,,1,RED,RED,RED,,ACUTE,
NCBPS19M,LIVER CANCER SURGERY (ADULTS),NCBPS19M: LIVER CANCER SURGERY (ADULTS),NHS ENGLAND - SPECIALISED SERVICES,B03 - SPECIALISED CANCER SURGERY,NO,YES (APC ONLY),NEW CODE FOR 2024-25,01/04/2024,,1,GREEN,GREEN,GREEN,,ACUTE,
NCBPS19M_TOP,LIVER CANCER SURGERY (ADULTS) - TOP UP,NCBPS19M_TOP: LIVER CANCER SURGERY (ADULTS) - TOP UP,NHS ENGLAND - SPECIALISED SERVICES,B03 - SPECIALISED CANCER SURGERY,NO,,FOR TOP PAYMENT IDENTIFICATION ONLY,01/04/2024,,1,BLUE,BLUE,BLUE,,ACUTE,
NCBPS19T,LIVER TRANSPLANTATION SERVICE (ADULTS AND CHILDREN),NCBPS19T: LIVER TRANSPLANTATION SERVICE (ADULTS AND CHILDREN),NHS ENGLAND - SPECIALISED SERVICES,A02 - HEPATOBILIARY AND PANCREAS / E03 - PAEDIATRIC MEDICINCE,YES,YES (APC ONLY),NAME CHANGE IN 2022-23,01/04/2013,,1,RED,RED,RED,,ACUTE,
NCBPSLDX,LIVING DONOR EXPENSES (TRANSPLANT SERVICES),NCBPSLDX: LIVING DONOR EXPENSES (TRANSPLANT SERVICES),NHS ENGLAND - SPECIALISED SERVICES,A06 - RENAL SERVICES,NO,NO,NEW CODE FOR 2024-25,01/04/2024,,1,BLUE,BLUE,BLUE,,ACUTE,
NCBPS29L,LUNG VOLUME REDUCTION,NCBPS29L: LUNG VOLUME REDUCTION,NHS ENGLAND - SPECIALISED SERVICES,A01 - SPECIALISED RESPIRATORY,NO,,NEW CODE FOR 2022-23,01/04/2022,,1,GREEN,GREEN,GREEN,,ACUTE,
NCBPS29C,LYMPHANGIOLEIOMYOMATOSIS SERVICE (ADULTS),NCBPS29C: LYMPHANGIOLEIOMYOMATOSIS SERVICE (ADULTS),NHS ENGLAND - SPECIALISED SERVICES,A01 - SPECIALISED RESPIRATORY,YES,,NAME CHANGE IN 2022-23,01/04/2013,,1,RED,RED,RED,,ACUTE,
NCBPS36C,LYSOSOMAL STORAGE DISORDER SERVICE (ADULTS AND CHILDREN),NCBPS36C: LYSOSOMAL STORAGE DISORDER SERVICE (ADULTS AND CHILDREN),NHS ENGLAND - SPECIALISED SERVICES,E06 - METABOLIC DISORDERS,YES,,NAME CHANGE IN 2022-23,01/04/2013,,1,RED,RED,RED,,ACUTE,
NCBPS34N,MAJOR TRAUMA NETWORK,NCBPS34N: MAJOR TRAUMA NETWORK,NHS ENGLAND - SPECIALISED SERVICES,D02 - MAJOR TRAUMA,NO,,CLINICAL NETWORK CODE INTRODUCED FOR 2022-23,01/04/2022,,1,BLUE,BLUE,BLUE,,ACUTE,
NCBPS34T,MAJOR TRAUMA SERVICES (ADULTS AND CHILDREN),NCBPS34T: MAJOR TRAUMA SERVICES (ADULTS AND CHILDREN),NHS ENGLAND - SPECIALISED SERVICES,D02 - MAJOR TRAUMA,NO,,NAME CHANGE IN 2022-23,01/04/2013,,1,GREEN,GREEN,GREEN,,ACUTE,
NCBPS04E,MATERNAL MEDICINE COMPLICATIONS OF PREGNANCY,NCBPS04E: MATERNAL MEDICINE COMPLICATIONS OF PREGNANCY,NHS ENGLAND - SPECIALISED SERVICES,E11 - SPECIALISED MATERNITY SERVICES,NO,,CODE RETIRED IN 2016-17,01/04/2013,31/03/2016,0,NOT APPLICABLE,NOT APPLICABLE,NOT APPLICABLE,,ACUTE,
NCBPS26A,MCARDLE'S DISEASE SERVICE (ADULTS),NCBPS26A: MCARDLE'S DISEASE SERVICE (ADULTS),NHS ENGLAND - SPECIALISED SERVICES,E06 - METABOLIC DISORDERS,YES,,NAME CHANGE IN 2022-23,01/04/2013,,1,RED,RED,RED,,ACUTE,
NCBPH10Z,MEASLES MUMPS AND RUBELLA IMMUNISATION PROGRAMME,NCBPH10Z: MEASLES MUMPS AND RUBELLA IMMUNISATION PROGRAMME,NHS ENGLAND - PUBLIC HEALTH,NOT APPLICABLE,NOT APPLICABLE,NO,,01/04/2020,,1,NOT APPLICABLE,NOT APPLICABLE,NOT APPLICABLE,,NOT APPLICABLE,
NCBPH06Z,MENINGOCOCCAL C - CONTAINING VACCINE IMMUNISATION PROGRAMME,NCBPH06Z: MENINGOCOCCAL C - CONTAINING VACCINE IMMUNISATION PROGRAMME,NHS ENGLAND - PUBLIC HEALTH,NOT APPLICABLE,NOT APPLICABLE,NO,,01/04/2020,,1,NOT APPLICABLE,NOT APPLICABLE,NOT APPLICABLE,,NOT APPLICABLE,
NCBPH31Z,MENINGOCOCCAL GROUP B IMMUNISATION PROGRAMME,NCBPH31Z: MENINGOCOCCAL GROUP B IMMUNISATION PROGRAMME,NHS ENGLAND - PUBLIC HEALTH,NOT APPLICABLE,NOT APPLICABLE,NO,,01/04/2020,,1,NOT APPLICABLE,NOT APPLICABLE,NOT APPLICABLE,,NOT APPLICABLE,
NCBPS20D,MITOCHONDRIAL DONATION SERVICE,NCBPS20D: MITOCHONDRIAL DONATION SERVICE,NHS ENGLAND - SPECIALISED SERVICES,E01 - MEDICAL GENETICS,YES,,NEW SERVICE IN 2017-18,01/04/2017,,1,RED,RED,RED,,ACUTE,
NCBPSMOL,MOLECULAR DIAGNOSTICS SERVICE,NCBPSMOL: MOLECULAR DIAGNOSTICS SERVICE,NHS ENGLAND - SPECIALISED SERVICES,E01 - MEDICAL GENETICS,NO,,NEW SERVICE IN 2017-18,01/04/2017,,1,AMBER,RED,RED,,ACUTE,
NCBPS51C,MOLECULAR ONCOLOGY (ADULTS),NCBPS51C: MOLECULAR ONCOLOGY (ADULTS),NHS ENGLAND - SPECIALISED SERVICES,B03 - SPECIALISED CANCER SURGERY,NO,,NEW CODE FOR 2024-25,01/04/2024,,1,GREEN,GREEN,GREEN,,ACUTE,
NCBPS08V,MR-GUIDED LASER INTERSTITIAL THERMAL THERAPY (MRGLITT) (ADULTS),NCBPS08V: MR-GUIDED LASER INTERSTITIAL THERMAL THERAPY (MRGLITT) (ADULTS),NHS ENGLAND - SPECIALISED SERVICES,D04 - NEUROSCIENCES,NO,YES (APC ONLY),NEW CODE FOR 2024-25,01/04/2024,,1,RED,RED,RED,,ACUTE,
NCBPS08V_TOP,MR-GUIDED LASER INTERSTITIAL THERMAL THERAPY (MRGLITT) (ADULTS) - TOP UP,NCBPS08V_TOP: MR-GUIDED LASER INTERSTITIAL THERMAL THERAPY (MRGLITT) (ADULTS) - TOP UP,NHS ENGLAND - SPECIALISED SERVICES,D04 - NEUROSCIENCES,NO,,FOR TOP PAYMENT IDENTIFICATION ONLY,01/04/2024,,1,BLUE,BLUE,BLUE,,ACUTE,
NCBPS08W,MR-GUIDED LASER INTERSTITIAL THERMAL THERAPY (MRGLITT) (CHILDREN),NCBPS08W: MR-GUIDED LASER INTERSTITIAL THERMAL THERAPY (MRGLITT) (CHILDREN),NHS ENGLAND - SPECIALISED SERVICES,E04 - PAEDIATRIC NEUROSCIENCES,NO,YES (APC ONLY),NEW CODE FOR 2024-25,01/04/2024,,1,RED,RED,RED,,ACUTE,
NCBPS08W_TOP,MR-GUIDED LASER INTERSTITIAL THERMAL THERAPY (MRGLITT) (CHILDREN) - TOP UP,NCBPS08W_TOP: MR-GUIDED LASER INTERSTITIAL THERMAL THERAPY (MRGLITT) (CHILDREN) - TOP UP,NHS ENGLAND - SPECIALISED SERVICES,E04 - PAEDIATRIC NEUROSCIENCES,NO,,FOR TOP PAYMENT IDENTIFICATION ONLY,01/04/2024,,1,BLUE,BLUE,BLUE,,ACUTE,
NCBPS13D,MUCOPOLYSACCHARIDOSES SERVICE,NCBPS13D: MUCOPOLYSACCHARIDOSES SERVICE,NHS ENGLAND - SPECIALISED SERVICES,A05 - CARDIOTHORACIC SERVICES,YES,,NEW SERVICE IN 2024-25,01/04/2024,,1,RED,RED,RED,,ACUTE,
NCBPS73T,MULTIPLE SCLEROSIS MANAGEMENT SERVICE FOR CHILDREN,NCBPS73T: MULTIPLE SCLEROSIS MANAGEMENT SERVICE FOR CHILDREN,NHS ENGLAND - SPECIALISED SERVICES,E04 - PAEDIATRIC NEUROSCIENCES,YES,,NEW CODE FOR 2024-25,01/04/2024,,1,RED,RED,RED,,ACUTE,
NCBPST23,MULTIPLE SCLEROSIS MANAGEMENT SERVICE FOR CHILDREN,NCBPST23: MULTIPLE SCLEROSIS MANAGEMENT SERVICE FOR CHILDREN,NHS ENGLAND - SPECIALISED SERVICES,E04 - PAEDIATRIC NEUROSCIENCES,YES,,"NEW SERVICE IN 2018-19, CODE RETIRED IN 2024-25, REPLACED BY NCBPS73T",01/04/2018,31/03/2024,0,NOT APPLICABLE,NOT APPLICABLE,NOT APPLICABLE,,ACUTE,
NCBPS38Z,NATIONAL HAEMOGLOBINOPATHY PANEL (NHP),NCBPS38Z: NATIONAL HAEMOGLOBINOPATHY PANEL (NHP),NHS ENGLAND - SPECIALISED SERVICES,F05 - HAEMOGLOBINOPATHIES,NO,,NEW CODE FOR 2024-25,01/04/2024,,1,BLUE,BLUE,BLUE,,ACUTE,
NCBPH02Z,NEONATAL BCG IMMUNISATION PROGRAMME,NCBPH02Z: NEONATAL BCG IMMUNISATION PROGRAMME,NHS ENGLAND - PUBLIC HEALTH,NOT APPLICABLE,NOT APPLICABLE,NO,,01/04/2020,,1,NOT APPLICABLE,NOT APPLICABLE,NOT APPLICABLE,,NOT APPLICABLE,
NCBPSNIN,NEONATAL CRITICAL CARE NETWORK,NCBPSNIN: NEONATAL CRITICAL CARE NETWORK,NHS ENGLAND - SPECIALISED SERVICES,E08 - NEONATAL CRITICAL CARE,NO,,CLINICAL NETWORK CODE INTRODUCED FOR 2022-23,01/04/2022,,1,BLUE,BLUE,BLUE,,ACUTE,
NCBPSNIC,NEONATAL CRITICAL CARE SERVICES,NCBPSNIC: NEONATAL CRITICAL CARE SERVICES,NHS ENGLAND - SPECIALISED SERVICES,E08 - NEONATAL CRITICAL CARE,NO,,NAME CHANGE IN 2022-23,01/04/2013,,1,GREEN,GREEN,GREEN,,ACUTE,
NCBPH01Z,NEONATAL HEPATITIS B IMMUNISATION PROGRAMME,NCBPH01Z: NEONATAL HEPATITIS B IMMUNISATION PROGRAMME,NHS ENGLAND - PUBLIC HEALTH,NOT APPLICABLE,NOT APPLICABLE,NO,,01/04/2020,,1,NOT APPLICABLE,NOT APPLICABLE,NOT APPLICABLE,,NOT APPLICABLE,
NCBPS08D,NEUROMYELITIS OPTICA SERVICE (ADULTS AND ADOLESCENTS),NCBPS08D: NEUROMYELITIS OPTICA SERVICE (ADULTS AND ADOLESCENTS),NHS ENGLAND - SPECIALISED SERVICES,D04 - NEUROSCIENCES,YES,YES (APC ONLY),NAME CHANGE IN 2022-23,01/04/2013,,1,RED,RED,RED,,ACUTE,
NCBPS08Y,NEUROPSYCHIATRY SERVICES (ADULTS AND CHILDREN),NCBPS08Y: NEUROPSYCHIATRY SERVICES (ADULTS AND CHILDREN),NHS ENGLAND - SPECIALISED MENTAL HEALTH SERVICES,D04 - NEUROSCIENCES,NO,,NAME CHANGE IN 2022-23,01/04/2013,,1,GREEN,GREEN,GREEN,,MENTAL HEALTH,
NCBPS58L,NEUROSURGERY LVHC LOCAL: ANTERIOR LUMBER FUSION,NCBPS58L: NEUROSURGERY LVHC LOCAL: ANTERIOR LUMBER FUSION,NHS ENGLAND - SPECIALISED SERVICES,D04 - NEUROSCIENCES,NO,YES (APC ONLY),NEW CODE FOR 2024-25,01/04/2024,,1,GREEN,GREEN,GREEN,,ACUTE,
NCBPS58L_TOP,NEUROSURGERY LVHC LOCAL: ANTERIOR LUMBER FUSION - TOP UP,NCBPS58L_TOP: NEUROSURGERY LVHC LOCAL: ANTERIOR LUMBER FUSION - TOP UP,NHS ENGLAND - SPECIALISED SERVICES,D04 - NEUROSCIENCES,NO,,FOR TOP PAYMENT IDENTIFICATION ONLY,01/04/2024,,1,BLUE,BLUE,BLUE,,ACUTE,
NCBPS58R,NEUROSURGERY LVHC LOCAL: AWAKE SURGERY FOR REMOVAL OF BRAIN TUMOURS,NCBPS58R: NEUROSURGERY LVHC LOCAL: AWAKE SURGERY FOR REMOVAL OF BRAIN TUMOURS,NHS ENGLAND - SPECIALISED SERVICES,D04 - NEUROSCIENCES,NO,YES (APC ONLY),NEW CODE FOR 2024-25,01/04/2024,,1,GREEN,GREEN,GREEN,,ACUTE,
NCBPS58R_TOP,NEUROSURGERY LVHC LOCAL: AWAKE SURGERY FOR REMOVAL OF BRAIN TUMOURS - TOP UP,NCBPS58R_TOP: NEUROSURGERY LVHC LOCAL: AWAKE SURGERY FOR REMOVAL OF BRAIN TUMOURS - TOP UP,NHS ENGLAND - SPECIALISED SERVICES,D04 - NEUROSCIENCES,NO,,FOR TOP PAYMENT IDENTIFICATION ONLY,01/04/2024,,1,BLUE,BLUE,BLUE,,ACUTE,
NCBPS58N,NEUROSURGERY LVHC LOCAL: INTRAVENTRICULAR TUMOURS RESECTION,NCBPS58N: NEUROSURGERY LVHC LOCAL: INTRAVENTRICULAR TUMOURS RESECTION,NHS ENGLAND - SPECIALISED SERVICES,D04 - NEUROSCIENCES,NO,YES (APC ONLY),NEW CODE FOR 2024-25,01/04/2024,,1,GREEN,GREEN,GREEN,,ACUTE,
NCBPS58N_TOP,NEUROSURGERY LVHC LOCAL: INTRAVENTRICULAR TUMOURS RESECTION - TOP UP,NCBPS58N_TOP: NEUROSURGERY LVHC LOCAL: INTRAVENTRICULAR TUMOURS RESECTION - TOP UP,NHS ENGLAND - SPECIALISED SERVICES,D04 - NEUROSCIENCES,NO,,FOR TOP PAYMENT IDENTIFICATION ONLY,01/04/2024,,1,BLUE,BLUE,BLUE,,ACUTE,
NCBPS58Q,NEUROSURGERY LVHC LOCAL: MICROVASCULAR DECOMPRESSION FOR TRIGEMINAL NEURALGIA,NCBPS58Q: NEUROSURGERY LVHC LOCAL: MICROVASCULAR DECOMPRESSION FOR TRIGEMINAL NEURALGIA,NHS ENGLAND - SPECIALISED SERVICES,D04 - NEUROSCIENCES,NO,YES (APC ONLY),NEW CODE FOR 2024-25,01/04/2024,,1,GREEN,GREEN,GREEN,,ACUTE,
NCBPS58Q_TOP,NEUROSURGERY LVHC LOCAL: MICROVASCULAR DECOMPRESSION FOR TRIGEMINAL NEURALGIA - TOP UP,NCBPS58Q_TOP: NEUROSURGERY LVHC LOCAL: MICROVASCULAR DECOMPRESSION FOR TRIGEMINAL NEURALGIA - TOP UP,NHS ENGLAND - SPECIALISED SERVICES,D04 - NEUROSCIENCES,NO,,FOR TOP PAYMENT IDENTIFICATION ONLY,01/04/2024,,1,BLUE,BLUE,BLUE,,ACUTE,
NCBPS58M,NEUROSURGERY LVHC LOCAL: REMOVAL OF INTRAMEDULLARY SPINAL TUMOURS,NCBPS58M: NEUROSURGERY LVHC LOCAL: REMOVAL OF INTRAMEDULLARY SPINAL TUMOURS,NHS ENGLAND - SPECIALISED SERVICES,D04 - NEUROSCIENCES,NO,YES (APC ONLY),NEW CODE FOR 2024-25,01/04/2024,,1,GREEN,GREEN,GREEN,,ACUTE,
NCBPS58M_TOP,NEUROSURGERY LVHC LOCAL: REMOVAL OF INTRAMEDULLARY SPINAL TUMOURS - TOP UP,NCBPS58M_TOP: NEUROSURGERY LVHC LOCAL: REMOVAL OF INTRAMEDULLARY SPINAL TUMOURS - TOP UP,NHS ENGLAND - SPECIALISED SERVICES,D04 - NEUROSCIENCES,NO,,FOR TOP PAYMENT IDENTIFICATION ONLY,01/04/2024,,1,BLUE,BLUE,BLUE,,ACUTE,
NCBPS58S,NEUROSURGERY LVHC LOCAL: REMOVAL OF PITUITARY TUMOURS INCLUDING FOR CUSHING’S AND ACROMEGALY,NCBPS58S: NEUROSURGERY LVHC LOCAL: REMOVAL OF PITUITARY TUMOURS INCLUDING FOR CUSHING’S AND ACROMEGALY,NHS ENGLAND - SPECIALISED SERVICES,D04 - NEUROSCIENCES,NO,YES (APC ONLY),NEW CODE FOR 2024-25,01/04/2024,,1,GREEN,GREEN,GREEN,,ACUTE,
NCBPS58S_TOP,NEUROSURGERY LVHC LOCAL: REMOVAL OF PITUITARY TUMOURS INCLUDING FOR CUSHING’S AND ACROMEGALY - TOP UP,NCBPS58S_TOP: NEUROSURGERY LVHC LOCAL: REMOVAL OF PITUITARY TUMOURS INCLUDING FOR CUSHING’S AND ACROMEGALY - TOP UP,NHS ENGLAND - SPECIALISED SERVICES,D04 - NEUROSCIENCES,NO,,FOR TOP PAYMENT IDENTIFICATION ONLY,01/04/2024,,1,BLUE,BLUE,BLUE,,ACUTE,
NCBPS58O,NEUROSURGERY LVHC LOCAL: SURGICAL REPAIR OF ANEURYSMS (SURGICAL CLIPPING),NCBPS58O: NEUROSURGERY LVHC LOCAL: SURGICAL REPAIR OF ANEURYSMS (SURGICAL CLIPPING),NHS ENGLAND - SPECIALISED SERVICES,D04 - NEUROSCIENCES,NO,YES (APC ONLY),NEW CODE FOR 2024-25,01/04/2024,,1,GREEN,GREEN,GREEN,,ACUTE,
NCBPS58O_TOP,NEUROSURGERY LVHC LOCAL: SURGICAL REPAIR OF ANEURYSMS (SURGICAL CLIPPING) - TOP UP,NCBPS58O_TOP: NEUROSURGERY LVHC LOCAL: SURGICAL REPAIR OF ANEURYSMS (SURGICAL CLIPPING) - TOP UP,NHS ENGLAND - SPECIALISED SERVICES,D04 - NEUROSCIENCES,NO,,FOR TOP PAYMENT IDENTIFICATION ONLY,01/04/2024,,1,BLUE,BLUE,BLUE,,ACUTE,
NCBPS58P,NEUROSURGERY LVHC LOCAL: THORACIC DISCECTOMY,NCBPS58P: NEUROSURGERY LVHC LOCAL: THORACIC DISCECTOMY,NHS ENGLAND - SPECIALISED SERVICES,D04 - NEUROSCIENCES,NO,YES (APC ONLY),NEW CODE FOR 2024-25,01/04/2024,,1,GREEN,GREEN,GREEN,,ACUTE,
NCBPS58P_TOP,NEUROSURGERY LVHC LOCAL: THORACIC DISCECTOMY - TOP UP,NCBPS58P_TOP: NEUROSURGERY LVHC LOCAL: THORACIC DISCECTOMY - TOP UP,NHS ENGLAND - SPECIALISED SERVICES,D04 - NEUROSCIENCES,NO,,FOR TOP PAYMENT IDENTIFICATION ONLY,01/04/2024,,1,BLUE,BLUE,BLUE,,ACUTE,
NCBPS58B,NEUROSURGERY LVHC NATIONAL: EC-IC BYPASS(COMPLEX/HIGH FLOW),NCBPS58B: NEUROSURGERY LVHC NATIONAL: EC-IC BYPASS(COMPLEX/HIGH FLOW),NHS ENGLAND - SPECIALISED SERVICES,D04 - NEUROSCIENCES,NO,YES (APC ONLY),NEW CODE FOR 2024-25,01/04/2024,,1,GREEN,GREEN,GREEN,,ACUTE,
NCBPS58B_TOP,NEUROSURGERY LVHC NATIONAL: EC-IC BYPASS(COMPLEX/HIGH FLOW) - TOP UP,NCBPS58B_TOP: NEUROSURGERY LVHC NATIONAL: EC-IC BYPASS(COMPLEX/HIGH FLOW) - TOP UP,NHS ENGLAND - SPECIALISED SERVICES,D04 - NEUROSCIENCES,NO,,FOR TOP PAYMENT IDENTIFICATION ONLY,01/04/2024,,1,BLUE,BLUE,BLUE,,ACUTE,
NCBPS58A,NEUROSURGERY LVHC NATIONAL: SURGICAL REMOVAL OF CLIVAL CHORDOMA AND CHONDROSARCOMA,NCBPS58A: NEUROSURGERY LVHC NATIONAL: SURGICAL REMOVAL OF CLIVAL CHORDOMA AND CHONDROSARCOMA,NHS ENGLAND - SPECIALISED SERVICES,D04 - NEUROSCIENCES,NO,YES (APC ONLY),NEW CODE FOR 2024-25,01/04/2024,,1,GREEN,GREEN,GREEN,,ACUTE,
NCBPS58A_TOP,NEUROSURGERY LVHC NATIONAL: SURGICAL REMOVAL OF CLIVAL CHORDOMA AND CHONDROSARCOMA - TOP UP,NCBPS58A_TOP: NEUROSURGERY LVHC NATIONAL: SURGICAL REMOVAL OF CLIVAL CHORDOMA AND CHONDROSARCOMA - TOP UP,NHS ENGLAND - SPECIALISED SERVICES,D04 - NEUROSCIENCES,NO,,FOR TOP PAYMENT IDENTIFICATION ONLY,01/04/2024,,1,BLUE,BLUE,BLUE,,ACUTE,
NCBPS58C,NEUROSURGERY LVHC NATIONAL: TRANSORAL EXCISION OF DENS,NCBPS58C: NEUROSURGERY LVHC NATIONAL: TRANSORAL EXCISION OF DENS,NHS ENGLAND - SPECIALISED SERVICES,D04 - NEUROSCIENCES,NO,YES (APC ONLY),NEW CODE FOR 2024-25,01/04/2024,,1,GREEN,GREEN,GREEN,,ACUTE,
NCBPS58C_TOP,NEUROSURGERY LVHC NATIONAL: TRANSORAL EXCISION OF DENS - TOP UP,NCBPS58C_TOP: NEUROSURGERY LVHC NATIONAL: TRANSORAL EXCISION OF DENS - TOP UP,NHS ENGLAND - SPECIALISED SERVICES,D04 - NEUROSCIENCES,NO,,FOR TOP PAYMENT IDENTIFICATION ONLY,01/04/2024,,1,BLUE,BLUE,BLUE,,ACUTE,
NCBPS58D,NEUROSURGERY LVHC REGIONAL: ANTERIOR SKULL BASED TUMOURS,NCBPS58D: NEUROSURGERY LVHC REGIONAL: ANTERIOR SKULL BASED TUMOURS,NHS ENGLAND - SPECIALISED SERVICES,D04 - NEUROSCIENCES,NO,YES (APC ONLY),NEW CODE FOR 2024-25,01/04/2024,,1,GREEN,GREEN,GREEN,,ACUTE,
NCBPS58D_TOP,NEUROSURGERY LVHC REGIONAL: ANTERIOR SKULL BASED TUMOURS - TOP UP,NCBPS58D_TOP: NEUROSURGERY LVHC REGIONAL: ANTERIOR SKULL BASED TUMOURS - TOP UP,NHS ENGLAND - SPECIALISED SERVICES,D04 - NEUROSCIENCES,NO,,FOR TOP PAYMENT IDENTIFICATION ONLY,01/04/2024,,1,BLUE,BLUE,BLUE,,ACUTE,
NCBPS58G,NEUROSURGERY LVHC REGIONAL: DEEP BRAIN STIMULATION,NCBPS58G: NEUROSURGERY LVHC REGIONAL: DEEP BRAIN STIMULATION,NHS ENGLAND - SPECIALISED SERVICES,D04 - NEUROSCIENCES,NO,YES (APC ONLY),NEW CODE FOR 2024-25,01/04/2024,,1,GREEN,GREEN,GREEN,,ACUTE,
NCBPS58G_TOP,NEUROSURGERY LVHC REGIONAL: DEEP BRAIN STIMULATION - TOP UP,NCBPS58G_TOP: NEUROSURGERY LVHC REGIONAL: DEEP BRAIN STIMULATION - TOP UP,NHS ENGLAND - SPECIALISED SERVICES,D04 - NEUROSCIENCES,NO,,FOR TOP PAYMENT IDENTIFICATION ONLY,01/04/2024,,1,BLUE,BLUE,BLUE,,ACUTE,
NCBPS58J,NEUROSURGERY LVHC REGIONAL: EPILEPSY,NCBPS58J: NEUROSURGERY LVHC REGIONAL: EPILEPSY,NHS ENGLAND - SPECIALISED SERVICES,D04 - NEUROSCIENCES,NO,YES (APC ONLY),NEW CODE FOR 2024-25,01/04/2024,,1,GREEN,GREEN,GREEN,,ACUTE,
NCBPS58J_TOP,NEUROSURGERY LVHC REGIONAL: EPILEPSY - TOP UP,NCBPS58J_TOP: NEUROSURGERY LVHC REGIONAL: EPILEPSY - TOP UP,NHS ENGLAND - SPECIALISED SERVICES,D04 - NEUROSCIENCES,NO,,FOR TOP PAYMENT IDENTIFICATION ONLY,01/04/2024,,1,BLUE,BLUE,BLUE,,ACUTE,
NCBPS58K,NEUROSURGERY LVHC REGIONAL: INSULA GLIOMA’S/ COMPLEX LOW GRADE GLIOMA’S,NCBPS58K: NEUROSURGERY LVHC REGIONAL: INSULA GLIOMA’S/ COMPLEX LOW GRADE GLIOMA’S,NHS ENGLAND - SPECIALISED SERVICES,D04 - NEUROSCIENCES,NO,YES (APC ONLY),NEW CODE FOR 2024-25,01/04/2024,,1,GREEN,GREEN,GREEN,,ACUTE,
NCBPS58K_TOP,NEUROSURGERY LVHC REGIONAL: INSULA GLIOMA’S/ COMPLEX LOW GRADE GLIOMA’S - TOP UP,NCBPS58K_TOP: NEUROSURGERY LVHC REGIONAL: INSULA GLIOMA’S/ COMPLEX LOW GRADE GLIOMA’S - TOP UP,NHS ENGLAND - SPECIALISED SERVICES,D04 - NEUROSCIENCES,NO,,FOR TOP PAYMENT IDENTIFICATION ONLY,01/04/2024,,1,BLUE,BLUE,BLUE,,ACUTE,
NCBPS58E,NEUROSURGERY LVHC REGIONAL: LATERAL SKULL BASED TUMOURS,NCBPS58E: NEUROSURGERY LVHC REGIONAL: LATERAL SKULL BASED TUMOURS,NHS ENGLAND - SPECIALISED SERVICES,D04 - NEUROSCIENCES,NO,YES (APC ONLY),NEW CODE FOR 2024-25,01/04/2024,,1,GREEN,GREEN,GREEN,,ACUTE,
NCBPS58E_TOP,NEUROSURGERY LVHC REGIONAL: LATERAL SKULL BASED TUMOURS - TOP UP,NCBPS58E_TOP: NEUROSURGERY LVHC REGIONAL: LATERAL SKULL BASED TUMOURS - TOP UP,NHS ENGLAND - SPECIALISED SERVICES,D04 - NEUROSCIENCES,NO,,FOR TOP PAYMENT IDENTIFICATION ONLY,01/04/2024,,1,BLUE,BLUE,BLUE,,ACUTE,
NCBPS58H,NEUROSURGERY LVHC REGIONAL: PINEAL TUMOUR SURGERIES - RESECTION,NCBPS58H: NEUROSURGERY LVHC REGIONAL: PINEAL TUMOUR SURGERIES - RESECTION,NHS ENGLAND - SPECIALISED SERVICES,D04 - NEUROSCIENCES,NO,YES (APC ONLY),NEW CODE FOR 2024-25,01/04/2024,,1,GREEN,GREEN,GREEN,,ACUTE,
NCBPS58H_TOP,NEUROSURGERY LVHC REGIONAL: PINEAL TUMOUR SURGERIES - RESECTION - TOP UP,NCBPS58H_TOP: NEUROSURGERY LVHC REGIONAL: PINEAL TUMOUR SURGERIES - RESECTION - TOP UP,NHS ENGLAND - SPECIALISED SERVICES,D04 - NEUROSCIENCES,NO,,FOR TOP PAYMENT IDENTIFICATION ONLY,01/04/2024,,1,BLUE,BLUE,BLUE,,ACUTE,
NCBPS58I,NEUROSURGERY LVHC REGIONAL: REMOVAL OF ARTERIOVENOUS MALFORMATIONS OF THE NERVOUS SYSTEM,NCBPS58I: NEUROSURGERY LVHC REGIONAL: REMOVAL OF ARTERIOVENOUS MALFORMATIONS OF THE NERVOUS SYSTEM,NHS ENGLAND - SPECIALISED SERVICES,D04 - NEUROSCIENCES,NO,YES (APC ONLY),NEW CODE FOR 2024-25,01/04/2024,,1,GREEN,GREEN,GREEN,,ACUTE,
NCBPS58I_TOP,NEUROSURGERY LVHC REGIONAL: REMOVAL OF ARTERIOVENOUS MALFORMATIONS OF THE NERVOUS SYSTEM - TOP UP,NCBPS58I_TOP: NEUROSURGERY LVHC REGIONAL: REMOVAL OF ARTERIOVENOUS MALFORMATIONS OF THE NERVOUS SYSTEM - TOP UP,NHS ENGLAND - SPECIALISED SERVICES,D04 - NEUROSCIENCES,NO,,FOR TOP PAYMENT IDENTIFICATION ONLY,01/04/2024,,1,BLUE,BLUE,BLUE,,ACUTE,
NCBPS58F,NEUROSURGERY LVHC REGIONAL: SURGICAL REMOVAL OF BRAINSTEM LESIONS,NCBPS58F: NEUROSURGERY LVHC REGIONAL: SURGICAL REMOVAL OF BRAINSTEM LESIONS,NHS ENGLAND - SPECIALISED SERVICES,D04 - NEUROSCIENCES,NO,YES (APC ONLY),NEW CODE FOR 2024-25,01/04/2024,,1,GREEN,GREEN,GREEN,,ACUTE,
NCBPS58F_TOP,NEUROSURGERY LVHC REGIONAL: SURGICAL REMOVAL OF BRAINSTEM LESIONS - TOP UP,NCBPS58F_TOP: NEUROSURGERY LVHC REGIONAL: SURGICAL REMOVAL OF BRAINSTEM LESIONS - TOP UP,NHS ENGLAND - SPECIALISED SERVICES,D04 - NEUROSCIENCES,NO,,FOR TOP PAYMENT IDENTIFICATION ONLY,01/04/2024,,1,BLUE,BLUE,BLUE,,ACUTE,
NCBPS08N,NEUROSURGERY NETWORK,NCBPS08N: NEUROSURGERY NETWORK,NHS ENGLAND - SPECIALISED SERVICES,D04 - NEUROSCIENCES,NO,,CLINICAL NETWORK CODE INTRODUCED FOR 2022-23,01/04/2022,,1,BLUE,BLUE,BLUE,,ACUTE,
NCBPSNSD,NEW SERVICE DEVELOPMENTS AND CLINICAL POLICIES (TEMPORARILY RETAINED),NCBPSNSD: NEW SERVICE DEVELOPMENTS AND CLINICAL POLICIES (TEMPORARILY RETAINED),NHS ENGLAND - SPECIALISED SERVICES,NOT APPLICABLE,NO,,NEW CODE FOR 2024-25,01/04/2024,,1,RED,RED,RED,,BOTH,
NCBPS08C,NF2-SCHWANNOMATOSIS SERVICE (ADULTS AND CHILDREN),NCBPS08C: NF2-SCHWANNOMATOSIS SERVICE (ADULTS AND CHILDREN),NHS ENGLAND - SPECIALISED SERVICES,E01 - MEDICAL GENETICS,YES,,NAME CHANGE IN 2022-23,01/04/2013,,1,RED,RED,RED,,ACUTE,
NCBPH23Z,NHS ABDOMINAL AORTIC ANEURYSM SCREENING PROGRAMME,NCBPH23Z: NHS ABDOMINAL AORTIC ANEURYSM SCREENING PROGRAMME,NHS ENGLAND - PUBLIC HEALTH,NOT APPLICABLE,NOT APPLICABLE,NO,,01/04/2020,,1,NOT APPLICABLE,NOT APPLICABLE,NOT APPLICABLE,,NOT APPLICABLE,
NCBPH23Y,NHS ABDOMINAL AORTIC ANEURYSM SCREENING PROGRAMME - OUTPATIENT,NCBPH23Y: NHS ABDOMINAL AORTIC ANEURYSM SCREENING PROGRAMME - OUTPATIENT,NHS ENGLAND - PUBLIC HEALTH,NOT APPLICABLE,NOT APPLICABLE,NO,SERVICE LINE SPLIT FROM NCBPH23Z IN 2024-25,01/04/2024,,1,NOT APPLICABLE,NOT APPLICABLE,NOT APPLICABLE,,NOT APPLICABLE,
NCBPH23A,NHS ABDOMINAL AORTIC ANEURYSM SCREENING PROGRAMME - ULRASOUND - ABDOMINAL,NCBPH23A: NHS ABDOMINAL AORTIC ANEURYSM SCREENING PROGRAMME - ULRASOUND - ABDOMINAL,NHS ENGLAND - PUBLIC HEALTH,NOT APPLICABLE,NOT APPLICABLE,NO,SERVICE LINE SPLIT FROM NCBPH23Z IN 2024-25,01/04/2024,,1,NOT APPLICABLE,NOT APPLICABLE,NOT APPLICABLE,,NOT APPLICABLE,
NCBPH26D,NHS BOWEL CANCER SCREENING PROGRAMME,NCBPH26D: NHS BOWEL CANCER SCREENING PROGRAMME,NHS ENGLAND - PUBLIC HEALTH,NOT APPLICABLE,NOT APPLICABLE,NO,,01/04/2020,31/03/2026,0,NOT APPLICABLE,NOT APPLICABLE,NOT APPLICABLE,,NOT APPLICABLE,X
NCBPH26B,"NHS BOWEL CANCER SCREENING PROGRAMME - COLONOSCOPY* (INCLUDING LIMITED COLONOSCOPY) *SIMPLE, AVERAGE AND COMPLEX","NCBPH26B: NHS BOWEL CANCER SCREENING PROGRAMME - COLONOSCOPY* (INCLUDING LIMITED COLONOSCOPY) *SIMPLE, AVERAGE AND COMPLEX",NHS ENGLAND - PUBLIC HEALTH,NOT APPLICABLE,NOT APPLICABLE,NO,SERVICE LINE SPLIT FROM NCBPH26D IN 2024-25,01/04/2024,,1,NOT APPLICABLE,NOT APPLICABLE,NOT APPLICABLE,,NOT APPLICABLE,X
NCBPH26C,NHS BOWEL CANCER SCREENING PROGRAMME - COMPUTERISED TOMOGRAPHY COLONOGRAPHY (CTC),NCBPH26C: NHS BOWEL CANCER SCREENING PROGRAMME - COMPUTERISED TOMOGRAPHY COLONOGRAPHY (CTC),NHS ENGLAND - PUBLIC HEALTH,NOT APPLICABLE,NOT APPLICABLE,NO,SERVICE LINE SPLIT FROM NCBPH26D IN 2024-25,01/04/2024,,1,NOT APPLICABLE,NOT APPLICABLE,NOT APPLICABLE,,NOT APPLICABLE,X
NCBPH26F,"NHS BOWEL CANCER SCREENING PROGRAMME - FLEXI SIGMOIDOSCOPY (SIMPLE, AVERAGE AND COMPLEX)","NCBPH26F: NHS BOWEL CANCER SCREENING PROGRAMME - FLEXI SIGMOIDOSCOPY (SIMPLE, AVERAGE AND COMPLEX)",NHS ENGLAND - PUBLIC HEALTH,NOT APPLICABLE,NOT APPLICABLE,NO,SERVICE LINE SPLIT FROM NCBPH26D IN 2024-25,01/04/2024,,1,NOT APPLICABLE,NOT APPLICABLE,NOT APPLICABLE,,NOT APPLICABLE,X
NCBPH26A,NHS BOWEL CANCER SCREENING PROGRAMME - FAECAL IMMUNOCHEMICAL TEST (FIT),NCBPH26A: NHS BOWEL CANCER SCREENING PROGRAMME - FAECAL IMMUNOCHEMICAL TEST (FIT),NHS ENGLAND - PUBLIC HEALTH,NOT APPLICABLE,NOT APPLICABLE,NO,SERVICE LINE SPLIT FROM NCBPH26D IN 2024-25,01/04/2024,,1,NOT APPLICABLE,NOT APPLICABLE,NOT APPLICABLE,,NOT APPLICABLE,X
NCBPH26Y,NHS BOWEL CANCER SCREENING PROGRAMME - OUTPATIENT SSP APPOINTMENT,NCBPH26Y: NHS BOWEL CANCER SCREENING PROGRAMME - OUTPATIENT SSP APPOINTMENT,NHS ENGLAND - PUBLIC HEALTH,NOT APPLICABLE,NOT APPLICABLE,NO,SERVICE LINE SPLIT FROM NCBPH26D IN 2024-25,01/04/2024,,1,NOT APPLICABLE,NOT APPLICABLE,NOT APPLICABLE,,NOT APPLICABLE,X
NCBPH26E,NHS BOWEL SCOPE SCREENING PROGRAMME,NCBPH26E: NHS BOWEL SCOPE SCREENING PROGRAMME,NHS ENGLAND - PUBLIC HEALTH,NOT APPLICABLE,NOT APPLICABLE,NO,CODE RETIRED IN 2021-22,01/04/2020,31/03/2021,0,NOT APPLICABLE,NOT APPLICABLE,NOT APPLICABLE,,NOT APPLICABLE,
NCBPH24F,NHS BREAST SCREENING PROGRAMME,NCBPH24F: NHS BREAST SCREENING PROGRAMME,NHS ENGLAND - PUBLIC HEALTH,NOT APPLICABLE,NOT APPLICABLE,NO,,01/04/2020,,1,NOT APPLICABLE,NOT APPLICABLE,NOT APPLICABLE,,NOT APPLICABLE,
NCBPH24G,NHS BREAST SCREENING PROGRAMME - BIOPSY,NCBPH24G: NHS BREAST SCREENING PROGRAMME - BIOPSY,NHS ENGLAND - PUBLIC HEALTH,NOT APPLICABLE,NOT APPLICABLE,NO,SERVICE LINE SPLIT FROM NCBPH24F IN 2024-25,01/04/2024,,1,NOT APPLICABLE,NOT APPLICABLE,NOT APPLICABLE,,NOT APPLICABLE,
NCBPH24A,NHS BREAST SCREENING PROGRAMME - MAMMOGRAM,NCBPH24A: NHS BREAST SCREENING PROGRAMME - MAMMOGRAM,NHS ENGLAND - PUBLIC HEALTH,NOT APPLICABLE,NOT APPLICABLE,NO,SERVICE LINE SPLIT FROM NCBPH24F IN 2024-25,01/04/2024,,1,NOT APPLICABLE,NOT APPLICABLE,NOT APPLICABLE,,NOT APPLICABLE,
NCBPH24B,NHS BREAST SCREENING PROGRAMME - MRI - BREAST,NCBPH24B: NHS BREAST SCREENING PROGRAMME - MRI - BREAST,NHS ENGLAND - PUBLIC HEALTH,NOT APPLICABLE,NOT APPLICABLE,NO,SERVICE LINE SPLIT FROM NCBPH24F IN 2024-25,01/04/2024,,1,NOT APPLICABLE,NOT APPLICABLE,NOT APPLICABLE,,NOT APPLICABLE,
NCBPH24Y,NHS BREAST SCREENING PROGRAMME - OUTPATIENT,NCBPH24Y: NHS BREAST SCREENING PROGRAMME - OUTPATIENT,NHS ENGLAND - PUBLIC HEALTH,NOT APPLICABLE,NOT APPLICABLE,NO,SERVICE LINE SPLIT FROM NCBPH24F IN 2024-25,01/04/2024,,1,NOT APPLICABLE,NOT APPLICABLE,NOT APPLICABLE,,NOT APPLICABLE,
NCBPH24D,NHS BREAST SCREENING PROGRAMME - ULTRASOUND - BREAST,NCBPH24D: NHS BREAST SCREENING PROGRAMME - ULTRASOUND - BREAST,NHS ENGLAND - PUBLIC HEALTH,NOT APPLICABLE,NOT APPLICABLE,NO,SERVICE LINE SPLIT FROM NCBPH24F IN 2024-25,01/04/2024,,1,NOT APPLICABLE,NOT APPLICABLE,NOT APPLICABLE,,NOT APPLICABLE,
NCBPH24E,NHS BREAST SCREENING PROGRAMME - X-RAY - BREAST,NCBPH24E: NHS BREAST SCREENING PROGRAMME - X-RAY - BREAST,NHS ENGLAND - PUBLIC HEALTH,NOT APPLICABLE,NOT APPLICABLE,NO,SERVICE LINE SPLIT FROM NCBPH24F IN 2024-25,01/04/2024,,1,NOT APPLICABLE,NOT APPLICABLE,NOT APPLICABLE,,NOT APPLICABLE,
NCBPH25F,NHS CERVICAL SCREENING,NCBPH25F: NHS CERVICAL SCREENING,NHS ENGLAND - PUBLIC HEALTH,NOT APPLICABLE,NOT APPLICABLE,NO,,01/04/2020,,1,NOT APPLICABLE,NOT APPLICABLE,NOT APPLICABLE,,NOT APPLICABLE,
NCBPH25B,NHS CERVICAL SCREENING - COLPOSCOPY,NCBPH25B: NHS CERVICAL SCREENING - COLPOSCOPY,NHS ENGLAND - PUBLIC HEALTH,NOT APPLICABLE,NOT APPLICABLE,NO,SERVICE LINE SPLIT FROM NCBPH25F IN 2024-25,01/04/2024,,1,NOT APPLICABLE,NOT APPLICABLE,NOT APPLICABLE,,NOT APPLICABLE,
NCBPH25C,NHS CERVICAL SCREENING - CYTOLOGY TEST,NCBPH25C: NHS CERVICAL SCREENING - CYTOLOGY TEST,NHS ENGLAND - PUBLIC HEALTH,NOT APPLICABLE,NOT APPLICABLE,NO,SERVICE LINE SPLIT FROM NCBPH25F IN 2024-25,01/04/2024,,1,NOT APPLICABLE,NOT APPLICABLE,NOT APPLICABLE,,NOT APPLICABLE,
NCBPH25A,NHS CERVICAL SCREENING - HPV TEST,NCBPH25A: NHS CERVICAL SCREENING - HPV TEST,NHS ENGLAND - PUBLIC HEALTH,NOT APPLICABLE,NOT APPLICABLE,NO,SERVICE LINE SPLIT FROM NCBPH25F IN 2024-25,01/04/2024,,1,NOT APPLICABLE,NOT APPLICABLE,NOT APPLICABLE,,NOT APPLICABLE,
NCBPH25Y,NHS CERVICAL SCREENING - OUTPATIENT,NCBPH25Y: NHS CERVICAL SCREENING - OUTPATIENT,NHS ENGLAND - PUBLIC HEALTH,NOT APPLICABLE,NOT APPLICABLE,NO,SERVICE LINE SPLIT FROM NCBPH25F IN 2024-25,01/04/2024,,1,NOT APPLICABLE,NOT APPLICABLE,NOT APPLICABLE,,NOT APPLICABLE,
NCBPH25D,NHS CERVICAL SCREENING - SEXUAL HEALTH SAMPLE TAKING,NCBPH25D: NHS CERVICAL SCREENING - SEXUAL HEALTH SAMPLE TAKING,NHS ENGLAND - PUBLIC HEALTH,NOT APPLICABLE,NOT APPLICABLE,NO,SERVICE LINE SPLIT FROM NCBPH25F IN 2024-25,01/04/2024,,1,NOT APPLICABLE,NOT APPLICABLE,NOT APPLICABLE,,NOT APPLICABLE,
NCBPH22Z,NHS DIABETIC EYE SCREENING PROGRAMME,NCBPH22Z: NHS DIABETIC EYE SCREENING PROGRAMME,NHS ENGLAND - PUBLIC HEALTH,NOT APPLICABLE,NOT APPLICABLE,NO,,01/04/2020,,1,NOT APPLICABLE,NOT APPLICABLE,NOT APPLICABLE,,NOT APPLICABLE,
NCBPH22B,NHS DIABETIC EYE SCREENING PROGRAMME - DIGITAL SURVEILLANCE WITH OCT,NCBPH22B: NHS DIABETIC EYE SCREENING PROGRAMME - DIGITAL SURVEILLANCE WITH OCT,NHS ENGLAND - PUBLIC HEALTH,NOT APPLICABLE,NOT APPLICABLE,NO,SERVICE LINE SPLIT FROM NCBPH22Z IN 2024-25,01/04/2024,,1,NOT APPLICABLE,NOT APPLICABLE,NOT APPLICABLE,,NOT APPLICABLE,
NCBPH22D,NHS DIABETIC EYE SCREENING PROGRAMME - DIGITAL SURVEILLANCE WITHOUT OCT,NCBPH22D: NHS DIABETIC EYE SCREENING PROGRAMME - DIGITAL SURVEILLANCE WITHOUT OCT,NHS ENGLAND - PUBLIC HEALTH,NOT APPLICABLE,NOT APPLICABLE,NO,SERVICE LINE SPLIT FROM NCBPH22Z IN 2024-25,01/04/2024,,1,NOT APPLICABLE,NOT APPLICABLE,NOT APPLICABLE,,NOT APPLICABLE,
NCBPH22A,NHS DIABETIC EYE SCREENING PROGRAMME - ROUTINE DIGITAL SCREENING,NCBPH22A: NHS DIABETIC EYE SCREENING PROGRAMME - ROUTINE DIGITAL SCREENING,NHS ENGLAND - PUBLIC HEALTH,NOT APPLICABLE,NOT APPLICABLE,NO,SERVICE LINE SPLIT FROM NCBPH22Z IN 2024-25,01/04/2024,,1,NOT APPLICABLE,NOT APPLICABLE,NOT APPLICABLE,,NOT APPLICABLE,
NCBPH22C,NHS DIABETIC EYE SCREENING PROGRAMME - SLIT LAMP BIOMICROSCOPY,NCBPH22C: NHS DIABETIC EYE SCREENING PROGRAMME - SLIT LAMP BIOMICROSCOPY,NHS ENGLAND - PUBLIC HEALTH,NOT APPLICABLE,NOT APPLICABLE,NO,SERVICE LINE SPLIT FROM NCBPH22Z IN 2024-25,01/04/2024,,1,NOT APPLICABLE,NOT APPLICABLE,NOT APPLICABLE,,NOT APPLICABLE,
NCBAFXXX,NHS ENGLAND - ARMED FORCES,NCBAFXXX: NHS ENGLAND - ARMED FORCES,NHS ENGLAND - ARMED FORCES,NOT APPLICABLE,NOT APPLICABLE,NO,,01/04/2020,,1,NOT APPLICABLE,NOT APPLICABLE,NOT APPLICABLE,,NOT APPLICABLE,
NCBCDXXX,NHS ENGLAND - CANCER DRUG FUND,NCBCDXXX: NHS ENGLAND - CANCER DRUG FUND,NHS ENGLAND - CANCER DRUG FUND,NOT APPLICABLE,NOT APPLICABLE,NO,,01/04/2021,,1,NOT APPLICABLE,NOT APPLICABLE,NOT APPLICABLE,,NOT APPLICABLE,
NCBHJXXX,NHS ENGLAND - HEALTH IN JUSTICE,NCBHJXXX: NHS ENGLAND - HEALTH IN JUSTICE,NHS ENGLAND - HEALTH IN JUSTICE,NOT APPLICABLE,NOT APPLICABLE,NO,,01/04/2020,,1,NOT APPLICABLE,NOT APPLICABLE,NOT APPLICABLE,,NOT APPLICABLE,
NCBHCXXX,NHS ENGLAND - HEPATITIS C,NCBHCXXX: NHS ENGLAND - HEPATITIS C,NHS ENGLAND - HEPATITIS C,NOT APPLICABLE,NOT APPLICABLE,NO,,01/04/2021,,1,NOT APPLICABLE,NOT APPLICABLE,NOT APPLICABLE,,NOT APPLICABLE,
NCBIMXXX,NHS ENGLAND - INNOVATIVE MEDICINES FUND,NCBIMXXX: NHS ENGLAND - INNOVATIVE MEDICINES FUND,NHS ENGLAND - INNOVATIVE MEDICINES FUND,NOT APPLICABLE,NOT APPLICABLE,NO,,01/04/2023,,1,NOT APPLICABLE,NOT APPLICABLE,NOT APPLICABLE,,NOT APPLICABLE,
NCBPSHST,NHS ENGLAND - OTHER HOSTED SERVICES,NCBPSHST: NHS ENGLAND - OTHER HOSTED SERVICES,NHS ENGLAND - SPECIALISED SERVICES,NOT APPLICABLE,NO,,NEW CODE FOR 2024-25,01/04/2024,,1,BLUE,BLUE,BLUE,,BOTH,
NCBPHXXX,NHS ENGLAND - PUBLIC HEALTH BUT NOT ATTRIBUTABLE,NCBPHXXX: NHS ENGLAND - PUBLIC HEALTH BUT NOT ATTRIBUTABLE,NHS ENGLAND - PUBLIC HEALTH,NOT APPLICABLE,NOT APPLICABLE,NO,,01/04/2020,,1,NOT APPLICABLE,NOT APPLICABLE,NOT APPLICABLE,,NOT APPLICABLE,
NCBSDXXX,NHS ENGLAND - SECONDARY DENTAL,NCBSDXXX: NHS ENGLAND - SECONDARY DENTAL,NHS ENGLAND - SECONDARY DENTISTRY,NOT APPLICABLE,NOT APPLICABLE,NO,,01/04/2020,,1,NOT APPLICABLE,NOT APPLICABLE,NOT APPLICABLE,,NOT APPLICABLE,
NCBPSXXX,NHS ENGLAND - SPECIALISED SERVICE BUT NOT ATTRIBUTABLE,NCBPSXXX: NHS ENGLAND - SPECIALISED SERVICE BUT NOT ATTRIBUTABLE,NHS ENGLAND - SPECIALISED SERVICES,NOT APPLICABLE,NO,,,01/04/2013,,1,NOT APPLICABLE,NOT APPLICABLE,NOT APPLICABLE,,BOTH,
NCBPH17Z,NHS FETAL ANOMALY SCREENING PROGRAMME - FETAL ANOMALY SCAN,NCBPH17Z: NHS FETAL ANOMALY SCREENING PROGRAMME - FETAL ANOMALY SCAN,NHS ENGLAND - PUBLIC HEALTH,NOT APPLICABLE,NOT APPLICABLE,NO,,01/04/2020,,1,NOT APPLICABLE,NOT APPLICABLE,NOT APPLICABLE,,NOT APPLICABLE,
NCBPH17B,NHS FETAL ANOMALY SCREENING PROGRAMME - FETAL ANOMALY SCAN - AMNIOCENTISIS TEST,NCBPH17B: NHS FETAL ANOMALY SCREENING PROGRAMME - FETAL ANOMALY SCAN - AMNIOCENTISIS TEST,NHS ENGLAND - PUBLIC HEALTH,NOT APPLICABLE,NOT APPLICABLE,NO,SERVICE LINE SPLIT FROM NCBPH17Z IN 2024-25,01/04/2024,,1,NOT APPLICABLE,NOT APPLICABLE,NOT APPLICABLE,,NOT APPLICABLE,
NCBPH17C,NHS FETAL ANOMALY SCREENING PROGRAMME - FETAL ANOMALY SCAN - QF-PCR TEST,NCBPH17C: NHS FETAL ANOMALY SCREENING PROGRAMME - FETAL ANOMALY SCAN - QF-PCR TEST,NHS ENGLAND - PUBLIC HEALTH,NOT APPLICABLE,NOT APPLICABLE,NO,SERVICE LINE SPLIT FROM NCBPH17Z IN 2024-25,01/04/2024,,1,NOT APPLICABLE,NOT APPLICABLE,NOT APPLICABLE,,NOT APPLICABLE,
NCBPH17A,NHS FETAL ANOMALY SCREENING PROGRAMME - FETAL ANOMALY SCAN - ULTRASOUND - ANTENATAL,NCBPH17A: NHS FETAL ANOMALY SCREENING PROGRAMME - FETAL ANOMALY SCAN - ULTRASOUND - ANTENATAL,NHS ENGLAND - PUBLIC HEALTH,NOT APPLICABLE,NOT APPLICABLE,NO,SERVICE LINE SPLIT FROM NCBPH17Z IN 2024-25,01/04/2024,,1,NOT APPLICABLE,NOT APPLICABLE,NOT APPLICABLE,,NOT APPLICABLE,
NCBPH16Z,NHS FETAL ANOMALY SCREENING PROGRAMME - TRISOMY SCREENING,NCBPH16Z: NHS FETAL ANOMALY SCREENING PROGRAMME - TRISOMY SCREENING,NHS ENGLAND - PUBLIC HEALTH,NOT APPLICABLE,NOT APPLICABLE,NO,,01/04/2020,,1,NOT APPLICABLE,NOT APPLICABLE,NOT APPLICABLE,,NOT APPLICABLE,
NCBPH15Z,NHS INFECTIOUS DISEASES IN PREGNANCY SCREENING PROGRAMME - BLOOD TEST,NCBPH15Z: NHS INFECTIOUS DISEASES IN PREGNANCY SCREENING PROGRAMME - BLOOD TEST,NHS ENGLAND - PUBLIC HEALTH,NOT APPLICABLE,NOT APPLICABLE,NO,NAME CHANGE IN 2024-25,01/04/2020,,1,NOT APPLICABLE,NOT APPLICABLE,NOT APPLICABLE,,NOT APPLICABLE,
NCBPH21N,NHS NEWBORN AND INFANT PHYSICAL EXAMINATION SCREENING PROGRAMME - EXAMINATION,NCBPH21N: NHS NEWBORN AND INFANT PHYSICAL EXAMINATION SCREENING PROGRAMME - EXAMINATION,NHS ENGLAND - PUBLIC HEALTH,NOT APPLICABLE,NOT APPLICABLE,NO,NAME CHANGE IN 2024-25,01/04/2020,,1,NOT APPLICABLE,NOT APPLICABLE,NOT APPLICABLE,,NOT APPLICABLE,
NCBPH19N,NHS NEWBORN BLOOD SPOT SCREENING PROGRAMME,NCBPH19N: NHS NEWBORN BLOOD SPOT SCREENING PROGRAMME,NHS ENGLAND - PUBLIC HEALTH,NOT APPLICABLE,NOT APPLICABLE,NO,,01/04/2020,,1,NOT APPLICABLE,NOT APPLICABLE,NOT APPLICABLE,,NOT APPLICABLE,
NCBPH20N,NHS NEWBORN HEARING SCREENING PROGRAMME - HEARING TEST,NCBPH20N: NHS NEWBORN HEARING SCREENING PROGRAMME - HEARING TEST,NHS ENGLAND - PUBLIC HEALTH,NOT APPLICABLE,NOT APPLICABLE,NO,NAME CHANGE IN 2024-25,01/04/2020,,1,NOT APPLICABLE,NOT APPLICABLE,NOT APPLICABLE,,NOT APPLICABLE,
NCBPH18Z,NHS SICKLE CELL AND THALASSAEMIA SCREENING PROGRAMME - BLOOD TEST,NCBPH18Z: NHS SICKLE CELL AND THALASSAEMIA SCREENING PROGRAMME - BLOOD TEST,NHS ENGLAND - PUBLIC HEALTH,NOT APPLICABLE,NOT APPLICABLE,NO,NAME CHANGE IN 2024-25,01/04/2020,,1,NOT APPLICABLE,NOT APPLICABLE,NOT APPLICABLE,,NOT APPLICABLE,
99999999,NON-NHS ENGLAND DIRECTLY-COMMISSIONED SERVICE,99999999: NON-NHS ENGLAND DIRECTLY-COMMISSIONED SERVICE,NON-NHS ENGLAND DIRECTLY-COMMISSIONED SERVICE,NOT APPLICABLE,NOT APPLICABLE,NO,,01/04/2014,,1,NOT APPLICABLE,NOT APPLICABLE,NOT APPLICABLE,,NOT APPLICABLE,
NCBPS01H,OCULAR ONCOLOGY SERVICE (ADULTS),NCBPS01H: OCULAR ONCOLOGY SERVICE (ADULTS),NHS ENGLAND - SPECIALISED SERVICES,D06 - SPECIALISED EAR AND OPHTHALMOLOGY SERVICES,YES,,NAME CHANGE IN 2022-23,01/04/2013,,1,RED,RED,RED,,ACUTE,
NCBPS61U,OESOPHAGEAL AND GASTRIC CANCER SURGERY (ADULTS),NCBPS61U: OESOPHAGEAL AND GASTRIC CANCER SURGERY (ADULTS),NHS ENGLAND - SPECIALISED SERVICES,B03 - SPECIALISED CANCER SURGERY,NO,YES (APC ONLY),NEW CODE FOR 2024-25,01/04/2024,,1,GREEN,GREEN,GREEN,,ACUTE,
NCBPS61U_TOP,OESOPHAGEAL AND GASTRIC CANCER SURGERY (ADULTS) - TOP UP,NCBPS61U_TOP: OESOPHAGEAL AND GASTRIC CANCER SURGERY (ADULTS) - TOP UP,NHS ENGLAND - SPECIALISED SERVICES,B03 - SPECIALISED CANCER SURGERY,NO,,FOR TOP PAYMENT IDENTIFICATION ONLY,01/04/2024,,1,BLUE,BLUE,BLUE,,ACUTE,
NCBPS22O,OFFENDER PERSONALITY DISORDER,NCBPS22O: OFFENDER PERSONALITY DISORDER,NHS ENGLAND - SPECIALISED MENTAL HEALTH SERVICES,C02 - ADULT SECURE SERVICES,NO,,,01/04/2015,,1,RED,RED,RED,,MENTAL HEALTH,
NCBPSU23,OPEN FOETAL SURGERY TO TREAT FOETUSES WITH OPEN SPINA BIFIDA,NCBPSU23: OPEN FOETAL SURGERY TO TREAT FOETUSES WITH OPEN SPINA BIFIDA,NHS ENGLAND - SPECIALISED SERVICES,E09 - SPECIALISED WOMENS SERVICES,YES,,NEW SERVICE IN 2020-21,01/04/2020,,1,RED,RED,RED,,ACUTE,
NCBPS61Q,OPHTHALMIC CANCER SURGERY (ADULTS),NCBPS61Q: OPHTHALMIC CANCER SURGERY (ADULTS),NHS ENGLAND - SPECIALISED SERVICES,B03 - SPECIALISED CANCER SURGERY,NO,YES (APC ONLY),NEW CODE FOR 2024-25,01/04/2024,,1,GREEN,GREEN,GREEN,,ACUTE,
NCBPS37A,OPHTHALMIC PATHOLOGY SERVICE (ADULTS AND CHILDREN),NCBPS37A: OPHTHALMIC PATHOLOGY SERVICE (ADULTS AND CHILDREN),NHS ENGLAND - SPECIALISED SERVICES,D06 - SPECIALISED EAR AND OPHTHALMOLOGY SERVICES,YES,,NAME CHANGE IN 2022-23,01/04/2013,,1,RED,RED,RED,,ACUTE,
NCBPS37B,OSTEO-ODONTO-KERATOPROSTHESIS SERVICE FOR CORNEAL BLINDNESS (ADULTS),NCBPS37B: OSTEO-ODONTO-KERATOPROSTHESIS SERVICE FOR CORNEAL BLINDNESS (ADULTS),NHS ENGLAND - SPECIALISED SERVICES,D06 - SPECIALISED EAR AND OPHTHALMOLOGY SERVICES,YES,,NAME CHANGE IN 2022-23,01/04/2013,,1,RED,RED,RED,,ACUTE,
NCBPS44A,OVARIAN AND TESTICULAR TISSUE CRYOPRESERVATION FOR PATIENTS RECEIVING GONADOTOXIC TREATMENT WHO ARE AT HIGH RISK OF INFERTILITY AND CANNOT STORE MATURE EGGS OR SPERM,NCBPS44A: OVARIAN AND TESTICULAR TISSUE CRYOPRESERVATION FOR PATIENTS RECEIVING GONADOTOXIC TREATMENT WHO ARE AT HIGH RISK OF INFERTILITY AND CANNOT STORE MATURE EGGS OR SPERM,NHS ENGLAND - SPECIALISED SERVICES,E03 - PAEDIATRIC MEDICINE,YES,,NEW SERVICE IN 2022-23,01/04/2022,,1,RED,RED,RED,,ACUTE,
NCBPSF23,PAEDIATRIC AND PERINATAL POST MORTEM SERVICES,NCBPSF23: PAEDIATRIC AND PERINATAL POST MORTEM SERVICES,NHS ENGLAND - SPECIALISED SERVICES,E09 - SPECIALISED WOMENS SERVICES,NO,,,01/04/2013,,1,AMBER,RED,RED,,ACUTE,
NCBPS23B,PAEDIATRIC CARDIAC SERVICES,NCBPS23B: PAEDIATRIC CARDIAC SERVICES,NHS ENGLAND - SPECIALISED SERVICES,E05 - CONGENITAL HEART SERVICES,NO,YES,,01/04/2013,,1,GREEN,GREEN,GREEN,,ACUTE,
NCBPS23B_TOP,PAEDIATRIC CARDIAC SERVICES - TOP UP,NCBPS23B_TOP: PAEDIATRIC CARDIAC SERVICES - TOP UP,NHS ENGLAND - SPECIALISED SERVICES,E05 - CONGENITAL HEART SERVICES,NO,,FOR TOP PAYMENT IDENTIFICATION ONLY,01/04/2024,,1,BLUE,BLUE,BLUE,,ACUTE,
NCBPSPIN,PAEDIATRIC CRITICAL CARE / SURGERY NETWORK,NCBPSPIN: PAEDIATRIC CRITICAL CARE / SURGERY NETWORK,NHS ENGLAND - SPECIALISED SERVICES,E07 - PAEDIATRIC INTENSIVE CARE,NO,,CLINICAL NETWORK CODE INTRODUCED FOR 2022-23,01/04/2022,,1,BLUE,BLUE,BLUE,,ACUTE,
NCBPSPIC,PAEDIATRIC CRITICAL CARE SERVICES,NCBPSPIC: PAEDIATRIC CRITICAL CARE SERVICES,NHS ENGLAND - SPECIALISED SERVICES,E07 - PAEDIATRIC INTENSIVE CARE,NO,,NAME CHANGE IN 2022-23,01/04/2013,,1,GREEN,GREEN,GREEN,,ACUTE,
NCBPS12B,PAEDIATRIC INTESTINAL PSEUDO-OBSTRUCTIVE DISORDERS SERVICE,NCBPS12B: PAEDIATRIC INTESTINAL PSEUDO-OBSTRUCTIVE DISORDERS SERVICE,NHS ENGLAND - SPECIALISED SERVICES,E03 - PAEDIATRIC MEDICINE,YES,,,01/04/2013,,1,RED,RED,RED,,ACUTE,
NCBPS07Y,PAEDIATRIC NEUROREHABILTATION,NCBPS07Y: PAEDIATRIC NEUROREHABILTATION,NHS ENGLAND - SPECIALISED SERVICES,E04 - PAEDIATRIC NEUROSCIENCES,NO,,NEW CODE FOR 2022-23 TO ENABLE SUB-SERVICE TO BE SEPARATELY IDENTIFIED,01/04/2022,,1,GREEN,GREEN,GREEN,,ACUTE,
NCBPS29Y,PAEDIATRIC PECTUS SURGERY,NCBPS29Y: PAEDIATRIC PECTUS SURGERY,NHS ENGLAND - SPECIALISED SERVICES,E02 - SPECIALISED SURGERY IN CHILDREN,NO,YES (APC ONLY),NEW CODE FOR 2024-25,01/04/2024,,1,RED,RED,RED,,ACUTE,
NCBPS29Y_TOP,PAEDIATRIC PECTUS SURGERY - TOP UP,NCBPS29Y_TOP: PAEDIATRIC PECTUS SURGERY - TOP UP,NHS ENGLAND - SPECIALISED SERVICES,E02 - SPECIALISED SURGERY IN CHILDREN,NO,,FOR TOP PAYMENT IDENTIFICATION ONLY,01/04/2024,,1,BLUE,BLUE,BLUE,,ACUTE,
NCBPS01A,PAIN-RELATED COMPLEX CANCER LATE EFFECTS REHABILITATION SERVICE (ADULTS),NCBPS01A: PAIN-RELATED COMPLEX CANCER LATE EFFECTS REHABILITATION SERVICE (ADULTS),NHS ENGLAND - SPECIALISED SERVICES,B01 - RADIOTHERAPY,YES,,NAME CHANGE IN 2022-23,01/04/2013,,1,RED,RED,RED,,ACUTE,
NCBPS27C,PANCREAS TRANSPLANTATION SERVICE (ADULTS),NCBPS27C: PANCREAS TRANSPLANTATION SERVICE (ADULTS),NHS ENGLAND - SPECIALISED SERVICES,A03 - SPECIALISED ENDOCRINOLOGY,YES,,NAME CHANGE IN 2022-23,01/04/2013,,1,RED,RED,RED,,ACUTE,
NCBPS19Q,PANCREATIC CANCER SURGERY (ADULTS),NCBPS19Q: PANCREATIC CANCER SURGERY (ADULTS),NHS ENGLAND - SPECIALISED SERVICES,B03 - SPECIALISED CANCER SURGERY,NO,YES (APC ONLY),NEW CODE FOR 2024-25,01/04/2024,,1,GREEN,GREEN,GREEN,,ACUTE,
NCBPS19Q_TOP,PANCREATIC CANCER SURGERY (ADULTS) - TOP UP,NCBPS19Q_TOP: PANCREATIC CANCER SURGERY (ADULTS) - TOP UP,NHS ENGLAND - SPECIALISED SERVICES,B03 - SPECIALISED CANCER SURGERY,NO,,FOR TOP PAYMENT IDENTIFICATION ONLY,01/04/2024,,1,BLUE,BLUE,BLUE,,ACUTE,
NCBPS03A,PAROXYSMAL NOCTURNAL HAEMOGLOBINURIA SERVICE (ADULTS AND ADOLESCENTS),NCBPS03A: PAROXYSMAL NOCTURNAL HAEMOGLOBINURIA SERVICE (ADULTS AND ADOLESCENTS),NHS ENGLAND - SPECIALISED SERVICES,F01 - BLOOD AND MARROW TRANSPLANTATION,YES,,NAME CHANGE IN 2022-23,01/04/2013,,1,RED,RED,RED,,ACUTE,
NCBPS29T,PECTUS SURGERY,NCBPS29T: PECTUS SURGERY,NHS ENGLAND - SPECIALISED SERVICES,B03 - SPECIALISED CANCER SURGERY,NO,,"CODE RETIRED IN 2024-25, REPLACED BY NCBPS29X AND NCBPS29Y",01/04/2023,31/03/2024,0,NOT APPLICABLE,NOT APPLICABLE,NOT APPLICABLE,,ACUTE,
NCBPS51E,PELVIC EXENTERATION SURGERY,NCBPS51E: PELVIC EXENTERATION SURGERY,NHS ENGLAND - SPECIALISED SERVICES,B03 - SPECIALISED CANCER SURGERY,NO,YES (APC ONLY),NEW CODE FOR 2024-25,01/04/2024,,1,RED,RED,RED,,ACUTE,
NCBPH01F,PERTUSSIS PREGNANT WOMEN IMMUNISATION PROGRAMME,NCBPH01F: PERTUSSIS PREGNANT WOMEN IMMUNISATION PROGRAMME,NHS ENGLAND - PUBLIC HEALTH,NOT APPLICABLE,NOT APPLICABLE,NO,,01/04/2020,,1,NOT APPLICABLE,NOT APPLICABLE,NOT APPLICABLE,,NOT APPLICABLE,
NCBPH08Z,PNEUMOCOCCAL IMMUNISATION PROGRAMME,NCBPH08Z: PNEUMOCOCCAL IMMUNISATION PROGRAMME,NHS ENGLAND - PUBLIC HEALTH,NOT APPLICABLE,NOT APPLICABLE,NO,,01/04/2020,,1,NOT APPLICABLE,NOT APPLICABLE,NOT APPLICABLE,,NOT APPLICABLE,
NCBPS01P,POSITRON EMISSION TOMOGRAPHY-COMPUTED TOMOGRAPHY SERVICES (ADULTS AND CHILDREN),NCBPS01P: POSITRON EMISSION TOMOGRAPHY-COMPUTED TOMOGRAPHY SERVICES (ADULTS AND CHILDREN),NHS ENGLAND - SPECIALISED SERVICES,B04 - SPECIALISED CANCER DIAGNOSTICS,NO,,NAME CHANGE IN 2022-23,01/04/2013,,1,AMBER,RED,RED,,ACUTE,
NCBPS20H,PRE-IMPLANTATION GENETIC DIAGNOSIS AND ASSOCIATED IN-VITRO FERTILISATION SERVICES,NCBPS20H: PRE-IMPLANTATION GENETIC DIAGNOSIS AND ASSOCIATED IN-VITRO FERTILISATION SERVICES,NHS ENGLAND - SPECIALISED SERVICES,E01 - MEDICAL GENOMICS,NO,,NEW SERVICE IN 2022-23,01/04/2022,,1,AMBER,RED,RED,,ACUTE,
NCBPS29P,PRIMARY CILIARY DYSKINESIA MANAGEMENT SERVICE (ADULTS AND CHILDREN),NCBPS29P: PRIMARY CILIARY DYSKINESIA MANAGEMENT SERVICE (ADULTS AND CHILDREN),NHS ENGLAND - SPECIALISED SERVICES,A01 - SPECIALISED RESPIRATORY / E03 PAEDIATRIC MEDICINE,YES,,NAME CHANGE IN 2022-23,01/04/2013,,1,RED,RED,RED,,ACUTE,
NCBPS01E,PRIMARY MALIGNANT BONE TUMOURS SERVICE,NCBPS01E: PRIMARY MALIGNANT BONE TUMOURS SERVICE,NHS ENGLAND - SPECIALISED SERVICES,B03 - SPECIALISED CANCER SURGERY,YES,,CODE RETIRED IN 2022-23. SERVICE NOW UNDER NCBPS01O,01/04/2013,31/03/2022,0,NOT APPLICABLE,NOT APPLICABLE,NOT APPLICABLE,,ACUTE,
NCBPS01O,PRIMARY MALIGNANT BONE TUMOURS SERVICE (ADULTS AND ADOLESCENTS),NCBPS01O: PRIMARY MALIGNANT BONE TUMOURS SERVICE (ADULTS AND ADOLESCENTS),NHS ENGLAND - SPECIALISED SERVICES,B03 - SPECIALISED CANCER SURGERY,NO,YES (APC ONLY),MOVES ACTIVITY FROM NCBPS01Y TO NCBPS01O. NAME CHANGE IN 2022-23,01/04/2016,,1,AMBER,RED,RED,,ACUTE,
NCBPS01O_TOP,PRIMARY MALIGNANT BONE TUMOURS SERVICE (ADULTS AND ADOLESCENTS) - TOP UP,NCBPS01O_TOP: PRIMARY MALIGNANT BONE TUMOURS SERVICE (ADULTS AND ADOLESCENTS) - TOP UP,NHS ENGLAND - SPECIALISED SERVICES,B03 - SPECIALISED CANCER SURGERY,NO,,FOR TOP PAYMENT IDENTIFICATION ONLY,01/04/2024,,1,BLUE,BLUE,BLUE,,ACUTE,
NCBPS05P,PROSTHETICS (ADULTS AND CHILDREN),NCBPS05P: PROSTHETICS (ADULTS AND CHILDREN),NHS ENGLAND - SPECIALISED SERVICES,D01 - REHABILITATION AND DISABILITY,NO,,NAME CHANGE IN 2024-25,01/04/2013,,1,GREEN,GREEN,GREEN,,ACUTE,
NCBPS01B,PROTON BEAM THERAPY SERVICE (ADULTS AND CHILDREN),NCBPS01B: PROTON BEAM THERAPY SERVICE (ADULTS AND CHILDREN),NHS ENGLAND - SPECIALISED SERVICES,B01 - RADIOTHERAPY,YES,,NAME CHANGE IN 2022-23,01/04/2013,,1,RED,RED,RED,,ACUTE,
NCBPS01F,PSEUDOMYXOMA PERITONEI SERVICE (ADULTS),NCBPS01F: PSEUDOMYXOMA PERITONEI SERVICE (ADULTS),NHS ENGLAND - SPECIALISED SERVICES,A07 - SPECIALISED COLORECTAL SERVICES,YES,,NAME CHANGE IN 2022-23,01/04/2013,,1,RED,RED,RED,,ACUTE,
NCBPS22V,PSYCHOLOGICAL MEDICINE INPATIENT SERVICES FOR SEVERE AND COMPLEX PRESENTATIONS OF MEDICALLY UNEXPLAINED PHYSICAL SYMPTOMS,NCBPS22V: PSYCHOLOGICAL MEDICINE INPATIENT SERVICES FOR SEVERE AND COMPLEX PRESENTATIONS OF MEDICALLY UNEXPLAINED PHYSICAL SYMPTOMS,NHS ENGLAND - SPECIALISED MENTAL HEALTH SERVICES,C01 - SPECIALISED MENTAL HEALTH,NO,,NEW SERVICE IN 2022-23,01/04/2022,,1,RED,RED,RED,,MENTAL HEALTH,
NCBPS13J,PULMONARY HYPERTENSION SERVICE FOR CHILDREN,NCBPS13J: PULMONARY HYPERTENSION SERVICE FOR CHILDREN,NHS ENGLAND - SPECIALISED SERVICES,E05 - CONGENITAL HEART SERVICES,YES,YES,,01/04/2013,,1,RED,RED,RED,,ACUTE,
NCBPS13M,PULMONARY THROMBOENDARTERECTOMY SERVICE (ADULTS AND ADOLESCENTS),NCBPS13M: PULMONARY THROMBOENDARTERECTOMY SERVICE (ADULTS AND ADOLESCENTS),NHS ENGLAND - SPECIALISED SERVICES,A01 - SPECIALISED RESPIRATORY,YES,,NAME CHANGE IN 2022-23,01/04/2013,,1,RED,RED,RED,,ACUTE,
NCBPS51N,RADIOTHERAPY NETWORK,NCBPS51N: RADIOTHERAPY NETWORK,NHS ENGLAND - SPECIALISED SERVICES,B01 - RADIOTHERAPY,NO,,CLINICAL NETWORK CODE INTRODUCED FOR 2022-23,01/04/2022,,1,BLUE,BLUE,BLUE,,ACUTE,
NCBPS01R,RADIOTHERAPY SERVICES (ADULTS),NCBPS01R: RADIOTHERAPY SERVICES (ADULTS),NHS ENGLAND - SPECIALISED SERVICES,B01 - RADIOTHERAPY,NO,,NAME CHANGE IN 2022-23,01/04/2013,,1,GREEN,GREEN,GREEN,,ACUTE,
NCBPS51R,RADIOTHERAPY SERVICES (CHILDREN),NCBPS51R: RADIOTHERAPY SERVICES (CHILDREN),NHS ENGLAND - SPECIALISED SERVICES,B01 - RADIOTHERAPY,NO,,SERVICE LINE SPLIT FROM NCBPS01R IN 2022-23,01/04/2022,,1,GREEN,GREEN,GREEN,,ACUTE,
NCBPS36D,RARE MITOCHONDRIAL DISORDERS SERVICE (ADULTS AND CHILDREN),NCBPS36D: RARE MITOCHONDRIAL DISORDERS SERVICE (ADULTS AND CHILDREN),NHS ENGLAND - SPECIALISED SERVICES,E06 - METABOLIC DISORDERS,YES,,NAME CHANGE IN 2022-23,01/04/2013,,1,RED,RED,RED,,ACUTE,
NCBPS04L,RECONSTRUCTIVE SURGERY AND CONGENITAL ANOMALIES OF THE FEMALE GENITAL TRACT,NCBPS04L: RECONSTRUCTIVE SURGERY AND CONGENITAL ANOMALIES OF THE FEMALE GENITAL TRACT,NHS ENGLAND - SPECIALISED SERVICES,E09 - SPECIALISED WOMENS SERVICES,NO,YES (APC ONLY),NEW SERVICE IN 2020-21. NAME CHANGE IN 2022-23,01/04/2020,,1,AMBER,RED,RED,,ACUTE,
NCBPS11N,RENAL NETWORK,NCBPS11N: RENAL NETWORK,NHS ENGLAND - SPECIALISED SERVICES,A06 - RENAL SERVICES,NO,,CLINICAL NETWORK CODE INTRODUCED FOR 2022-23,01/04/2022,,1,BLUE,BLUE,BLUE,,ACUTE,
NCBPS73S,RENAL TRANSPLANTATION (CHILDREN),NCBPS73S: RENAL TRANSPLANTATION (CHILDREN),NHS ENGLAND - SPECIALISED SERVICES,E03 - PAEDIATRIC MEDICINE,NO,YES (APC ONLY),NEW CODE FOR 2024-25,01/04/2024,,1,AMBER,RED,RED,,ACUTE,
NCBPH34Z,RESPIRATORY SYNCYTIAL VIRUS IMMUNISATION PROGRAMME,NCBPH34Z: RESPIRATORY SYNCYTIAL VIRUS IMMUNISATION PROGRAMME,NHS ENGLAND - PUBLIC HEALTH,NOT APPLICABLE,NOT APPLICABLE,NO,,01/04/2024,,1,NOT APPLICABLE,NOT APPLICABLE,NOT APPLICABLE,,NOT APPLICABLE,
NCBPS01G,RETINOBLASTOMA SERVICE (CHILDREN),NCBPS01G: RETINOBLASTOMA SERVICE (CHILDREN),NHS ENGLAND - SPECIALISED SERVICES,B05 - CHILDREN AND YOUNG ADULT CANCER SERVICES,YES,YES,NAME CHANGE IN 2022-23,01/04/2013,,1,RED,RED,RED,,ACUTE,
NCBPH05Z,ROTAVIRUS IMMUNISATION PROGRAMME,NCBPH05Z: ROTAVIRUS IMMUNISATION PROGRAMME,NHS ENGLAND - PUBLIC HEALTH,NOT APPLICABLE,NOT APPLICABLE,NO,,01/04/2020,,1,NOT APPLICABLE,NOT APPLICABLE,NOT APPLICABLE,,NOT APPLICABLE,
NCBPH13A,SEASONAL INFLUENZA IMMUNISATION PROGRAMME FOR ADULTS,NCBPH13A: SEASONAL INFLUENZA IMMUNISATION PROGRAMME FOR ADULTS,NHS ENGLAND - PUBLIC HEALTH,NOT APPLICABLE,NOT APPLICABLE,NO,,01/04/2020,,1,NOT APPLICABLE,NOT APPLICABLE,NOT APPLICABLE,,NOT APPLICABLE,
NCBPH13C,SEASONAL INFLUENZA IMMUNISATION PROGRAMME FOR CHILDREN,NCBPH13C: SEASONAL INFLUENZA IMMUNISATION PROGRAMME FOR CHILDREN,NHS ENGLAND - PUBLIC HEALTH,NOT APPLICABLE,NOT APPLICABLE,NO,,01/04/2020,,1,NOT APPLICABLE,NOT APPLICABLE,NOT APPLICABLE,,NOT APPLICABLE,
NCBPH29Z,SECTION 7A PUBLIC HEALTH SERVICES FOR CHILDREN AND ADULTS IN SECURE AND DETAINED SETTINGS IN ENGLAND,NCBPH29Z: SECTION 7A PUBLIC HEALTH SERVICES FOR CHILDREN AND ADULTS IN SECURE AND DETAINED SETTINGS IN ENGLAND,NHS ENGLAND - PUBLIC HEALTH,NOT APPLICABLE,NOT APPLICABLE,NO,,01/04/2020,,1,NOT APPLICABLE,NOT APPLICABLE,NOT APPLICABLE,,NOT APPLICABLE,
NCBPH26X,NHS BOWEL CANCER SCREENING PROGRAMME - PATHOLOGY,NCBPH26X: NHS BOWEL CANCER SCREENING PROGRAMME - PATHOLOGY,NHS ENGLAND - PUBLIC HEALTH,NOT APPLICABLE,NOT APPLICABLE,NO,NEW CODE FOR 2026-27,01/04/2026,,1,NOT APPLICABLE,NOT APPLICABLE,NOT APPLICABLE,,NOT APPLICABLE,X
NCBPS22U,SECURE AND SPECIALISED MENTAL HEALTH SERVICES (ADULT) (HIGH),NCBPS22U: SECURE AND SPECIALISED MENTAL HEALTH SERVICES (ADULT) (HIGH),NHS ENGLAND - SPECIALISED MENTAL HEALTH SERVICES,C02 - ADULT SECURE SERVICES,NO,,,01/04/2018,,1,RED,RED,RED,,MENTAL HEALTH,
NCBPS22S,SECURE AND SPECIALISED MENTAL HEALTH SERVICES (ADULT) (MEDIUM AND LOW),NCBPS22S: SECURE AND SPECIALISED MENTAL HEALTH SERVICES (ADULT) (MEDIUM AND LOW),NHS ENGLAND - SPECIALISED MENTAL HEALTH SERVICES,C02 - ADULT SECURE SERVICES,NO,,CODE RETIRED IN 2025-26. SERVICE LINE SPLIT INTO SEPARATE LINES NCBPS22SA TO NCBPS22SG,01/04/2013,31/03/2025,0,AMBER,NOT APPLICABLE,NOT APPLICABLE,,MENTAL HEALTH,
NCBPS22SA,SECURE AND SPECIALISED MENTAL HEALTH SERVICES (ADULT) (MEDIUM) - EXCLUDING WEMS / ABI / DEAF,NCBPS22SA: SECURE AND SPECIALISED MENTAL HEALTH SERVICES (ADULT) (MEDIUM) - EXCLUDING WEMS / ABI / DEAF,NHS ENGLAND - SPECIALISED MENTAL HEALTH SERVICES,C02 - ADULT SECURE SERVICES,NO,,SERVICE LINE SPLIT FROM NCBPS22S IN 2025-26,01/04/2025,,1,AMBER,GREEN,GREEN,,MENTAL HEALTH,
NCBPS22SB,SECURE AND SPECIALISED MENTAL HEALTH SERVICES (ADULT) (MEDIUM) - WEMS / ABI / DEAF,NCBPS22SB: SECURE AND SPECIALISED MENTAL HEALTH SERVICES (ADULT) (MEDIUM) - WEMS / ABI / DEAF,NHS ENGLAND - SPECIALISED MENTAL HEALTH SERVICES,C02 - ADULT SECURE SERVICES,NO,,SERVICE LINE SPLIT FROM NCBPS22S IN 2025-26,01/04/2025,,1,AMBER,RED,RED,,MENTAL HEALTH,
NCBPS22SC,SECURE AND SPECIALISED MENTAL HEALTH SERVICES (ADULT) (LOW) - EXCLUDING WEMS / ABI / DEAF,NCBPS22SC: SECURE AND SPECIALISED MENTAL HEALTH SERVICES (ADULT) (LOW) - EXCLUDING WEMS / ABI / DEAF,NHS ENGLAND - SPECIALISED MENTAL HEALTH SERVICES,C02 - ADULT SECURE SERVICES,NO,,SERVICE LINE SPLIT FROM NCBPS22S IN 2025-26,01/04/2025,,1,AMBER,GREEN,GREEN,,MENTAL HEALTH,
NCBPS22SD,SECURE AND SPECIALISED MENTAL HEALTH SERVICES (ADULT) (LOW) - WEMS / ABI / DEAF,NCBPS22SD: SECURE AND SPECIALISED MENTAL HEALTH SERVICES (ADULT) (LOW) - WEMS / ABI / DEAF,NHS ENGLAND - SPECIALISED MENTAL HEALTH SERVICES,C02 - ADULT SECURE SERVICES,NO,,SERVICE LINE SPLIT FROM NCBPS22S IN 2025-26,01/04/2025,,1,AMBER,RED,RED,,MENTAL HEALTH,
NCBPS22SE,SECURE AND SPECIALISED MENTAL HEALTH SERVICES (ADULT) COMMUNITY FORENSIC,NCBPS22SE: SECURE AND SPECIALISED MENTAL HEALTH SERVICES (ADULT) COMMUNITY FORENSIC,NHS ENGLAND - SPECIALISED MENTAL HEALTH SERVICES,C02 - ADULT SECURE SERVICES,NO,,SERVICE LINE SPLIT FROM NCBPS22S IN 2025-26,01/04/2025,,1,AMBER,GREEN,GREEN,,MENTAL HEALTH,
NCBPS22SF,SECURE AND SPECIALISED MENTAL HEALTH SERVICES (ADULT) ASSESSMENT - EXCLUDING WEMS / ABI / DEAF,NCBPS22SF: SECURE AND SPECIALISED MENTAL HEALTH SERVICES (ADULT) ASSESSMENT - EXCLUDING WEMS / ABI / DEAF,NHS ENGLAND - SPECIALISED MENTAL HEALTH SERVICES,C02 - ADULT SECURE SERVICES,NO,,SERVICE LINE SPLIT FROM NCBPS22S IN 2025-26,01/04/2025,,1,AMBER,GREEN,GREEN,,MENTAL HEALTH,
NCBPS22SG,SECURE AND SPECIALISED MENTAL HEALTH SERVICES (ADULT) ASSESSMENT - WEMS / ABI / DEAF,NCBPS22SG: SECURE AND SPECIALISED MENTAL HEALTH SERVICES (ADULT) ASSESSMENT - WEMS / ABI / DEAF,NHS ENGLAND - SPECIALISED MENTAL HEALTH SERVICES,C02 - ADULT SECURE SERVICES,NO,,SERVICE LINE SPLIT FROM NCBPS22S IN 2025-26,01/04/2025,,1,AMBER,RED,RED,,MENTAL HEALTH,
NCBPS08J,SELECTIVE DORSAL RHIZOTOMY,NCBPS08J: SELECTIVE DORSAL RHIZOTOMY,NHS ENGLAND - SPECIALISED SERVICES,E04 - PAEDIATRIC NEUROSCIENCES,NO,,NEW CODE FOR 2022-23 TO ENABLE SUB-SERVICE TO BE SEPARATELY IDENTIFIED,01/04/2022,,1,GREEN,GREEN,GREEN,,ACUTE,
NCBPS08J_TOP,SELECTIVE DORSAL RHIZOTOMY - TOP UP,NCBPS08J_TOP: SELECTIVE DORSAL RHIZOTOMY - TOP UP,NHS ENGLAND - SPECIALISED SERVICES,E04 - PAEDIATRIC NEUROSCIENCES,NO,,FOR TOP PAYMENT IDENTIFICATION ONLY,01/04/2024,,1,BLUE,BLUE,BLUE,,ACUTE,
NCBPS27D,SEVERE ACUTE PORPHYRIA SERVICE (ADULTS AND CHILDREN),NCBPS27D: SEVERE ACUTE PORPHYRIA SERVICE (ADULTS AND CHILDREN),NHS ENGLAND - SPECIALISED SERVICES,E06 - METABOLIC DISORDERS,YES,,NAME CHANGE IN 2022-23,01/04/2013,,1,RED,RED,RED,,ACUTE,
NCBPS16C,SEVERE COMBINED IMMUNODEFICIENCY AND RELATED DISORDERS SERVICE (CHILDREN),NCBPS16C: SEVERE COMBINED IMMUNODEFICIENCY AND RELATED DISORDERS SERVICE (CHILDREN),NHS ENGLAND - SPECIALISED SERVICES,F01 - BLOOD AND MARROW TRANSPLANTATION,YES,,NAME CHANGE IN 2022-23,01/04/2013,,1,RED,RED,RED,,ACUTE,
NCBPS12C,SEVERE INTESTINAL FAILURE SERVICE,NCBPS12C: SEVERE INTESTINAL FAILURE SERVICE,NHS ENGLAND - SPECIALISED SERVICES,A07 - SPECIALISED COLORECTAL SERVICES,YES,,CODE RETIRED IN 2018-19. MERGED SERVICE LINE WITH NCBPS12Z,01/04/2013,31/03/2018,0,NOT APPLICABLE,NOT APPLICABLE,NOT APPLICABLE,,ACUTE,
NCBPS12Z,SEVERE INTESTINAL FAILURE SERVICE (ADULTS),NCBPS12Z: SEVERE INTESTINAL FAILURE SERVICE (ADULTS),NHS ENGLAND - SPECIALISED SERVICES,A07 - SPECIALISED COLORECTAL SERVICES,NO,,NOT AN HSS AS PREVIOUSLY LISTED,01/04/2013,,1,AMBER,RED,RED,,ACUTE,
NCBPS12Y,SEVERE INTESTINAL FAILURE SERVICE HPN ON-COSTS (ADULTS),NCBPS12Y: SEVERE INTESTINAL FAILURE SERVICE HPN ON-COSTS (ADULTS),NHS ENGLAND - SPECIALISED SERVICES,A07 - SPECIALISED COLORECTAL SERVICES,NO,,NEW CODE FOR 2024-25,01/04/2024,,1,AMBER,RED,RED,,ACUTE,
NCBPS22H,SEVERE OBSESSIVE COMPULSIVE DISORDER AND BODY DYSMORPHIC DISORDER (CHILD),NCBPS22H: SEVERE OBSESSIVE COMPULSIVE DISORDER AND BODY DYSMORPHIC DISORDER (CHILD),NHS ENGLAND - SPECIALISED MENTAL HEALTH SERVICES,C01 - SPECIALISED MENTAL HEALTH,NO,,CODE RETIRED IN 2022-23,01/04/2019,31/03/2022,0,NOT APPLICABLE,NOT APPLICABLE,NOT APPLICABLE,,MENTAL HEALTH,
NCBPS22F,SEVERE OBSESSIVE COMPULSIVE DISORDER AND BODY DYSMORPHIC DISORDER SERVICE (ADULTS AND ADOLESCENTS),NCBPS22F: SEVERE OBSESSIVE COMPULSIVE DISORDER AND BODY DYSMORPHIC DISORDER SERVICE (ADULTS AND ADOLESCENTS),NHS ENGLAND - SPECIALISED MENTAL HEALTH SERVICES,C01 - SPECIALISED MENTAL HEALTH,NO,,NAME CHANGE IN 2022-23,01/04/2018,,1,AMBER,RED,RED,,MENTAL HEALTH,
NCBPH30Z,SEXUAL ASSAULT REFERRAL CENTRES,NCBPH30Z: SEXUAL ASSAULT REFERRAL CENTRES,NHS ENGLAND - PUBLIC HEALTH,NOT APPLICABLE,NOT APPLICABLE,NO,,01/04/2020,,1,NOT APPLICABLE,NOT APPLICABLE,NOT APPLICABLE,,NOT APPLICABLE,
NCBPH14Z,SHINGLES IMMUNISATION PROGRAMME,NCBPH14Z: SHINGLES IMMUNISATION PROGRAMME,NHS ENGLAND - PUBLIC HEALTH,NOT APPLICABLE,NOT APPLICABLE,NO,,01/04/2020,,1,NOT APPLICABLE,NOT APPLICABLE,NOT APPLICABLE,,NOT APPLICABLE,
NCBPS12D,SMALL BOWEL TRANSPLANTATION SERVICE (ADULTS AND CHILDREN),NCBPS12D: SMALL BOWEL TRANSPLANTATION SERVICE (ADULTS AND CHILDREN),NHS ENGLAND - SPECIALISED SERVICES,A07 - SPECIALISED COLORECTAL SERVICES / E03 - PAEDIATRIC MEDICINE,YES,,NAME CHANGE IN 2022-23,01/04/2013,,1,RED,RED,RED,,ACUTE,
NCBPSYYY,SPECIALISED MENTAL HEALTH SERVICES EXCEPTIONAL PACKAGES OF CARE,NCBPSYYY: SPECIALISED MENTAL HEALTH SERVICES EXCEPTIONAL PACKAGES OF CARE,NHS ENGLAND - SPECIALISED MENTAL HEALTH SERVICES,NOT APPLICABLE,NO,,,01/04/2019,,1,AMBER,RED,RED,,MENTAL HEALTH,
NCBPS04K,SPECIALISED SERVICES FOR WOMEN WITH COMPLICATIONS OF MESH INSERTED FOR URINARY INCONTINENCE AND VAGINAL PROLAPSE (16 YEARS AND ABOVE),NCBPS04K: SPECIALISED SERVICES FOR WOMEN WITH COMPLICATIONS OF MESH INSERTED FOR URINARY INCONTINENCE AND VAGINAL PROLAPSE (16 YEARS AND ABOVE),NHS ENGLAND - SPECIALISED SERVICES,E09 - SPECIALISED WOMENS SERVICES,NO,YES (APC ONLY),NEW SERVICE IN 2020-21. NAME CHANGE IN 2022-23,01/04/2020,,1,AMBER,RED,RED,,ACUTE,
NCBPS04D,SPECIALIST ADULT GYNAECOLOGICAL SURGERY SERVICES: COMPLEX URINARY INCONTINENCE AND GENITAL PROLAPSE,NCBPS04D: SPECIALIST ADULT GYNAECOLOGICAL SURGERY SERVICES: COMPLEX URINARY INCONTINENCE AND GENITAL PROLAPSE,NHS ENGLAND - SPECIALISED SERVICES,E09 - SPECIALISED WOMENS SERVICES,NO,YES (APC ONLY),NAME CHANGE IN 2022-23,01/04/2013,,1,GREEN,GREEN,GREEN,,ACUTE,
NCBPS04A,SPECIALIST ADULT GYNAECOLOGICAL SURGERY SERVICES: SEVERE ENDOMETRIOSIS,NCBPS04A: SPECIALIST ADULT GYNAECOLOGICAL SURGERY SERVICES: SEVERE ENDOMETRIOSIS,NHS ENGLAND - SPECIALISED SERVICES,E09 - SPECIALISED WOMENS SERVICES,NO,YES (APC ONLY),NAME CHANGE IN 2022-23,01/04/2013,,1,GREEN,GREEN,GREEN,,ACUTE,
NCBPS04J,SPECIALIST ADULT GYNAECOLOGICAL SURGERY SERVICES: URINARY FISTULA,NCBPS04J: SPECIALIST ADULT GYNAECOLOGICAL SURGERY SERVICES: URINARY FISTULA,NHS ENGLAND - SPECIALISED SERVICES,E09 - SPECIALISED WOMENS SERVICES,NO,YES (APC ONLY),NEW SERVICE IN 2020-21. NAME CHANGE IN 2022-23,01/04/2020,,1,RED,RED,RED,,ACUTE,
NCBPS41P,SPECIALIST ADULT UROLOGICAL SURGERY SERVICES: PENILE IMPLANTS,NCBPS41P: SPECIALIST ADULT UROLOGICAL SURGERY SERVICES: PENILE IMPLANTS,NHS ENGLAND - SPECIALISED SERVICES,B03 - SPECIALISED CANCER SURGERY,NO,YES (APC ONLY),NEW SERVICE IN 2016-17. NAME CHANGE IN 2022-23,01/04/2016,,1,GREEN,GREEN,GREEN,,ACUTE,
NCBPS41S,SPECIALIST ADULT UROLOGICAL SURGERY SERVICES: SURGICAL SPERM REMOVAL,NCBPS41S: SPECIALIST ADULT UROLOGICAL SURGERY SERVICES: SURGICAL SPERM REMOVAL,NHS ENGLAND - SPECIALISED SERVICES,B03 - SPECIALISED CANCER SURGERY,NO,YES (APC ONLY),NEW SERVICE IN 2016-17. NAME CHANGE IN 2022-23,01/04/2016,,1,GREEN,GREEN,GREEN,,ACUTE,
NCBPS41U,SPECIALIST ADULT UROLOGICAL SURGERY SERVICES: URETHRAL RECONSTRUCTION,NCBPS41U: SPECIALIST ADULT UROLOGICAL SURGERY SERVICES: URETHRAL RECONSTRUCTION,NHS ENGLAND - SPECIALISED SERVICES,B03 - SPECIALISED CANCER SURGERY,NO,YES (APC ONLY),NEW SERVICE IN 2016-17. NAME CHANGE IN 2022-23,01/04/2016,,1,GREEN,GREEN,GREEN,,ACUTE,
NCBPS17Z,SPECIALIST ALLERGY SERVICES (ADULTS AND CHILDREN),NCBPS17Z: SPECIALIST ALLERGY SERVICES (ADULTS AND CHILDREN),NHS ENGLAND - SPECIALISED SERVICES,F06 - SPECIALISED IMMUNOLOGY AND ALLERGY SERVICES / E03 - PAEDIATRIC MEDICINE,NO,YES,NAME CHANGE IN 2022-23,01/04/2013,,1,GREEN,GREEN,GREEN,,ACUTE,
NCBPS05C,SPECIALIST AUGMENTATIVE AND ALTERNATIVE COMMUNICATION AIDS (ADULTS AND CHILDREN),NCBPS05C: SPECIALIST AUGMENTATIVE AND ALTERNATIVE COMMUNICATION AIDS (ADULTS AND CHILDREN),NHS ENGLAND - SPECIALISED SERVICES,D01 - REHABILITATION AND DISABILITY,NO,,NAME CHANGE IN 2024-25,01/04/2013,,1,AMBER,GREEN,GREEN,,ACUTE,
NCBPS18E,SPECIALIST BONE AND JOINT INFECTION,NCBPS18E: SPECIALIST BONE AND JOINT INFECTION,NHS ENGLAND - SPECIALISED SERVICES,F04 - INFECTIOUS DISEASES,NO,,NEW SERVICE IN 2022-23,01/04/2022,,1,GREEN,GREEN,GREEN,,ACUTE,
NCBPS09Z,SPECIALIST BURN CARE SERVICES,NCBPS09Z: SPECIALIST BURN CARE SERVICES,NHS ENGLAND - SPECIALISED SERVICES,D02 - MAJOR TRAUMA,NO,,CODE RETIRED IN 2022-23. SERVICE LINE SPLIT INTO SEPARATE ADULT/CHILD LINES NCBPS09A AND NBCPS09C,01/04/2013,31/03/2022,0,NOT APPLICABLE,NOT APPLICABLE,NOT APPLICABLE,,ACUTE,
NCBPS09A,SPECIALIST BURN CARE SERVICES (ADULTS),NCBPS09A: SPECIALIST BURN CARE SERVICES (ADULTS),NHS ENGLAND - SPECIALISED SERVICES,D02 - MAJOR TRAUMA,NO,YES,SERVICE LINE SPLIT FROM NCBPS09Z IN 2022-23,01/04/2022,,1,RED,RED,RED,,ACUTE,
NCBPS09C,SPECIALIST BURN CARE SERVICES (CHILDREN),NCBPS09C: SPECIALIST BURN CARE SERVICES (CHILDREN),NHS ENGLAND - SPECIALISED SERVICES,D02 - MAJOR TRAUMA,NO,YES,SERVICE LINE SPLIT FROM NCBPS09Z IN 2022-23,01/04/2022,,1,RED,RED,RED,,ACUTE,
NCBPS23A,SPECIALIST CANCER SERVICES FOR CHILDREN AND YOUNG ADULTS: PAEDIATRIC CANCER,NCBPS23A: SPECIALIST CANCER SERVICES FOR CHILDREN AND YOUNG ADULTS: PAEDIATRIC CANCER,NHS ENGLAND - SPECIALISED SERVICES,B05 - CHILDREN AND YOUNG ADULT CANCER SERVICES,NO,YES,NAME CHANGE IN 2022-23,01/04/2013,,1,GREEN,GREEN,GREEN,,ACUTE,
NCBPS23A_TOP,SPECIALIST CANCER SERVICES FOR CHILDREN AND YOUNG ADULTS: PAEDIATRIC CANCER - TOP UP,NCBPS23A_TOP: SPECIALIST CANCER SERVICES FOR CHILDREN AND YOUNG ADULTS: PAEDIATRIC CANCER - TOP UP,NHS ENGLAND - SPECIALISED SERVICES,B05 - CHILDREN AND YOUNG ADULT CANCER SERVICES,NO,,FOR TOP PAYMENT IDENTIFICATION ONLY,01/04/2024,,1,BLUE,BLUE,BLUE,,ACUTE,
NCBPS01T,SPECIALIST CANCER SERVICES FOR CHILDREN AND YOUNG ADULTS: YOUNG ADULTS,NCBPS01T: SPECIALIST CANCER SERVICES FOR CHILDREN AND YOUNG ADULTS: YOUNG ADULTS,NHS ENGLAND - SPECIALISED SERVICES,B05 - CHILDREN AND YOUNG ADULT CANCER SERVICES,NO,YES,NAME CHANGE IN 2022-23,01/04/2013,,1,GREEN,GREEN,GREEN,,ACUTE,
NCBPS01T_TOP,SPECIALIST CANCER SERVICES FOR CHILDREN AND YOUNG ADULTS: YOUNG ADULTS - TOP UP,NCBPS01T_TOP: SPECIALIST CANCER SERVICES FOR CHILDREN AND YOUNG ADULTS: YOUNG ADULTS - TOP UP,NHS ENGLAND - SPECIALISED SERVICES,B05 - CHILDREN AND YOUNG ADULT CANCER SERVICES,NO,,FOR TOP PAYMENT IDENTIFICATION ONLY,01/04/2024,,1,BLUE,BLUE,BLUE,,ACUTE,
NCBPS27E,SPECIALIST CANCER SERVICES: ADRENAL CANCER (ADULTS),NCBPS27E: SPECIALIST CANCER SERVICES: ADRENAL CANCER (ADULTS),NHS ENGLAND - SPECIALISED SERVICES,A03 - SPECIALISED ENDOCRINOLOGY,NO,YES (APC ONLY),NEW SERVICE IN 2020-21. IR FOR THIS SERVICE ARRIVED TOO LATE FOR INCLUSION TO THE 2020-21 PSS TOOL. NAME CHANGE IN 2022-23,01/04/2020,,1,GREEN,GREEN,GREEN,,ACUTE,
NCBPS01J,SPECIALIST CANCER SERVICES: ANAL CANCER (ADULTS),NCBPS01J: SPECIALIST CANCER SERVICES: ANAL CANCER (ADULTS),NHS ENGLAND - SPECIALISED SERVICES,B03 - SPECIALISED CANCER SURGERY,NO,YES (APC ONLY),MORE SPECIFIC CANCER LINE DEVELOPED (SEEN IN PS 2015-16 SMT) FOR 2017-18. NAME CHANGE IN 2022-23,01/04/2017,,1,GREEN,GREEN,GREEN,,ACUTE,
NCBPS01V,SPECIALIST CANCER SERVICES: BILIARY TRACT CANCER (ADULTS),NCBPS01V: SPECIALIST CANCER SERVICES: BILIARY TRACT CANCER (ADULTS),NHS ENGLAND - SPECIALISED SERVICES,B03 - SPECIALISED CANCER SURGERY,NO,YES (APC ONLY),MORE SPECIFIC CANCER LINE DEVELOPED (SEEN IN PS 2015-16 SMT) FOR 2017-18. NAME CHANGE IN 2022-23,01/04/2017,,1,GREEN,GREEN,GREEN,,ACUTE,
NCBPS04F,SPECIALIST CANCER SERVICES: GYNAECOLOGICAL CANCER (ADULTS),NCBPS04F: SPECIALIST CANCER SERVICES: GYNAECOLOGICAL CANCER (ADULTS),NHS ENGLAND - SPECIALISED SERVICES,B03 - SPECIALISED CANCER SURGERY,NO,YES (APC ONLY),NAME CHANGE IN 2022-23,01/04/2016,,1,GREEN,GREEN,GREEN,,ACUTE,
NCBPS01M,SPECIALIST CANCER SERVICES: HEAD AND NECK CANCER (ADULTS),NCBPS01M: SPECIALIST CANCER SERVICES: HEAD AND NECK CANCER (ADULTS),NHS ENGLAND - SPECIALISED SERVICES,B03 - SPECIALISED CANCER SURGERY,NO,YES (APC ONLY),MORE SPECIFIC CANCER LINE DEVELOPED (SEEN IN PS 2015-16 SMT) FOR 2017-18. NAME CHANGE IN 2022-23,01/04/2017,,1,GREEN,GREEN,GREEN,,ACUTE,
NCBPS01M_TOP,SPECIALIST CANCER SERVICES: HEAD AND NECK CANCER (ADULTS) - TOP UP,NCBPS01M_TOP: SPECIALIST CANCER SERVICES: HEAD AND NECK CANCER (ADULTS) - TOP UP,NHS ENGLAND - SPECIALISED SERVICES,B03 - SPECIALISED CANCER SURGERY,NO,,FOR TOP PAYMENT IDENTIFICATION ONLY,01/04/2024,,1,BLUE,BLUE,BLUE,,ACUTE,
NCBPS01N,"SPECIALIST CANCER SERVICES: KIDNEY, BLADDER AND PROSTATE CANCER (ADULTS)","NCBPS01N: SPECIALIST CANCER SERVICES: KIDNEY, BLADDER AND PROSTATE CANCER (ADULTS)",NHS ENGLAND - SPECIALISED SERVICES,B03 - SPECIALISED CANCER SURGERY,NO,YES (APC ONLY),MORE SPECIFIC CANCER LINE DEVELOPED (SEEN IN PS 2015-16 SMT) FOR 2017-18. NAME CHANGE IN 2022-23,01/04/2017,,1,GREEN,GREEN,GREEN,,ACUTE,
NCBPS01W,SPECIALIST CANCER SERVICES: LIVER CANCER (ADULTS),NCBPS01W: SPECIALIST CANCER SERVICES: LIVER CANCER (ADULTS),NHS ENGLAND - SPECIALISED SERVICES,B03 - SPECIALISED CANCER SURGERY,NO,YES (APC ONLY),MORE SPECIFIC CANCER LINE DEVELOPED (SEEN IN PS 2015-16 SMT) FOR 2017-18. NAME CHANGE IN 2022-23,01/04/2017,,1,GREEN,GREEN,GREEN,,ACUTE,
NCBPS01K,SPECIALIST CANCER SERVICES: MALIGNANT MESOTHELIOMA (ADULTS),NCBPS01K: SPECIALIST CANCER SERVICES: MALIGNANT MESOTHELIOMA (ADULTS),NHS ENGLAND - SPECIALISED SERVICES,B03 - SPECIALISED CANCER SURGERY,NO,YES (APC ONLY),NAME CHANGE IN 2022-23,01/04/2016,,1,GREEN,GREEN,GREEN,,ACUTE,
NCBPS01U,SPECIALIST CANCER SERVICES: OESOPHAGEAL AND GASTRIC CANCER (ADULTS),NCBPS01U: SPECIALIST CANCER SERVICES: OESOPHAGEAL AND GASTRIC CANCER (ADULTS),NHS ENGLAND - SPECIALISED SERVICES,B03 - SPECIALISED CANCER SURGERY,NO,YES (APC ONLY),MORE SPECIFIC CANCER LINE DEVELOPED (SEEN IN PS 2015-16 SMT) FOR 2017-18. NAME CHANGE IN 2022-23,01/04/2017,,1,GREEN,GREEN,GREEN,,ACUTE,
NCBPS01U_TOP,SPECIALIST CANCER SERVICES: OESOPHAGEAL AND GASTRIC CANCER (ADULTS) - TOP UP,NCBPS01U_TOP: SPECIALIST CANCER SERVICES: OESOPHAGEAL AND GASTRIC CANCER (ADULTS) - TOP UP,NHS ENGLAND - SPECIALISED SERVICES,B03 - SPECIALISED CANCER SURGERY,NO,,FOR TOP PAYMENT IDENTIFICATION ONLY,01/04/2024,,1,BLUE,BLUE,BLUE,,ACUTE,
NCBPS01Y,SPECIALIST CANCER SERVICES: OTHER CANCERS (ADULTS),NCBPS01Y: SPECIALIST CANCER SERVICES: OTHER CANCERS (ADULTS),NHS ENGLAND - SPECIALISED SERVICES,B03 - SPECIALISED CANCER SURGERY,NO,YES,NAME CHANGE IN 2022-23,01/04/2013,,1,GREEN,GREEN,GREEN,,ACUTE,
NCBPS01Y_TOP,SPECIALIST CANCER SERVICES: OTHER CANCERS (ADULTS) - TOP UP,NCBPS01Y_TOP: SPECIALIST CANCER SERVICES: OTHER CANCERS (ADULTS) - TOP UP,NHS ENGLAND - SPECIALISED SERVICES,B03 - SPECIALISED CANCER SURGERY,NO,,FOR TOP PAYMENT IDENTIFICATION ONLY,01/04/2024,,1,BLUE,BLUE,BLUE,,ACUTE,
NCBPS19V,SPECIALIST CANCER SERVICES: PANCREATIC CANCER (ADULTS),NCBPS19V: SPECIALIST CANCER SERVICES: PANCREATIC CANCER (ADULTS),NHS ENGLAND - SPECIALISED SERVICES,B03 - SPECIALISED CANCER SURGERY,NO,YES (APC ONLY),MORE SPECIFIC CANCER LINE DEVELOPED (SEEN IN PS 2015-16 SMT) FOR 2017-18. NAME CHANGE IN 2022-23,01/04/2017,,1,GREEN,GREEN,GREEN,,ACUTE,
NCBPS19V_TOP,SPECIALIST CANCER SERVICES: PANCREATIC CANCER (ADULTS) - TOP UP,NCBPS19V_TOP: SPECIALIST CANCER SERVICES: PANCREATIC CANCER (ADULTS) - TOP UP,NHS ENGLAND - SPECIALISED SERVICES,B03 - SPECIALISED CANCER SURGERY,NO,,FOR TOP PAYMENT IDENTIFICATION ONLY,01/04/2024,,1,BLUE,BLUE,BLUE,,ACUTE,
NCBPS01X,SPECIALIST CANCER SERVICES: PENILE CANCER (ADULTS),NCBPS01X: SPECIALIST CANCER SERVICES: PENILE CANCER (ADULTS),NHS ENGLAND - SPECIALISED SERVICES,B03 - SPECIALISED CANCER SURGERY,NO,YES (APC ONLY),MORE SPECIFIC CANCER LINE DEVELOPED (SEEN IN PS 2015-16 SMT) FOR 2017-18. NAME CHANGE IN 2022-23,01/04/2017,,1,AMBER,GREEN,GREEN,,ACUTE,
NCBPS01X_TOP,SPECIALIST CANCER SERVICES: PENILE CANCER (ADULTS) - TOP UP,NCBPS01X_TOP: SPECIALIST CANCER SERVICES: PENILE CANCER (ADULTS) - TOP UP,NHS ENGLAND - SPECIALISED SERVICES,B03 - SPECIALISED CANCER SURGERY,NO,,FOR TOP PAYMENT IDENTIFICATION ONLY,01/04/2024,,1,BLUE,BLUE,BLUE,,ACUTE,
NCBPS01Q,SPECIALIST CANCER SERVICES: RARE BRAIN AND CNS CANCER (ADULTS),NCBPS01Q: SPECIALIST CANCER SERVICES: RARE BRAIN AND CNS CANCER (ADULTS),NHS ENGLAND - SPECIALISED SERVICES,B03 - SPECIALISED CANCER SURGERY,NO,YES (APC ONLY),MORE SPECIFIC CANCER LINE DEVELOPED (SEEN IN PS 2015-16 SMT) FOR 2017-18. NAME CHANGE IN 2022-23,01/04/2017,,1,GREEN,GREEN,GREEN,,ACUTE,
NCBPS24Y,SPECIALIST CANCER SERVICES: SKIN CANCER (ADULTS),NCBPS24Y: SPECIALIST CANCER SERVICES: SKIN CANCER (ADULTS),NHS ENGLAND - SPECIALISED SERVICES,B03 - SPECIALISED CANCER SURGERY,NO,YES,MORE SPECIFIC CANCER LINE DEVELOPED (SEEN IN PS 2015-16 SMT) FOR 2017-18. NAME CHANGE IN 2022-23,01/04/2017,,1,GREEN,GREEN,GREEN,,ACUTE,
NCBPS01L,SPECIALIST CANCER SERVICES: SOFT CELL CANCER (ADULTS),NCBPS01L: SPECIALIST CANCER SERVICES: SOFT CELL CANCER (ADULTS),NHS ENGLAND - SPECIALISED SERVICES,B03 - SPECIALISED CANCER SURGERY,NO,YES (APC ONLY),MOVES ACTIVITY FROM NCBPS01Y TO NCBPS01L. NAME CHANGE IN 2022-23,01/04/2016,,1,AMBER,RED,RED,,ACUTE,
NCBPS01L_TOP,SPECIALIST CANCER SERVICES: SOFT CELL CANCER (ADULTS) - TOP UP,NCBPS01L_TOP: SPECIALIST CANCER SERVICES: SOFT CELL CANCER (ADULTS) - TOP UP,NHS ENGLAND - SPECIALISED SERVICES,B03 - SPECIALISED CANCER SURGERY,NO,,FOR TOP PAYMENT IDENTIFICATION ONLY,01/04/2024,,1,BLUE,BLUE,BLUE,,ACUTE,
NCBPS01Z,SPECIALIST CANCER SERVICES: TESTICULAR CANCER (ADULTS),NCBPS01Z: SPECIALIST CANCER SERVICES: TESTICULAR CANCER (ADULTS),NHS ENGLAND - SPECIALISED SERVICES,B03 - SPECIALISED CANCER SURGERY,NO,YES (APC ONLY),MORE SPECIFIC CANCER LINE DEVELOPED (SEEN IN PS 2015-16 SMT) FOR 2017-18. NAME CHANGE IN 2022-23,01/04/2017,,1,GREEN,GREEN,GREEN,,ACUTE,
NCBPS01Z_TOP,SPECIALIST CANCER SERVICES: TESTICULAR CANCER (ADULTS) - TOP UP,NCBPS01Z_TOP: SPECIALIST CANCER SERVICES: TESTICULAR CANCER (ADULTS) - TOP UP,NHS ENGLAND - SPECIALISED SERVICES,B03 - SPECIALISED CANCER SURGERY,NO,,FOR TOP PAYMENT IDENTIFICATION ONLY,01/04/2024,,1,BLUE,BLUE,BLUE,,ACUTE,
NCBPS33B,SPECIALIST COLORECTAL SURGERY SERVICES: COMPLEX INFLAMMATORY BOWEL DISEASE (ADULTS),NCBPS33B: SPECIALIST COLORECTAL SURGERY SERVICES: COMPLEX INFLAMMATORY BOWEL DISEASE (ADULTS),NHS ENGLAND - SPECIALISED SERVICES,A07 - SPECIALISED COLORECTAL SERVICES,NO,YES (APC ONLY),NAME CHANGE IN 2022-23,01/04/2013,,1,GREEN,GREEN,GREEN,,ACUTE,
NCBPS33A,SPECIALIST COLORECTAL SURGERY SERVICES: COMPLEX SURGERY FOR INCONTINENCE (ADULTS),NCBPS33A: SPECIALIST COLORECTAL SURGERY SERVICES: COMPLEX SURGERY FOR INCONTINENCE (ADULTS),NHS ENGLAND - SPECIALISED SERVICES,A07 - SPECIALISED COLORECTAL SERVICES,NO,YES (APC ONLY),NAME CHANGE IN 2022-23,01/04/2013,,1,GREEN,GREEN,GREEN,,ACUTE,
NCBPS33R,SPECIALIST COLORECTAL SURGERY SERVICES: RECTOPEXY MESH REMOVAL (ADULTS),NCBPS33R: SPECIALIST COLORECTAL SURGERY SERVICES: RECTOPEXY MESH REMOVAL (ADULTS),NHS ENGLAND - SPECIALISED SERVICES,A07 - SPECIALISED COLORECTAL SERVICES,NO,,NEW SERVICE IN 2023-24,01/04/2023,,1,AMBER,RED,RED,,ACUTE,
NCBPS33C,SPECIALIST COLORECTAL SURGERY SERVICES: TRANSANAL ENDOSCOPIC MICROSURGERY (ADULTS),NCBPS33C: SPECIALIST COLORECTAL SURGERY SERVICES: TRANSANAL ENDOSCOPIC MICROSURGERY (ADULTS),NHS ENGLAND - SPECIALISED SERVICES,A07 - SPECIALISED COLORECTAL SERVICES,NO,YES (APC ONLY),NAME CHANGE IN 2022-23,01/04/2013,,1,GREEN,GREEN,GREEN,,ACUTE,
NCBPS33C_TOP,SPECIALIST COLORECTAL SURGERY SERVICES: TRANSANAL ENDOSCOPIC MICROSURGERY (ADULTS) - TOP UP,NCBPS33C_TOP: SPECIALIST COLORECTAL SURGERY SERVICES: TRANSANAL ENDOSCOPIC MICROSURGERY (ADULTS) - TOP UP,NHS ENGLAND - SPECIALISED SERVICES,A07 - SPECIALISED COLORECTAL SERVICES,NO,,FOR TOP PAYMENT IDENTIFICATION ONLY,01/04/2024,,1,BLUE,BLUE,BLUE,,ACUTE,
NCBPS23P,SPECIALIST DENTISTRY SERVICES FOR CHILDREN,NCBPS23P: SPECIALIST DENTISTRY SERVICES FOR CHILDREN,NHS ENGLAND - SPECIALISED SERVICES,E02 - SPECIALISED SURGERY IN CHILDREN,NO,YES,WAS LISTED AS SPECIALIST PAEDIATRIC ORAL/MAXILLOFACIAL SURGERY SERVICES FOR CHILDREN,01/04/2013,,1,GREEN,GREEN,GREEN,,ACUTE,
NCBPS23C,SPECIALIST DENTISTRY SERVICES FOR CHILDREN,NCBPS23C: SPECIALIST DENTISTRY SERVICES FOR CHILDREN,NHS ENGLAND - SPECIALISED SERVICES,E02 - SPECIALISED SURGERY IN CHILDREN,NO,,CODE RETIRED IN 2019-20. SERVICE NOW UNDER NCBPS23P,01/04/2013,31/03/2019,0,NOT APPLICABLE,NOT APPLICABLE,NOT APPLICABLE,,ACUTE,
NCBPS23P_TOP,SPECIALIST DENTISTRY SERVICES FOR CHILDREN - TOP UP,NCBPS23P_TOP: SPECIALIST DENTISTRY SERVICES FOR CHILDREN - TOP UP,NHS ENGLAND - SPECIALISED SERVICES,E02 - SPECIALISED SURGERY IN CHILDREN,NO,,FOR TOP PAYMENT IDENTIFICATION ONLY,01/04/2024,,1,BLUE,BLUE,BLUE,,ACUTE,
NCBPS24Z,SPECIALIST DERMATOLOGY SERVICES (ADULTS AND CHILDREN),NCBPS24Z: SPECIALIST DERMATOLOGY SERVICES (ADULTS AND CHILDREN),NHS ENGLAND - SPECIALISED SERVICES,A08 - SPECIALISED DERMATOLOGY,NO,YES,NAME CHANGE IN 2022-23,01/04/2013,,1,GREEN,GREEN,GREEN,,ACUTE,
NCBPS23D,"SPECIALIST EAR, NOSE AND THROAT SERVICES FOR CHILDREN","NCBPS23D: SPECIALIST EAR, NOSE AND THROAT SERVICES FOR CHILDREN",NHS ENGLAND - SPECIALISED SERVICES,D06 - SPECIALISED EAR AND OPHTHALMOLOGY SERVICES,NO,YES,,01/04/2013,,1,GREEN,GREEN,GREEN,,ACUTE,
NCBPS23D_TOP,"SPECIALIST EAR, NOSE AND THROAT SERVICES FOR CHILDREN - TOP UP","NCBPS23D_TOP: SPECIALIST EAR, NOSE AND THROAT SERVICES FOR CHILDREN - TOP UP",NHS ENGLAND - SPECIALISED SERVICES,D06 - SPECIALISED EAR AND OPHTHALMOLOGY SERVICES,NO,,FOR TOP PAYMENT IDENTIFICATION ONLY,01/04/2024,,1,BLUE,BLUE,BLUE,,ACUTE,
NCBPS23E,SPECIALIST ENDOCRINOLOGY AND DIABETES SERVICES FOR CHILDREN,NCBPS23E: SPECIALIST ENDOCRINOLOGY AND DIABETES SERVICES FOR CHILDREN,NHS ENGLAND - SPECIALISED SERVICES,E03 - PAEDIATRIC MEDICINE,NO,YES,,01/04/2013,,1,GREEN,GREEN,GREEN,,ACUTE,
NCBPS05E,SPECIALIST ENVIRONMENTAL CONTROLS (ADULTS AND CHILDREN),NCBPS05E: SPECIALIST ENVIRONMENTAL CONTROLS (ADULTS AND CHILDREN),NHS ENGLAND - SPECIALISED MENTAL HEALTH SERVICES,D01 - REHABILITATION AND DISABILITY,NO,,NAME CHANGE IN 2024-25,01/04/2013,,1,AMBER,GREEN,GREEN,,ACUTE,
NCBPS23F,"SPECIALIST GASTROENTEROLOGY, HEPATOLOGY AND NUTRITIONAL SUPPORT SERVICES FOR CHILDREN","NCBPS23F: SPECIALIST GASTROENTEROLOGY, HEPATOLOGY AND NUTRITIONAL SUPPORT SERVICES FOR CHILDREN",NHS ENGLAND - SPECIALISED SERVICES,E03 - PAEDIATRIC MEDICINE,NO,YES,,01/04/2013,,1,GREEN,GREEN,GREEN,,ACUTE,
NCBPS23F_TOP,"SPECIALIST GASTROENTEROLOGY, HEPATOLOGY AND NUTRITIONAL SUPPORT SERVICES FOR CHILDREN - TOP UP","NCBPS23F_TOP: SPECIALIST GASTROENTEROLOGY, HEPATOLOGY AND NUTRITIONAL SUPPORT SERVICES FOR CHILDREN - TOP UP",NHS ENGLAND - SPECIALISED SERVICES,E03 - PAEDIATRIC MEDICINE,NO,,FOR TOP PAYMENT IDENTIFICATION ONLY,01/04/2024,,1,BLUE,BLUE,BLUE,,ACUTE,
NCBPS23H,SPECIALIST HAEMATOLOGY SERVICES FOR CHILDREN,NCBPS23H: SPECIALIST HAEMATOLOGY SERVICES FOR CHILDREN,NHS ENGLAND - SPECIALISED SERVICES,E03 - PAEDIATRIC MEDICINE,NO,YES,,01/04/2013,,1,GREEN,GREEN,GREEN,,ACUTE,
NCBPS23H_TOP,SPECIALIST HAEMATOLOGY SERVICES FOR CHILDREN - TOP UP,NCBPS23H_TOP: SPECIALIST HAEMATOLOGY SERVICES FOR CHILDREN - TOP UP,NHS ENGLAND - SPECIALISED SERVICES,E03 - PAEDIATRIC MEDICINE,NO,,FOR TOP PAYMENT IDENTIFICATION ONLY,01/04/2024,,1,BLUE,BLUE,BLUE,,ACUTE,
NCBPS38Y,SPECIALIST HAEMOGLOBINOPATHIES TEAMS (SHTS),NCBPS38Y: SPECIALIST HAEMOGLOBINOPATHIES TEAMS (SHTS),NHS ENGLAND - SPECIALISED SERVICES,F05 - HAEMOGLOBINOPATHIES,NO,,NEW CODE FOR 2024-25,01/04/2024,,1,BLUE,BLUE,BLUE,,ACUTE,
NCBPS38S,SPECIALIST HAEMOGLOBINOPATHY SERVICES: SICKLE CELL ANAEMIA (ADULTS AND CHILDREN),NCBPS38S: SPECIALIST HAEMOGLOBINOPATHY SERVICES: SICKLE CELL ANAEMIA (ADULTS AND CHILDREN),NHS ENGLAND - SPECIALISED SERVICES,F05 - HAEMOGLOBINOPATHIES,NO,YES (APC ONLY),NAME CHANGE IN 2022-23,01/04/2013,,1,AMBER,GREEN,GREEN,,ACUTE,
NCBPS38S_TOP,SPECIALIST HAEMOGLOBINOPATHY SERVICES: SICKLE CELL ANAEMIA (ADULTS AND CHILDREN) - TOP UP,NCBPS38S_TOP: SPECIALIST HAEMOGLOBINOPATHY SERVICES: SICKLE CELL ANAEMIA (ADULTS AND CHILDREN) - TOP UP,NHS ENGLAND - SPECIALISED SERVICES,F05 - HAEMOGLOBINOPATHIES,NO,,FOR TOP PAYMENT IDENTIFICATION ONLY,01/04/2024,,1,BLUE,BLUE,BLUE,,ACUTE,
NCBPS38T,SPECIALIST HAEMOGLOBINOPATHY SERVICES: THALASSEMIA (ADULTS AND CHILDREN),NCBPS38T: SPECIALIST HAEMOGLOBINOPATHY SERVICES: THALASSEMIA (ADULTS AND CHILDREN),NHS ENGLAND - SPECIALISED SERVICES,F05 - HAEMOGLOBINOPATHIES,NO,YES (APC ONLY),NAME CHANGE IN 2022-23,01/04/2013,,1,AMBER,GREEN,GREEN,,ACUTE,
NCBPS16X,SPECIALIST IMMUNOLOGY SERVICES FOR ADULTS WITH DEFICIENT IMMUNE SYSTEMS,NCBPS16X: SPECIALIST IMMUNOLOGY SERVICES FOR ADULTS WITH DEFICIENT IMMUNE SYSTEMS,NHS ENGLAND - SPECIALISED SERVICES,F06 - SPECIALISED IMMUNOLOGY AND ALLERGY SERVICES,NO,YES,SERVICE LINE SPLIT FROM NCBPS16Z IN 2019-20,01/04/2019,,1,AMBER,GREEN,GREEN,,ACUTE,
NCBPS16Y,SPECIALIST IMMUNOLOGY SERVICES FOR CHILDREN WITH DEFICIENT IMMUNE SYSTEMS,NCBPS16Y: SPECIALIST IMMUNOLOGY SERVICES FOR CHILDREN WITH DEFICIENT IMMUNE SYSTEMS,NHS ENGLAND - SPECIALISED SERVICES,F06 - SPECIALISED IMMUNOLOGY AND ALLERGY SERVICES,NO,YES,SERVICE LINE SPLIT FROM NCBPS16Z IN 2019-20,01/04/2019,,1,AMBER,GREEN,GREEN,,ACUTE,
NCBPS16Z,SPECIALIST IMMUNOLOGY SERVICES FOR PATIENTS WITH DEFICIENT IMMUNE SYSTEMS,NCBPS16Z: SPECIALIST IMMUNOLOGY SERVICES FOR PATIENTS WITH DEFICIENT IMMUNE SYSTEMS,NHS ENGLAND - SPECIALISED SERVICES,F06 - SPECIALISED IMMUNOLOGY AND ALLERGY SERVICES,NO,,CODE RETIRED IN 2019-20. SERVICE LINE SPLIT INTO SEPARATE ADULT/CHILD LINES.,01/04/2013,31/03/2019,0,NOT APPLICABLE,NOT APPLICABLE,NOT APPLICABLE,,ACUTE,
NCBPS04G,SPECIALIST MATERNITY CARE FOR ADULTS DIAGNOSED WITH ABNORMALLY INVASIVE PLACENTA,NCBPS04G: SPECIALIST MATERNITY CARE FOR ADULTS DIAGNOSED WITH ABNORMALLY INVASIVE PLACENTA,NHS ENGLAND - SPECIALISED SERVICES,E09 - SPECIALISED WOMENS SERVICES,NO,YES (APC ONLY),NEW SERVICE IN 2019-20. NAME CHANGE IN 2022-23,01/04/2019,,1,GREEN,GREEN,GREEN,,ACUTE,
NCBPS22D,SPECIALIST MENTAL HEALTH SERVICES FOR DEAF ADULTS,NCBPS22D: SPECIALIST MENTAL HEALTH SERVICES FOR DEAF ADULTS,NHS ENGLAND - SPECIALISED MENTAL HEALTH SERVICES,C01 - SPECIALISED MENTAL HEALTH,NO,,NAME CHANGE IN 2024-25,01/04/2013,,1,AMBER,RED,RED,,MENTAL HEALTH,
NCBPS36Z,SPECIALIST METABOLIC DISORDER SERVICES (ADULTS AND CHILDREN),NCBPS36Z: SPECIALIST METABOLIC DISORDER SERVICES (ADULTS AND CHILDREN),NHS ENGLAND - SPECIALISED SERVICES,E06 - METABOLIC DISORDERS,NO,YES (Nac ONLY),NAME CHANGE IN 2022-23,01/04/2013,,1,GREEN,GREEN,GREEN,,ACUTE,
NCBPS35Z,SPECIALIST MORBID OBESITY SERVICES FOR CHILDREN,NCBPS35Z: SPECIALIST MORBID OBESITY SERVICES FOR CHILDREN,NHS ENGLAND - SPECIALISED SERVICES,E02 - SPECIALISED SURGERY IN CHILDREN,NO,YES (APC ONLY),ADULT SERVICE MOVED TO CCGS IN 2016-17,01/04/2013,,1,GREEN,GREEN,GREEN,,ACUTE,
NCBPS35Z_TOP,SPECIALIST MORBID OBESITY SERVICES FOR CHILDREN - TOP UP,NCBPS35Z_TOP: SPECIALIST MORBID OBESITY SERVICES FOR CHILDREN - TOP UP,NHS ENGLAND - SPECIALISED SERVICES,E02 - SPECIALISED SURGERY IN CHILDREN,NO,,FOR TOP PAYMENT IDENTIFICATION ONLY,01/04/2024,,1,BLUE,BLUE,BLUE,,ACUTE,
NCBPS23M,SPECIALIST NEUROSCIENCE SERVICES FOR CHILDREN,NCBPS23M: SPECIALIST NEUROSCIENCE SERVICES FOR CHILDREN,NHS ENGLAND - SPECIALISED SERVICES,E04 - PAEDIATRIC NEUROSCIENCES,NO,YES,,01/04/2013,,1,GREEN,GREEN,GREEN,,ACUTE,
NCBPS23M_TOP,SPECIALIST NEUROSCIENCE SERVICES FOR CHILDREN - TOP UP,NCBPS23M_TOP: SPECIALIST NEUROSCIENCE SERVICES FOR CHILDREN - TOP UP,NHS ENGLAND - SPECIALISED SERVICES,E04 - PAEDIATRIC NEUROSCIENCES,NO,,FOR TOP PAYMENT IDENTIFICATION ONLY,01/04/2024,,1,BLUE,BLUE,BLUE,,ACUTE,
NCBPS37D,SPECIALIST OPHTHALMOLOGY RETINAL GENE THERAPY,NCBPS37D: SPECIALIST OPHTHALMOLOGY RETINAL GENE THERAPY,NHS ENGLAND - SPECIALISED SERVICES,D06 - SPECIALISED EAR AND OPHTHALMOLOGY SERVICES,YES,,,01/04/2020,,1,RED,RED,RED,,ACUTE,
NCBPS23N,SPECIALIST OPHTHALMOLOGY SERVICES FOR CHILDREN,NCBPS23N: SPECIALIST OPHTHALMOLOGY SERVICES FOR CHILDREN,NHS ENGLAND - SPECIALISED SERVICES,D06 - SPECIALISED EAR AND OPHTHALMOLOGY SERVICES,NO,YES,,01/04/2013,,1,GREEN,GREEN,GREEN,,ACUTE,
NCBPS23N_TOP,SPECIALIST OPHTHALMOLOGY SERVICES FOR CHILDREN - TOP UP,NCBPS23N_TOP: SPECIALIST OPHTHALMOLOGY SERVICES FOR CHILDREN - TOP UP,NHS ENGLAND - SPECIALISED SERVICES,D06 - SPECIALISED EAR AND OPHTHALMOLOGY SERVICES,NO,,FOR TOP PAYMENT IDENTIFICATION ONLY,01/04/2024,,1,BLUE,BLUE,BLUE,,ACUTE,
NCBPS23Q,SPECIALIST ORTHOPAEDIC SERVICES FOR CHILDREN,NCBPS23Q: SPECIALIST ORTHOPAEDIC SERVICES FOR CHILDREN,NHS ENGLAND - SPECIALISED SERVICES,E02 - SPECIALISED SURGERY IN CHILDREN,NO,YES,,01/04/2013,,1,GREEN,GREEN,GREEN,,ACUTE,
NCBPS23Q_TOP,SPECIALIST ORTHOPAEDIC SERVICES FOR CHILDREN - TOP UP,NCBPS23Q_TOP: SPECIALIST ORTHOPAEDIC SERVICES FOR CHILDREN - TOP UP,NHS ENGLAND - SPECIALISED SERVICES,E02 - SPECIALISED SURGERY IN CHILDREN,NO,,FOR TOP PAYMENT IDENTIFICATION ONLY,01/04/2024,,1,BLUE,BLUE,BLUE,,ACUTE,
NCBPSC23,SPECIALIST PAEDIATRIC LIVER DISEASE SERVICE,NCBPSC23: SPECIALIST PAEDIATRIC LIVER DISEASE SERVICE,NHS ENGLAND - SPECIALISED SERVICES,E03 - PAEDIATRIC MEDICINE,YES,,,01/04/2013,,1,RED,RED,RED,,ACUTE,
NCBPS23X,SPECIALIST PAEDIATRIC SURGERY SERVICES,NCBPS23X: SPECIALIST PAEDIATRIC SURGERY SERVICES,NHS ENGLAND - SPECIALISED SERVICES,E02 - SPECIALISED SURGERY IN CHILDREN,NO,YES,,01/04/2013,,1,GREEN,GREEN,GREEN,,ACUTE,
NCBPS73X,SPECIALIST PAEDIATRIC SURGERY SERVICES - GYNAECOLOGY,NCBPS73X: SPECIALIST PAEDIATRIC SURGERY SERVICES - GYNAECOLOGY,NHS ENGLAND - SPECIALISED SERVICES,E02 - SPECIALISED SURGERY IN CHILDREN,NO,YES - APC & NAC,NEW CODE FOR 2024-25,01/04/2024,,1,GREEN,GREEN,GREEN,,ACUTE,
NCBPS73X_TOP,SPECIALIST PAEDIATRIC SURGERY SERVICES - GYNAECOLOGY - TOP UP,NCBPS73X_TOP: SPECIALIST PAEDIATRIC SURGERY SERVICES - GYNAECOLOGY - TOP UP,NHS ENGLAND - SPECIALISED SERVICES,E02 - SPECIALISED SURGERY IN CHILDREN,NO,,FOR TOP PAYMENT IDENTIFICATION ONLY,01/04/2024,,1,BLUE,BLUE,BLUE,,ACUTE,
NCBPS23X_TOP,SPECIALIST PAEDIATRIC SURGERY SERVICES - TOP UP,NCBPS23X_TOP: SPECIALIST PAEDIATRIC SURGERY SERVICES - TOP UP,NHS ENGLAND - SPECIALISED SERVICES,E02 - SPECIALISED SURGERY IN CHILDREN,NO,,FOR TOP PAYMENT IDENTIFICATION ONLY,01/04/2024,,1,BLUE,BLUE,BLUE,,ACUTE,
NCBPS23Z,SPECIALIST PAEDIATRIC UROLOGY SERVICES,NCBPS23Z: SPECIALIST PAEDIATRIC UROLOGY SERVICES,NHS ENGLAND - SPECIALISED SERVICES,E02 - SPECIALISED SURGERY IN CHILDREN,NO,YES,,01/04/2013,,1,GREEN,GREEN,GREEN,,ACUTE,
NCBPS23Z_TOP,SPECIALIST PAEDIATRIC UROLOGY SERVICES - TOP UP,NCBPS23Z_TOP: SPECIALIST PAEDIATRIC UROLOGY SERVICES - TOP UP,NHS ENGLAND - SPECIALISED SERVICES,E02 - SPECIALISED SURGERY IN CHILDREN,NO,,FOR TOP PAYMENT IDENTIFICATION ONLY,01/04/2024,,1,BLUE,BLUE,BLUE,,ACUTE,
NCBPS23Y,SPECIALIST PAIN MANAGEMENT SERVICES FOR CHILDREN,NCBPS23Y: SPECIALIST PAIN MANAGEMENT SERVICES FOR CHILDREN,NHS ENGLAND - SPECIALISED SERVICES,E02 - SPECIALISED SURGERY IN CHILDREN,NO,YES,NAME CHANGE IN 2022-23,01/04/2013,,1,GREEN,GREEN,GREEN,,ACUTE,
NCBPSE23,SPECIALIST PALLIATIVE CARE SERVICES FOR CHILDREN AND YOUNG ADULTS,NCBPSE23: SPECIALIST PALLIATIVE CARE SERVICES FOR CHILDREN AND YOUNG ADULTS,NHS ENGLAND - SPECIALISED SERVICES,E03 - PAEDIATRIC MEDICINE,NO,,NAME CHANGE IN 2022-23,01/04/2013,,1,GREEN,GREEN,GREEN,,ACUTE,
NCBPS22P,SPECIALIST PERINATAL MENTAL HEALTH SERVICES (ADULTS AND ADOLESCENTS),NCBPS22P: SPECIALIST PERINATAL MENTAL HEALTH SERVICES (ADULTS AND ADOLESCENTS),NHS ENGLAND - SPECIALISED MENTAL HEALTH SERVICES,C04 - PERINATAL MENTAL HEALTH,NO,,NAME CHANGE IN 2022-23,01/04/2013,,1,AMBER,GREEN,GREEN,,MENTAL HEALTH,
NCBPS23R,SPECIALIST PLASTIC SURGERY SERVICES FOR CHILDREN,NCBPS23R: SPECIALIST PLASTIC SURGERY SERVICES FOR CHILDREN,NHS ENGLAND - SPECIALISED SERVICES,E02 - SPECIALISED SURGERY IN CHILDREN,NO,YES,,01/04/2013,,1,GREEN,GREEN,GREEN,,ACUTE,
NCBPS23R_TOP,SPECIALIST PLASTIC SURGERY SERVICES FOR CHILDREN - TOP UP,NCBPS23R_TOP: SPECIALIST PLASTIC SURGERY SERVICES FOR CHILDREN - TOP UP,NHS ENGLAND - SPECIALISED SERVICES,E02 - SPECIALISED SURGERY IN CHILDREN,NO,,FOR TOP PAYMENT IDENTIFICATION ONLY,01/04/2024,,1,BLUE,BLUE,BLUE,,ACUTE,
NCBPS07Z,SPECIALIST REHABILITATION SERVICES FOR PATIENTS WITH HIGHLY COMPLEX NEEDS (ADULTS AND CHILDREN),NCBPS07Z: SPECIALIST REHABILITATION SERVICES FOR PATIENTS WITH HIGHLY COMPLEX NEEDS (ADULTS AND CHILDREN),NHS ENGLAND - SPECIALISED SERVICES,D01 - REHABILITATION AND DISABILITY,NO,,NAME CHANGE IN 2022-23,01/04/2013,,1,GREEN,GREEN,GREEN,,ACUTE,
NCBPS23S,SPECIALIST RENAL SERVICES FOR CHILDREN,NCBPS23S: SPECIALIST RENAL SERVICES FOR CHILDREN,NHS ENGLAND - SPECIALISED SERVICES,E03 - PAEDIATRIC MEDICINE,NO,YES,,01/04/2013,,1,GREEN,GREEN,GREEN,,ACUTE,
NCBPS73D,SPECIALIST RENAL SERVICES FOR CHILDREN: RENAL DIALYSIS,NCBPS73D: SPECIALIST RENAL SERVICES FOR CHILDREN: RENAL DIALYSIS,NHS ENGLAND - SPECIALISED SERVICES,E03 - PAEDIATRIC MEDICINE,NO,NO,NEW CODE FOR 2024-25 TO SEPARATE ACTIVITY FROM NCBPS23S,01/04/2024,,1,RED,RED,RED,,ACUTE,
NCBPS29R,SPECIALIST RESPIRATORY SERVICES,NCBPS29R: SPECIALIST RESPIRATORY SERVICES,NHS ENGLAND - SPECIALISED SERVICES,A01 - SPECIALISED RESPIRATORY,NO,,CODE RETIRED IN 2016-17. SERVICE MOVED TO CCGS DURING 2015-16,01/04/2013,31/03/2016,0,NOT APPLICABLE,NOT APPLICABLE,NOT APPLICABLE,,ACUTE,
NCBPS23T,SPECIALIST RESPIRATORY SERVICES FOR CHILDREN,NCBPS23T: SPECIALIST RESPIRATORY SERVICES FOR CHILDREN,NHS ENGLAND - SPECIALISED SERVICES,E03 - PAEDIATRIC MEDICINE,NO,YES,,01/04/2013,,1,GREEN,GREEN,GREEN,,ACUTE,
NCBPS23T_TOP,SPECIALIST RESPIRATORY SERVICES FOR CHILDREN - TOP UP,NCBPS23T_TOP: SPECIALIST RESPIRATORY SERVICES FOR CHILDREN - TOP UP,NHS ENGLAND - SPECIALISED SERVICES,E03 - PAEDIATRIC MEDICINE,NO,,FOR TOP PAYMENT IDENTIFICATION ONLY,01/04/2024,,1,BLUE,BLUE,BLUE,,ACUTE,
NCBPS23W,SPECIALIST RHEUMATOLOGY SERVICES FOR CHILDREN,NCBPS23W: SPECIALIST RHEUMATOLOGY SERVICES FOR CHILDREN,NHS ENGLAND - SPECIALISED SERVICES,E03 - PAEDIATRIC MEDICINE,NO,YES,,01/04/2013,,1,GREEN,GREEN,GREEN,,ACUTE,
NCBPS18A,SPECIALIST SERVICES FOR ADULTS WITH INFECTIOUS DISEASES,NCBPS18A: SPECIALIST SERVICES FOR ADULTS WITH INFECTIOUS DISEASES,NHS ENGLAND - SPECIALISED SERVICES,F04 - INFECTIOUS DISEASES,NO,YES (APC ONLY),NAME CHANGE IN 2024-25,01/04/2013,,1,GREEN,GREEN,GREEN,,ACUTE,
NCBPS18T,SPECIALIST SERVICES FOR ADULTS WITH INFECTIOUS DISEASES: TROPICAL DISEASES,NCBPS18T: SPECIALIST SERVICES FOR ADULTS WITH INFECTIOUS DISEASES: TROPICAL DISEASES,NHS ENGLAND - SPECIALISED SERVICES,F04 - INFECTIOUS DISEASES,NO,YES (APC ONLY),SERVICE LINE SPLIT FROM NCBPS18A/NCBPS18C IN 2019-20. NAME CHANGE IN 2022-23,01/04/2019,,1,AMBER,RED,RED,,ACUTE,
NCBPS18C,SPECIALIST SERVICES FOR CHILDREN WITH INFECTIOUS DISEASES,NCBPS18C: SPECIALIST SERVICES FOR CHILDREN WITH INFECTIOUS DISEASES,NHS ENGLAND - SPECIALISED SERVICES,E03 - PAEDIATRIC MEDICINE,NO,YES (APC ONLY),,01/04/2013,,1,GREEN,GREEN,GREEN,,ACUTE,
NCBPS14C,SPECIALIST SERVICES FOR CHILDREN WITH INFECTIOUS DISEASES: HIV,NCBPS14C: SPECIALIST SERVICES FOR CHILDREN WITH INFECTIOUS DISEASES: HIV,NHS ENGLAND - SPECIALISED SERVICES,F03 - HIV,NO,YES (APC ONLY),SERVICE LINE SPLIT FROM NCBPS14Z IN 2019-20,01/04/2019,,1,RED,RED,RED,,ACUTE,
NCBPS19B,SPECIALIST SERVICES FOR COMPLEX BILIARY DISEASES IN ADULTS,NCBPS19B: SPECIALIST SERVICES FOR COMPLEX BILIARY DISEASES IN ADULTS,NHS ENGLAND - SPECIALISED SERVICES,A02 - HEPATOBILIARY AND PANCREAS,NO,YES (APC ONLY),NEW CODE FOR 2024-25,01/04/2024,,1,GREEN,GREEN,GREEN,,ACUTE,
NCBPS19B_TOP,SPECIALIST SERVICES FOR COMPLEX BILIARY DISEASES IN ADULTS - TOP UP,NCBPS19B_TOP: SPECIALIST SERVICES FOR COMPLEX BILIARY DISEASES IN ADULTS - TOP UP,NHS ENGLAND - SPECIALISED SERVICES,A02 - HEPATOBILIARY AND PANCREAS,NO,,FOR TOP PAYMENT IDENTIFICATION ONLY,01/04/2024,,1,BLUE,BLUE,BLUE,,ACUTE,
NCBPS19L,SPECIALIST SERVICES FOR COMPLEX LIVER DISEASES IN ADULTS,NCBPS19L: SPECIALIST SERVICES FOR COMPLEX LIVER DISEASES IN ADULTS,NHS ENGLAND - SPECIALISED SERVICES,A02 - HEPATOBILIARY AND PANCREAS,NO,YES (APC ONLY),SERVICE LINE SPLIT FROM NCBPS19Z IN 2020-21,01/04/2020,,1,GREEN,GREEN,GREEN,,ACUTE,
NCBPS19L_TOP,SPECIALIST SERVICES FOR COMPLEX LIVER DISEASES IN ADULTS - TOP UP,NCBPS19L_TOP: SPECIALIST SERVICES FOR COMPLEX LIVER DISEASES IN ADULTS - TOP UP,NHS ENGLAND - SPECIALISED SERVICES,A02 - HEPATOBILIARY AND PANCREAS,NO,,FOR TOP PAYMENT IDENTIFICATION ONLY,01/04/2024,,1,BLUE,BLUE,BLUE,,ACUTE,
NCBPS19Z,"SPECIALIST SERVICES FOR COMPLEX LIVER, BILIARY AND PANCREATIC DISEASES IN ADULTS","NCBPS19Z: SPECIALIST SERVICES FOR COMPLEX LIVER, BILIARY AND PANCREATIC DISEASES IN ADULTS",NHS ENGLAND - SPECIALISED SERVICES,A02 - HEPATOBILIARY AND PANCREAS,NO,YES,,01/04/2013,,1,GREEN,GREEN,GREEN,,ACUTE,
NCBPS19Z_TOP,"SPECIALIST SERVICES FOR COMPLEX LIVER, BILIARY AND PANCREATIC DISEASES IN ADULTS - TOP UP","NCBPS19Z_TOP: SPECIALIST SERVICES FOR COMPLEX LIVER, BILIARY AND PANCREATIC DISEASES IN ADULTS - TOP UP",NHS ENGLAND - SPECIALISED SERVICES,A02 - HEPATOBILIARY AND PANCREAS,NO,,FOR TOP PAYMENT IDENTIFICATION ONLY,01/04/2024,,1,BLUE,BLUE,BLUE,,ACUTE,
NCBPS19P,SPECIALIST SERVICES FOR COMPLEX PANCREATIC DISEASES IN ADULTS,NCBPS19P: SPECIALIST SERVICES FOR COMPLEX PANCREATIC DISEASES IN ADULTS,NHS ENGLAND - SPECIALISED SERVICES,A02 - HEPATOBILIARY AND PANCREAS,NO,YES (APC ONLY),SERVICE LINE SPLIT FROM NCBPS19Z IN 2020-21,01/04/2020,,1,GREEN,GREEN,GREEN,,ACUTE,
NCBPS19P_TOP,SPECIALIST SERVICES FOR COMPLEX PANCREATIC DISEASES IN ADULTS - TOP UP,NCBPS19P_TOP: SPECIALIST SERVICES FOR COMPLEX PANCREATIC DISEASES IN ADULTS - TOP UP,NHS ENGLAND - SPECIALISED SERVICES,A02 - HEPATOBILIARY AND PANCREAS,NO,,FOR TOP PAYMENT IDENTIFICATION ONLY,01/04/2024,,1,BLUE,BLUE,BLUE,,ACUTE,
NCBPS03Z,SPECIALIST SERVICES FOR HAEMOPHILIA AND OTHER RELATED BLEEDING DISORDERS,NCBPS03Z: SPECIALIST SERVICES FOR HAEMOPHILIA AND OTHER RELATED BLEEDING DISORDERS,NHS ENGLAND - SPECIALISED SERVICES,F02 - SPECIALISED BLOOD DISORDERS,NO,,CODE RETIRED IN 2022-23. SERVICE LINE SPLIT INTO SEPARATE ADULT/CHILD LINES NCBPS03X AND NBCPS03Y,01/04/2013,31/03/2022,0,NOT APPLICABLE,NOT APPLICABLE,NOT APPLICABLE,,ACUTE,
NCBPS03X,SPECIALIST SERVICES FOR HAEMOPHILIA AND OTHER RELATED BLEEDING DISORDERS (ADULTS),NCBPS03X: SPECIALIST SERVICES FOR HAEMOPHILIA AND OTHER RELATED BLEEDING DISORDERS (ADULTS),NHS ENGLAND - SPECIALISED SERVICES,F02 - SPECIALISED BLOOD DISORDERS,NO,YES,SERVICE LINE SPLIT FROM NCBPS03Z IN 2022-23,01/04/2022,,1,GREEN,GREEN,GREEN,,ACUTE,
NCBPS03X_TOP,SPECIALIST SERVICES FOR HAEMOPHILIA AND OTHER RELATED BLEEDING DISORDERS (ADULTS) - TOP UP,NCBPS03X_TOP: SPECIALIST SERVICES FOR HAEMOPHILIA AND OTHER RELATED BLEEDING DISORDERS (ADULTS) - TOP UP,NHS ENGLAND - SPECIALISED SERVICES,F02 - SPECIALISED BLOOD DISORDERS,NO,,FOR TOP PAYMENT IDENTIFICATION ONLY,01/04/2024,,1,BLUE,BLUE,BLUE,,ACUTE,
NCBPS03Y,SPECIALIST SERVICES FOR HAEMOPHILIA AND OTHER RELATED BLEEDING DISORDERS (CHILRDREN),NCBPS03Y: SPECIALIST SERVICES FOR HAEMOPHILIA AND OTHER RELATED BLEEDING DISORDERS (CHILRDREN),NHS ENGLAND - SPECIALISED SERVICES,F02 - SPECIALISED BLOOD DISORDERS,NO,YES,SERVICE LINE SPLIT FROM NCBPS03Z IN 2022-23,01/04/2022,,1,GREEN,GREEN,GREEN,,ACUTE,
NCBPS03Y_TOP,SPECIALIST SERVICES FOR HAEMOPHILIA AND OTHER RELATED BLEEDING DISORDERS (CHILRDREN) - TOP UP,NCBPS03Y_TOP: SPECIALIST SERVICES FOR HAEMOPHILIA AND OTHER RELATED BLEEDING DISORDERS (CHILRDREN) - TOP UP,NHS ENGLAND - SPECIALISED SERVICES,F02 - SPECIALISED BLOOD DISORDERS,NO,,FOR TOP PAYMENT IDENTIFICATION ONLY,01/04/2024,,1,BLUE,BLUE,BLUE,,ACUTE,
NCBPS14Z,SPECIALIST SERVICES FOR PATIENTS INFECTED WITH HIV,NCBPS14Z: SPECIALIST SERVICES FOR PATIENTS INFECTED WITH HIV,NHS ENGLAND - SPECIALISED SERVICES,F03 - HIV,NO,,SERVICE LINE SPLIT INTO SEPARATE ADULT/CHILD LINES IN 2019-20,01/04/2013,31/03/2019,0,NOT APPLICABLE,NOT APPLICABLE,NOT APPLICABLE,,ACUTE,
NCBPS22T,SPECIALIST SERVICES FOR SEVERE PERSONALITY DISORDER IN ADULTS,NCBPS22T: SPECIALIST SERVICES FOR SEVERE PERSONALITY DISORDER IN ADULTS,NHS ENGLAND - SPECIALISED MENTAL HEALTH SERVICES,C01 - SPECIALISED MENTAL HEALTH,NO,,NAME CHANGE IN 2024-25,01/04/2013,,1,AMBER,RED,RED,,MENTAL HEALTH,
NCBPS05W,SPECIALIST WHEELCHAIR SERVICE,NCBPS05W: SPECIALIST WHEELCHAIR SERVICE,NHS ENGLAND - SPECIALISED SERVICES,D01 - REHABILITATION AND DISABILITY,NO,,CODE RETIRED IN 2016-17. SERVICE MOVED TO CCGS DURING 2015-16,01/04/2013,31/03/2016,0,NOT APPLICABLE,NOT APPLICABLE,NOT APPLICABLE,,ACUTE,
NCBPS06M,SPINAL CORD INJURY NETWORK,NCBPS06M: SPINAL CORD INJURY NETWORK,NHS ENGLAND - SPECIALISED SERVICES,D03 - SPINAL SERVICES,NO,,CLINICAL NETWORK CODE INTRODUCED FOR 2022-23,01/04/2022,,1,BLUE,BLUE,BLUE,,ACUTE,
NCBPS06A,SPINAL CORD INJURY SERVICES (ADULTS AND CHILDREN),NCBPS06A: SPINAL CORD INJURY SERVICES (ADULTS AND CHILDREN),NHS ENGLAND - SPECIALISED SERVICES,D03 - SPINAL SERVICES,NO,YES,NAME CHANGE IN 2022-23,01/04/2013,,1,AMBER,RED,RED,,ACUTE,
NCBPS08M,SPINAL MUSCULAR ATROPHY: GENE THERAPY,NCBPS08M: SPINAL MUSCULAR ATROPHY: GENE THERAPY,NHS ENGLAND - SPECIALISED SERVICES,E04 - PAEDIATRIC NEUROSCIENCES,NO,,NEW SERVICE IN 2020-21. NAME CHANGE IN 2022-23,01/04/2020,,1,RED,RED,RED,,ACUTE,
NCBPS06N,SPINAL SURGERY NETWORK,NCBPS06N: SPINAL SURGERY NETWORK,NHS ENGLAND - SPECIALISED SERVICES,D03 - SPINAL SERVICES,NO,,CLINICAL NETWORK CODE INTRODUCED FOR 2022-23,01/04/2022,,1,BLUE,BLUE,BLUE,,ACUTE,
NCBPSP23,STEM CELL TRANSPLANTATION SERVICE FOR JUVENILE IDIOPATHIC ARTHRITIS AND RELATED CONNECTIVE TISSUE DISORDERS (CHILDREN),NCBPSP23: STEM CELL TRANSPLANTATION SERVICE FOR JUVENILE IDIOPATHIC ARTHRITIS AND RELATED CONNECTIVE TISSUE DISORDERS (CHILDREN),NHS ENGLAND - SPECIALISED SERVICES,F01 - BLOOD AND MARROW TRANSPLANTATION,NO,,NAME CHANGE IN 2022-23,01/04/2013,,1,RED,RED,RED,,ACUTE,
NCBPS01S,STEREOTACTIC RADIOSURGERY/RADIOTHERAPY,NCBPS01S: STEREOTACTIC RADIOSURGERY/RADIOTHERAPY,NHS ENGLAND - SPECIALISED SERVICES,B03 - SPECIALISED CANCER SURGERY,NO,,ICB DELEGATION STATUS WILL PROBABLY CHANGE TO GREEN FROM 2024-25 Q3.,01/04/2013,,1,AMBER,GREEN,GREEN,,ACUTE,
NCBPS43S,STEVENS-JOHNSON SYNDROME AND TOXIC EPIDERMAL NECROLYSIS (SJS-TEN),NCBPS43S: STEVENS-JOHNSON SYNDROME AND TOXIC EPIDERMAL NECROLYSIS (SJS-TEN),NHS ENGLAND - SPECIALISED SERVICES,A08 - SPECIALISED DERMATOLOGY,YES,,NEW SERVICE IN 2020-21,01/04/2020,,1,RED,RED,RED,,ACUTE,
NCBPS20C,STICKLER SYNDROME SERVICE (ADULTS AND CHILDREN),NCBPS20C: STICKLER SYNDROME SERVICE (ADULTS AND CHILDREN),NHS ENGLAND - SPECIALISED SERVICES,E01 - MEDICAL GENETICS,YES,,NAME CHANGE IN 2022-23,01/04/2013,,1,RED,RED,RED,,ACUTE,
NCBPH12Z,TD-IPV-TEENAGE BOOSTER IMMUNISATION PROGRAMME,NCBPH12Z: TD-IPV-TEENAGE BOOSTER IMMUNISATION PROGRAMME,NHS ENGLAND - PUBLIC HEALTH,NOT APPLICABLE,NOT APPLICABLE,NO,,01/04/2020,,1,NOT APPLICABLE,NOT APPLICABLE,NOT APPLICABLE,,NOT APPLICABLE,
NCBPS61Z,TESTICULAR CANCER SURGERY (ADULTS),NCBPS61Z: TESTICULAR CANCER SURGERY (ADULTS),NHS ENGLAND - SPECIALISED SERVICES,B03 - SPECIALISED CANCER SURGERY,NO,YES (APC ONLY),NEW CODE FOR 2024-25,01/04/2024,,1,GREEN,GREEN,GREEN,,ACUTE,
NCBPS61Z_TOP,TESTICULAR CANCER SURGERY (ADULTS) - TOP UP,NCBPS61Z_TOP: TESTICULAR CANCER SURGERY (ADULTS) - TOP UP,NHS ENGLAND - SPECIALISED SERVICES,B03 - SPECIALISED CANCER SURGERY,NO,,FOR TOP PAYMENT IDENTIFICATION ONLY,01/04/2024,,1,BLUE,BLUE,BLUE,,ACUTE,
NCBPS38W,THALASSEMIA HAEMOGLOBINOPATHIES COORDINATING CENTRES (THCCS),NCBPS38W: THALASSEMIA HAEMOGLOBINOPATHIES COORDINATING CENTRES (THCCS),NHS ENGLAND - SPECIALISED SERVICES,F05 - HAEMOGLOBINOPATHIES,NO,,NEW CODE FOR 2024-25,01/04/2024,,1,BLUE,BLUE,BLUE,,ACUTE,
NCBPS03T,THROMBOTIC THROMBOCYTOPENIC PURPURA,NCBPS03T: THROMBOTIC THROMBOCYTOPENIC PURPURA,NHS ENGLAND - SPECIALISED SERVICES,F02 - SPECIALISED BLOOD DISORDERS,YES,,NEW SERVICE IN 2020-21,01/04/2020,,1,RED,RED,RED,,ACUTE,
NCBPS23V,TIER 4 CHILDREN AND YOUNG PEOPLE'S MENTAL HEALTH SERVICE (ASD),NCBPS23V: TIER 4 CHILDREN AND YOUNG PEOPLE'S MENTAL HEALTH SERVICE (ASD),NHS ENGLAND - SPECIALISED MENTAL HEALTH SERVICES,C03 - CHILD AND ADOLESCENT MENTAL HEALTH SERVICES (CAMHS),NO,,NAME CHANGE IN 2022-23,01/04/2018,,1,AMBER,GREEN,GREEN,,MENTAL HEALTH,
NCBPS24E,TIER 4 CHILDREN AND YOUNG PEOPLE'S MENTAL HEALTH SERVICE (CHILDRENS SERVICES),NCBPS24E: TIER 4 CHILDREN AND YOUNG PEOPLE'S MENTAL HEALTH SERVICE (CHILDRENS SERVICES),NHS ENGLAND - SPECIALISED MENTAL HEALTH SERVICES,C03 - CHILD AND ADOLESCENT MENTAL HEALTH SERVICES (CAMHS),NO,,EXISTING MH SERVICE BUT NEVER FORMALLY ACKNOWLEDGED. NAME CHANGE IN 2022-23,01/04/2020,,1,AMBER,RED,RED,,MENTAL HEALTH,
NCBPS22B,TIER 4 CHILDREN AND YOUNG PEOPLE'S MENTAL HEALTH SERVICE (DEAF CHILD),NCBPS22B: TIER 4 CHILDREN AND YOUNG PEOPLE'S MENTAL HEALTH SERVICE (DEAF CHILD),NHS ENGLAND - SPECIALISED MENTAL HEALTH SERVICES,C03 - CHILD AND ADOLESCENT MENTAL HEALTH SERVICES (CAMHS),NO,,NAME CHANGE IN 2022-23,01/04/2013,,1,RED,RED,RED,,MENTAL HEALTH,
NCBPS23K,TIER 4 CHILDREN AND YOUNG PEOPLE'S MENTAL HEALTH SERVICE (GENERAL ADOLESCENT INCLUDING EATING DISORDERS),NCBPS23K: TIER 4 CHILDREN AND YOUNG PEOPLE'S MENTAL HEALTH SERVICE (GENERAL ADOLESCENT INCLUDING EATING DISORDERS),NHS ENGLAND - SPECIALISED MENTAL HEALTH SERVICES,C03 - CHILD AND ADOLESCENT MENTAL HEALTH SERVICES (CAMHS),NO,,NAME CHANGE IN 2022-23,01/04/2013,,1,AMBER,GREEN,GREEN,,MENTAL HEALTH,
NCBPS23U,TIER 4 CHILDREN AND YOUNG PEOPLE'S MENTAL HEALTH SERVICE (LD),NCBPS23U: TIER 4 CHILDREN AND YOUNG PEOPLE'S MENTAL HEALTH SERVICE (LD),NHS ENGLAND - SPECIALISED MENTAL HEALTH SERVICES,C03 - CHILD AND ADOLESCENT MENTAL HEALTH SERVICES (CAMHS),NO,,NAME CHANGE IN 2022-23,01/04/2018,,1,AMBER,GREEN,GREEN,,MENTAL HEALTH,
NCBPS23L,TIER 4 CHILDREN AND YOUNG PEOPLE'S MENTAL HEALTH SERVICE (LOW SECURE),NCBPS23L: TIER 4 CHILDREN AND YOUNG PEOPLE'S MENTAL HEALTH SERVICE (LOW SECURE),NHS ENGLAND - SPECIALISED MENTAL HEALTH SERVICES,C03 - CHILD AND ADOLESCENT MENTAL HEALTH SERVICES (CAMHS),NO,,NAME CHANGE IN 2022-23,01/04/2018,,1,AMBER,GREEN,GREEN,,MENTAL HEALTH,
NCBPS22C,TIER 4 CHILDREN AND YOUNG PEOPLE'S MENTAL HEALTH SERVICE (MEDIUM SECURE),NCBPS22C: TIER 4 CHILDREN AND YOUNG PEOPLE'S MENTAL HEALTH SERVICE (MEDIUM SECURE),NHS ENGLAND - SPECIALISED MENTAL HEALTH SERVICES,C03 - CHILD AND ADOLESCENT MENTAL HEALTH SERVICES (CAMHS),NO,,NAME CHANGE IN 2022-23,01/04/2013,,1,AMBER,RED,RED,,MENTAL HEALTH,
NCBPS23O,TIER 4 CHILDREN AND YOUNG PEOPLE'S MENTAL HEALTH SERVICE (PICU),NCBPS23O: TIER 4 CHILDREN AND YOUNG PEOPLE'S MENTAL HEALTH SERVICE (PICU),NHS ENGLAND - SPECIALISED MENTAL HEALTH SERVICES,C03 - CHILD AND ADOLESCENT MENTAL HEALTH SERVICES (CAMHS),NO,,NAME CHANGE IN 2022-23,01/04/2018,,1,AMBER,GREEN,GREEN,,MENTAL HEALTH,
NCBPS24C,TIER 4 SPECIALIST SECURE FORENSIC MENTAL HEALTH SERVICES FOR YOUNG PEOPLE,NCBPS24C: TIER 4 SPECIALIST SECURE FORENSIC MENTAL HEALTH SERVICES FOR YOUNG PEOPLE,NHS ENGLAND - SPECIALISED MENTAL HEALTH SERVICES,C03 - CHILD AND ADOLESCENT MENTAL HEALTH SERVICES (CAMHS),NO,,NAME CHANGE IN 2022-23,01/04/2018,,1,AMBER,GREEN,GREEN,,MENTAL HEALTH,
NCBPS19A,TOTAL PANCREATECTOMY WITH ISLET AUTOTRANSPLANT,NCBPS19A: TOTAL PANCREATECTOMY WITH ISLET AUTOTRANSPLANT,NHS ENGLAND - SPECIALISED SERVICES,A02 - HEPATOBILIARY AND PANCREAS,YES,,NEW SERVICE IN 2019-20,01/04/2019,,1,RED,RED,RED,,ACUTE,
NCBPS08U,TRANSCRANIAL MAGNETIC RESONANCE GUIDED FOCUSED ULTRASOUND (TCMRGFUS),NCBPS08U: TRANSCRANIAL MAGNETIC RESONANCE GUIDED FOCUSED ULTRASOUND (TCMRGFUS),NHS ENGLAND - SPECIALISED SERVICES,D04 - NEUROSCIENCES,NO,,NEW SERVICE IN 2021-22,01/04/2021,,1,RED,RED,RED,,ACUTE,
NCBPS04U,UTERINE TRANSPLANTATION SERVICES (ADULTS),NCBPS04U: UTERINE TRANSPLANTATION SERVICES (ADULTS),NHS ENGLAND - SPECIALISED SERVICES,E09 - SPECIALISED WOMENS SERVICES,YES,,NEW SERVICE IN 2022-23,01/04/2022,,1,RED,RED,RED,,ACUTE,
NCBPSA23,VEIN OF GALEN MALFORMATION SERVICE (ADULTS AND CHILDREN),NCBPSA23: VEIN OF GALEN MALFORMATION SERVICE (ADULTS AND CHILDREN),NHS ENGLAND - SPECIALISED SERVICES,E04 - PAEDIATRIC NEUROSCIENCES,YES,,NAME CHANGE IN 2022-23,01/04/2013,,1,RED,RED,RED,,ACUTE,
NCBPS22X,VETERANS’ INTEGRATED MENTAL HEALTH AND WELLBEING SERVICE,NCBPS22X: VETERANS’ INTEGRATED MENTAL HEALTH AND WELLBEING SERVICE,NHS ENGLAND - SPECIALISED MENTAL HEALTH SERVICES,C01 - SPECIALISED MENTAL HEALTH,NO,,NEW CODE FOR 2022-23. COMMISSIONED BY NHS ENGLAND ARMED FORCES,01/04/2022,,1,RED,RED,RED,,MENTAL HEALTH,
NCBPS22G,VETERANS’ MENTAL HEALTH COMPLEX TREATMENT SERVICE,NCBPS22G: VETERANS’ MENTAL HEALTH COMPLEX TREATMENT SERVICE,NHS ENGLAND - SPECIALISED MENTAL HEALTH SERVICES,C01 - SPECIALISED MENTAL HEALTH,NO,,CODE RETIRED IN 2016-17. SERVICE COMMISSIONED BY NHS ENGLAND ARMED FORCES,01/04/2013,31/03/2016,0,NOT APPLICABLE,NOT APPLICABLE,NOT APPLICABLE,,MENTAL HEALTH,
NCBPS05V,VETERANS’ PROSTHETIC SERVICE,NCBPS05V: VETERANS’ PROSTHETIC SERVICE,NHS ENGLAND - SPECIALISED SERVICES,NOT APPLICABLE,NO,,NEW CODE FOR 2022-23 LINKING TO EX-NCBPS22G NOW COMMISSIONED BY NHS ENGLAND ARMED FORCES,01/04/2022,,1,RED,RED,RED,,ACUTE,
NCBPSQ23,WOLFRAM SYNDROME SERVICE (ADULTS AND CHILDREN),NCBPSQ23: WOLFRAM SYNDROME SERVICE (ADULTS AND CHILDREN),NHS ENGLAND - SPECIALISED SERVICES,E03 - PAEDIATRIC MEDICINE,YES,,NAME CHANGE IN 2022-23,01/04/2013,,1,RED,RED,RED,,ACUTE,
NCBPS22W,WOMEN'S SECURE PATHWAY TRANSFORMATION,NCBPS22W: WOMEN'S SECURE PATHWAY TRANSFORMATION,NHS ENGLAND - SPECIALISED MENTAL HEALTH SERVICES,C02 - ADULT SECURE SERVICES,NO,NO,NEW CODE FOR 2024-25,01/04/2024,,1,BLUE,BLUE,BLUE,,MENTAL HEALTH,
